ISO-10303-21;
HEADER;
FILE_DESCRIPTION(('FreeCAD Model'),'2;1');
FILE_NAME('Open CASCADE Shape Model','2025-03-22T20:55:40',('Author'),(
    ''),'Open CASCADE STEP processor 7.6','FreeCAD','Unknown');
FILE_SCHEMA(('AUTOMOTIVE_DESIGN { 1 0 10303 214 1 1 1 1 }'));
ENDSEC;
DATA;
#1 = APPLICATION_PROTOCOL_DEFINITION('international standard',
  'automotive_design',2000,#2);
#2 = APPLICATION_CONTEXT(
  'core data for automotive mechanical design processes');
#3 = SHAPE_DEFINITION_REPRESENTATION(#4,#10);
#4 = PRODUCT_DEFINITION_SHAPE('','',#5);
#5 = PRODUCT_DEFINITION('design','',#6,#9);
#6 = PRODUCT_DEFINITION_FORMATION('','',#7);
#7 = PRODUCT('Connect','Connect','',(#8));
#8 = PRODUCT_CONTEXT('',#2,'mechanical');
#9 = PRODUCT_DEFINITION_CONTEXT('part definition',#2,'design');
#10 = ADVANCED_BREP_SHAPE_REPRESENTATION('',(#11,#15),#14489);
#11 = AXIS2_PLACEMENT_3D('',#12,#13,#14);
#12 = CARTESIAN_POINT('',(0.,0.,0.));
#13 = DIRECTION('',(0.,0.,1.));
#14 = DIRECTION('',(1.,0.,-0.));
#15 = MANIFOLD_SOLID_BREP('',#16);
#16 = CLOSED_SHELL('',(#17,#106,#449,#564,#712,#822,#859,#1757,#1845,
    #1949,#2018,#2106,#2216,#2308,#2423,#2538,#2664,#2751,#2832,#2924,
    #3029,#3139,#3239,#3371,#3481,#3591,#3628,#3667,#3766,#3876,#3947,
    #4035,#4155,#4260,#4380,#4463,#4513,#4628,#4709,#4819,#4900,#5083,
    #5193,#5303,#5413,#5512,#5641,#5712,#5900,#5971,#6042,#6089,#6628,
    #6709,#6780,#6882,#6987,#7064,#7140,#7216,#7220,#7257,#7345,#7454,
    #7504,#7601,#7672,#7764,#7840,#7891,#8385,#8422,#8491,#8519,#8577,
    #8632,#8703,#8752,#8835,#8888,#8939,#9008,#9089,#9136,#9166,#9271,
    #9320,#9372,#9399,#9426,#9499,#9583,#9632,#9681,#9755,#9792,#9876,
    #9926,#9953,#9980,#10049,#10096,#10143,#10197,#10224,#10273,#10322,
    #10376,#10407,#10454,#10508,#10535,#10562,#10611,#10660,#10667,
    #10792,#10827,#10874,#10911,#10918,#10972,#10976,#11119,#11168,
    #11525,#11574,#11668,#11695,#11744,#11869,#11896,#11923,#11972,
    #12042,#12111,#12138,#12209,#12280,#12307,#12314,#12385,#12434,
    #12481,#12508,#12515,#12723,#12772,#12841,#12890,#12918,#12967,
    #12994,#13021,#13092,#13142,#13169,#13176,#13271,#13278,#13285,
    #13312,#13339,#13394,#13447,#13474,#13481,#13508,#13535,#13542,
    #13549,#13576,#13583,#13590,#13617,#13666,#13693,#13742,#13812,
    #13844,#13851,#13886,#13893,#13920,#13927,#13954,#13961,#13968,
    #13975,#13982,#14032,#14062,#14094,#14125,#14136,#14163,#14170,
    #14177,#14188,#14195,#14204,#14211,#14240,#14273,#14300,#14307,
    #14314,#14322,#14329,#14356,#14383,#14436,#14464,#14471,#14478,
    #14482));
#17 = ADVANCED_FACE('',(#18),#33,.F.);
#18 = FACE_BOUND('',#19,.F.);
#19 = EDGE_LOOP('',(#20,#51,#78,#79));
#20 = ORIENTED_EDGE('',*,*,#21,.T.);
#21 = EDGE_CURVE('',#22,#24,#26,.T.);
#22 = VERTEX_POINT('',#23);
#23 = CARTESIAN_POINT('',(19.075,24.9,28.));
#24 = VERTEX_POINT('',#25);
#25 = CARTESIAN_POINT('',(20.575,24.9,29.5));
#26 = SEAM_CURVE('',#27,(#32,#44),.PCURVE_S1.);
#27 = CIRCLE('',#28,1.5);
#28 = AXIS2_PLACEMENT_3D('',#29,#30,#31);
#29 = CARTESIAN_POINT('',(20.575,24.9,28.));
#30 = DIRECTION('',(0.,1.,7.5E-16));
#31 = DIRECTION('',(1.,1.23675E-29,-1.649E-14));
#32 = PCURVE('',#33,#38);
#33 = TOROIDAL_SURFACE('',#34,5.5,1.5);
#34 = AXIS2_PLACEMENT_3D('',#35,#36,#37);
#35 = CARTESIAN_POINT('',(15.075,24.9,28.));
#36 = DIRECTION('',(1.654E-14,-7.5E-16,1.));
#37 = DIRECTION('',(-1.,0.,1.654E-14));
#38 = DEFINITIONAL_REPRESENTATION('',(#39),#43);
#39 = LINE('',#40,#41);
#40 = CARTESIAN_POINT('',(3.14159265359,6.28318530718));
#41 = VECTOR('',#42,1.);
#42 = DIRECTION('',(0.,-1.));
#43 = ( GEOMETRIC_REPRESENTATION_CONTEXT(2) 
PARAMETRIC_REPRESENTATION_CONTEXT() REPRESENTATION_CONTEXT('2D SPACE',''
  ) );
#44 = PCURVE('',#33,#45);
#45 = DEFINITIONAL_REPRESENTATION('',(#46),#50);
#46 = LINE('',#47,#48);
#47 = CARTESIAN_POINT('',(9.424777960769,6.28318530718));
#48 = VECTOR('',#49,1.);
#49 = DIRECTION('',(0.,-1.));
#50 = ( GEOMETRIC_REPRESENTATION_CONTEXT(2) 
PARAMETRIC_REPRESENTATION_CONTEXT() REPRESENTATION_CONTEXT('2D SPACE',''
  ) );
#51 = ORIENTED_EDGE('',*,*,#52,.F.);
#52 = EDGE_CURVE('',#24,#24,#53,.T.);
#53 = SURFACE_CURVE('',#54,(#59,#66),.PCURVE_S1.);
#54 = CIRCLE('',#55,5.5);
#55 = AXIS2_PLACEMENT_3D('',#56,#57,#58);
#56 = CARTESIAN_POINT('',(15.075,24.9,29.5));
#57 = DIRECTION('',(0.,0.,-1.));
#58 = DIRECTION('',(-1.,0.,0.));
#59 = PCURVE('',#33,#60);
#60 = DEFINITIONAL_REPRESENTATION('',(#61),#65);
#61 = LINE('',#62,#63);
#62 = CARTESIAN_POINT('',(12.566370614359,1.570796326795));
#63 = VECTOR('',#64,1.);
#64 = DIRECTION('',(-1.,0.));
#65 = ( GEOMETRIC_REPRESENTATION_CONTEXT(2) 
PARAMETRIC_REPRESENTATION_CONTEXT() REPRESENTATION_CONTEXT('2D SPACE',''
  ) );
#66 = PCURVE('',#67,#72);
#67 = PLANE('',#68);
#68 = AXIS2_PLACEMENT_3D('',#69,#70,#71);
#69 = CARTESIAN_POINT('',(-45.,-6.16E-15,29.5));
#70 = DIRECTION('',(0.,0.,-1.));
#71 = DIRECTION('',(1.,0.,0.));
#72 = DEFINITIONAL_REPRESENTATION('',(#73),#77);
#73 = CIRCLE('',#74,5.5);
#74 = AXIS2_PLACEMENT_2D('',#75,#76);
#75 = CARTESIAN_POINT('',(60.075,-24.9));
#76 = DIRECTION('',(-1.,0.));
#77 = ( GEOMETRIC_REPRESENTATION_CONTEXT(2) 
PARAMETRIC_REPRESENTATION_CONTEXT() REPRESENTATION_CONTEXT('2D SPACE',''
  ) );
#78 = ORIENTED_EDGE('',*,*,#21,.F.);
#79 = ORIENTED_EDGE('',*,*,#80,.F.);
#80 = EDGE_CURVE('',#22,#22,#81,.T.);
#81 = SURFACE_CURVE('',#82,(#87,#94),.PCURVE_S1.);
#82 = CIRCLE('',#83,4.);
#83 = AXIS2_PLACEMENT_3D('',#84,#85,#86);
#84 = CARTESIAN_POINT('',(15.075,24.9,28.));
#85 = DIRECTION('',(0.,0.,1.));
#86 = DIRECTION('',(-1.,0.,0.));
#87 = PCURVE('',#33,#88);
#88 = DEFINITIONAL_REPRESENTATION('',(#89),#93);
#89 = LINE('',#90,#91);
#90 = CARTESIAN_POINT('',(0.,3.14159265359));
#91 = VECTOR('',#92,1.);
#92 = DIRECTION('',(1.,0.));
#93 = ( GEOMETRIC_REPRESENTATION_CONTEXT(2) 
PARAMETRIC_REPRESENTATION_CONTEXT() REPRESENTATION_CONTEXT('2D SPACE',''
  ) );
#94 = PCURVE('',#95,#100);
#95 = CYLINDRICAL_SURFACE('',#96,4.);
#96 = AXIS2_PLACEMENT_3D('',#97,#98,#99);
#97 = CARTESIAN_POINT('',(15.075,24.9,29.5));
#98 = DIRECTION('',(0.,0.,-1.));
#99 = DIRECTION('',(-1.,0.,0.));
#100 = DEFINITIONAL_REPRESENTATION('',(#101),#105);
#101 = LINE('',#102,#103);
#102 = CARTESIAN_POINT('',(6.28318530718,1.5));
#103 = VECTOR('',#104,1.);
#104 = DIRECTION('',(-1.,0.));
#105 = ( GEOMETRIC_REPRESENTATION_CONTEXT(2) 
PARAMETRIC_REPRESENTATION_CONTEXT() REPRESENTATION_CONTEXT('2D SPACE',''
  ) );
#106 = ADVANCED_FACE('',(#107),#121,.T.);
#107 = FACE_BOUND('',#108,.T.);
#108 = EDGE_LOOP('',(#109,#144,#173,#206,#235,#258,#286,#314,#343,#376,
    #405,#428));
#109 = ORIENTED_EDGE('',*,*,#110,.F.);
#110 = EDGE_CURVE('',#111,#113,#115,.T.);
#111 = VERTEX_POINT('',#112);
#112 = CARTESIAN_POINT('',(8.225713646421,-97.65529608449,29.5));
#113 = VERTEX_POINT('',#114);
#114 = CARTESIAN_POINT('',(9.,-97.65529608449,29.5));
#115 = SURFACE_CURVE('',#116,(#120,#132),.PCURVE_S1.);
#116 = LINE('',#117,#118);
#117 = CARTESIAN_POINT('',(-63.65,-97.65529608449,29.5));
#118 = VECTOR('',#119,1.);
#119 = DIRECTION('',(1.,0.,0.));
#120 = PCURVE('',#121,#126);
#121 = PLANE('',#122);
#122 = AXIS2_PLACEMENT_3D('',#123,#124,#125);
#123 = CARTESIAN_POINT('',(0.,-6.16E-15,29.5));
#124 = DIRECTION('',(0.,0.,-1.));
#125 = DIRECTION('',(1.,0.,0.));
#126 = DEFINITIONAL_REPRESENTATION('',(#127),#131);
#127 = LINE('',#128,#129);
#128 = CARTESIAN_POINT('',(-63.65,97.655296084497));
#129 = VECTOR('',#130,1.);
#130 = DIRECTION('',(1.,0.));
#131 = ( GEOMETRIC_REPRESENTATION_CONTEXT(2) 
PARAMETRIC_REPRESENTATION_CONTEXT() REPRESENTATION_CONTEXT('2D SPACE',''
  ) );
#132 = PCURVE('',#133,#138);
#133 = PLANE('',#134);
#134 = AXIS2_PLACEMENT_3D('',#135,#136,#137);
#135 = CARTESIAN_POINT('',(89.875,-98.30101138491,-9.271326139688E-02));
#136 = DIRECTION('',(0.,-0.99976202708,2.181488503456E-02));
#137 = DIRECTION('',(1.,0.,0.));
#138 = DEFINITIONAL_REPRESENTATION('',(#139),#143);
#139 = LINE('',#140,#141);
#140 = CARTESIAN_POINT('',(-153.525,29.599757202052));
#141 = VECTOR('',#142,1.);
#142 = DIRECTION('',(1.,0.));
#143 = ( GEOMETRIC_REPRESENTATION_CONTEXT(2) 
PARAMETRIC_REPRESENTATION_CONTEXT() REPRESENTATION_CONTEXT('2D SPACE',''
  ) );
#144 = ORIENTED_EDGE('',*,*,#145,.T.);
#145 = EDGE_CURVE('',#111,#146,#148,.T.);
#146 = VERTEX_POINT('',#147);
#147 = CARTESIAN_POINT('',(6.26869227435,-92.0302961,29.5));
#148 = SURFACE_CURVE('',#149,(#154,#161),.PCURVE_S1.);
#149 = CIRCLE('',#150,9.062383779386);
#150 = AXIS2_PLACEMENT_3D('',#151,#152,#153);
#151 = CARTESIAN_POINT('',(15.331076053736,-92.0302961,29.5));
#152 = DIRECTION('',(0.,0.,-1.));
#153 = DIRECTION('',(-0.722447606867,-0.691425668697,-0.));
#154 = PCURVE('',#121,#155);
#155 = DEFINITIONAL_REPRESENTATION('',(#156),#160);
#156 = CIRCLE('',#157,9.062383779386);
#157 = AXIS2_PLACEMENT_2D('',#158,#159);
#158 = CARTESIAN_POINT('',(15.331076053736,92.0302961));
#159 = DIRECTION('',(-0.722447606867,0.691425668697));
#160 = ( GEOMETRIC_REPRESENTATION_CONTEXT(2) 
PARAMETRIC_REPRESENTATION_CONTEXT() REPRESENTATION_CONTEXT('2D SPACE',''
  ) );
#161 = PCURVE('',#162,#167);
#162 = CYLINDRICAL_SURFACE('',#163,9.062383779386);
#163 = AXIS2_PLACEMENT_3D('',#164,#165,#166);
#164 = CARTESIAN_POINT('',(15.331076053736,-92.0302961,0.125));
#165 = DIRECTION('',(0.,0.,1.));
#166 = DIRECTION('',(-0.722447606867,-0.691425668697,0.));
#167 = DEFINITIONAL_REPRESENTATION('',(#168),#172);
#168 = LINE('',#169,#170);
#169 = CARTESIAN_POINT('',(6.28318530718,29.375));
#170 = VECTOR('',#171,1.);
#171 = DIRECTION('',(-1.,0.));
#172 = ( GEOMETRIC_REPRESENTATION_CONTEXT(2) 
PARAMETRIC_REPRESENTATION_CONTEXT() REPRESENTATION_CONTEXT('2D SPACE',''
  ) );
#173 = ORIENTED_EDGE('',*,*,#174,.T.);
#174 = EDGE_CURVE('',#146,#175,#177,.T.);
#175 = VERTEX_POINT('',#176);
#176 = CARTESIAN_POINT('',(-6.26869227435,-92.0302961,29.5));
#177 = SURFACE_CURVE('',#178,(#183,#194),.PCURVE_S1.);
#178 = CIRCLE('',#179,6.26869227435);
#179 = AXIS2_PLACEMENT_3D('',#180,#181,#182);
#180 = CARTESIAN_POINT('',(0.,-92.0302961,29.5));
#181 = DIRECTION('',(0.,0.,1.));
#182 = DIRECTION('',(-1.,0.,0.));
#183 = PCURVE('',#121,#184);
#184 = DEFINITIONAL_REPRESENTATION('',(#185),#193);
#185 = ( BOUNDED_CURVE() B_SPLINE_CURVE(2,(#186,#187,#188,#189,#190,#191
,#192),.UNSPECIFIED.,.T.,.F.) B_SPLINE_CURVE_WITH_KNOTS((1,2,2,2,2,1),(
    -2.094395102393,0.,2.094395102393,4.188790204786,6.28318530718,
8.377580409573),.UNSPECIFIED.) CURVE() GEOMETRIC_REPRESENTATION_ITEM() 
RATIONAL_B_SPLINE_CURVE((1.,0.5,1.,0.5,1.,0.5,1.)) REPRESENTATION_ITEM(
  '') );
#186 = CARTESIAN_POINT('',(-6.26869227435,92.0302961));
#187 = CARTESIAN_POINT('',(-6.26869227435,102.88798961618));
#188 = CARTESIAN_POINT('',(3.134346137175,97.459142858094));
#189 = CARTESIAN_POINT('',(12.5373845487,92.0302961));
#190 = CARTESIAN_POINT('',(3.134346137175,86.601449341906));
#191 = CARTESIAN_POINT('',(-6.26869227435,81.172602583811));
#192 = CARTESIAN_POINT('',(-6.26869227435,92.0302961));
#193 = ( GEOMETRIC_REPRESENTATION_CONTEXT(2) 
PARAMETRIC_REPRESENTATION_CONTEXT() REPRESENTATION_CONTEXT('2D SPACE',''
  ) );
#194 = PCURVE('',#195,#200);
#195 = CYLINDRICAL_SURFACE('',#196,6.26869227435);
#196 = AXIS2_PLACEMENT_3D('',#197,#198,#199);
#197 = CARTESIAN_POINT('',(0.,-92.0302961,0.125));
#198 = DIRECTION('',(0.,0.,1.));
#199 = DIRECTION('',(-1.,0.,0.));
#200 = DEFINITIONAL_REPRESENTATION('',(#201),#205);
#201 = LINE('',#202,#203);
#202 = CARTESIAN_POINT('',(0.,29.375));
#203 = VECTOR('',#204,1.);
#204 = DIRECTION('',(1.,0.));
#205 = ( GEOMETRIC_REPRESENTATION_CONTEXT(2) 
PARAMETRIC_REPRESENTATION_CONTEXT() REPRESENTATION_CONTEXT('2D SPACE',''
  ) );
#206 = ORIENTED_EDGE('',*,*,#207,.T.);
#207 = EDGE_CURVE('',#175,#208,#210,.T.);
#208 = VERTEX_POINT('',#209);
#209 = CARTESIAN_POINT('',(-8.225713646421,-97.65529608449,29.5));
#210 = SURFACE_CURVE('',#211,(#216,#223),.PCURVE_S1.);
#211 = CIRCLE('',#212,9.062383779386);
#212 = AXIS2_PLACEMENT_3D('',#213,#214,#215);
#213 = CARTESIAN_POINT('',(-15.33107605373,-92.0302961,29.5));
#214 = DIRECTION('',(0.,0.,-1.));
#215 = DIRECTION('',(1.,1.96E-15,0.));
#216 = PCURVE('',#121,#217);
#217 = DEFINITIONAL_REPRESENTATION('',(#218),#222);
#218 = CIRCLE('',#219,9.062383779386);
#219 = AXIS2_PLACEMENT_2D('',#220,#221);
#220 = CARTESIAN_POINT('',(-15.33107605373,92.0302961));
#221 = DIRECTION('',(1.,-1.96E-15));
#222 = ( GEOMETRIC_REPRESENTATION_CONTEXT(2) 
PARAMETRIC_REPRESENTATION_CONTEXT() REPRESENTATION_CONTEXT('2D SPACE',''
  ) );
#223 = PCURVE('',#224,#229);
#224 = CYLINDRICAL_SURFACE('',#225,9.062383779386);
#225 = AXIS2_PLACEMENT_3D('',#226,#227,#228);
#226 = CARTESIAN_POINT('',(-15.33107605373,-92.0302961,0.125));
#227 = DIRECTION('',(0.,0.,1.));
#228 = DIRECTION('',(1.,1.96E-15,0.));
#229 = DEFINITIONAL_REPRESENTATION('',(#230),#234);
#230 = LINE('',#231,#232);
#231 = CARTESIAN_POINT('',(6.28318530718,29.375));
#232 = VECTOR('',#233,1.);
#233 = DIRECTION('',(-1.,0.));
#234 = ( GEOMETRIC_REPRESENTATION_CONTEXT(2) 
PARAMETRIC_REPRESENTATION_CONTEXT() REPRESENTATION_CONTEXT('2D SPACE',''
  ) );
#235 = ORIENTED_EDGE('',*,*,#236,.F.);
#236 = EDGE_CURVE('',#237,#208,#239,.T.);
#237 = VERTEX_POINT('',#238);
#238 = CARTESIAN_POINT('',(-9.,-97.65529608449,29.5));
#239 = SURFACE_CURVE('',#240,(#244,#251),.PCURVE_S1.);
#240 = LINE('',#241,#242);
#241 = CARTESIAN_POINT('',(-63.65,-97.65529608449,29.5));
#242 = VECTOR('',#243,1.);
#243 = DIRECTION('',(1.,0.,0.));
#244 = PCURVE('',#121,#245);
#245 = DEFINITIONAL_REPRESENTATION('',(#246),#250);
#246 = LINE('',#247,#248);
#247 = CARTESIAN_POINT('',(-63.65,97.655296084497));
#248 = VECTOR('',#249,1.);
#249 = DIRECTION('',(1.,0.));
#250 = ( GEOMETRIC_REPRESENTATION_CONTEXT(2) 
PARAMETRIC_REPRESENTATION_CONTEXT() REPRESENTATION_CONTEXT('2D SPACE',''
  ) );
#251 = PCURVE('',#133,#252);
#252 = DEFINITIONAL_REPRESENTATION('',(#253),#257);
#253 = LINE('',#254,#255);
#254 = CARTESIAN_POINT('',(-153.525,29.599757202052));
#255 = VECTOR('',#256,1.);
#256 = DIRECTION('',(1.,0.));
#257 = ( GEOMETRIC_REPRESENTATION_CONTEXT(2) 
PARAMETRIC_REPRESENTATION_CONTEXT() REPRESENTATION_CONTEXT('2D SPACE',''
  ) );
#258 = ORIENTED_EDGE('',*,*,#259,.T.);
#259 = EDGE_CURVE('',#237,#260,#262,.T.);
#260 = VERTEX_POINT('',#261);
#261 = CARTESIAN_POINT('',(-9.,97.655296084497,29.5));
#262 = SURFACE_CURVE('',#263,(#267,#274),.PCURVE_S1.);
#263 = LINE('',#264,#265);
#264 = CARTESIAN_POINT('',(-9.,62.537187078898,29.5));
#265 = VECTOR('',#266,1.);
#266 = DIRECTION('',(0.,1.,0.));
#267 = PCURVE('',#121,#268);
#268 = DEFINITIONAL_REPRESENTATION('',(#269),#273);
#269 = LINE('',#270,#271);
#270 = CARTESIAN_POINT('',(-9.,-62.53718707889));
#271 = VECTOR('',#272,1.);
#272 = DIRECTION('',(0.,-1.));
#273 = ( GEOMETRIC_REPRESENTATION_CONTEXT(2) 
PARAMETRIC_REPRESENTATION_CONTEXT() REPRESENTATION_CONTEXT('2D SPACE',''
  ) );
#274 = PCURVE('',#275,#280);
#275 = PLANE('',#276);
#276 = AXIS2_PLACEMENT_3D('',#277,#278,#279);
#277 = CARTESIAN_POINT('',(45.,-6.16E-15,29.5));
#278 = DIRECTION('',(0.,0.,-1.));
#279 = DIRECTION('',(1.,0.,0.));
#280 = DEFINITIONAL_REPRESENTATION('',(#281),#285);
#281 = LINE('',#282,#283);
#282 = CARTESIAN_POINT('',(-54.,-62.53718707889));
#283 = VECTOR('',#284,1.);
#284 = DIRECTION('',(0.,-1.));
#285 = ( GEOMETRIC_REPRESENTATION_CONTEXT(2) 
PARAMETRIC_REPRESENTATION_CONTEXT() REPRESENTATION_CONTEXT('2D SPACE',''
  ) );
#286 = ORIENTED_EDGE('',*,*,#287,.F.);
#287 = EDGE_CURVE('',#288,#260,#290,.T.);
#288 = VERTEX_POINT('',#289);
#289 = CARTESIAN_POINT('',(-8.225713646421,97.655296084497,29.5));
#290 = SURFACE_CURVE('',#291,(#295,#302),.PCURVE_S1.);
#291 = LINE('',#292,#293);
#292 = CARTESIAN_POINT('',(63.65,97.655296084497,29.5));
#293 = VECTOR('',#294,1.);
#294 = DIRECTION('',(-1.,0.,0.));
#295 = PCURVE('',#121,#296);
#296 = DEFINITIONAL_REPRESENTATION('',(#297),#301);
#297 = LINE('',#298,#299);
#298 = CARTESIAN_POINT('',(63.65,-97.65529608449));
#299 = VECTOR('',#300,1.);
#300 = DIRECTION('',(-1.,0.));
#301 = ( GEOMETRIC_REPRESENTATION_CONTEXT(2) 
PARAMETRIC_REPRESENTATION_CONTEXT() REPRESENTATION_CONTEXT('2D SPACE',''
  ) );
#302 = PCURVE('',#303,#308);
#303 = PLANE('',#304);
#304 = AXIS2_PLACEMENT_3D('',#305,#306,#307);
#305 = CARTESIAN_POINT('',(-89.875,98.30101138491,-9.271326139688E-02));
#306 = DIRECTION('',(0.,0.99976202708,2.181488503456E-02));
#307 = DIRECTION('',(-1.,0.,0.));
#308 = DEFINITIONAL_REPRESENTATION('',(#309),#313);
#309 = LINE('',#310,#311);
#310 = CARTESIAN_POINT('',(-153.525,29.599757202052));
#311 = VECTOR('',#312,1.);
#312 = DIRECTION('',(1.,0.));
#313 = ( GEOMETRIC_REPRESENTATION_CONTEXT(2) 
PARAMETRIC_REPRESENTATION_CONTEXT() REPRESENTATION_CONTEXT('2D SPACE',''
  ) );
#314 = ORIENTED_EDGE('',*,*,#315,.T.);
#315 = EDGE_CURVE('',#288,#316,#318,.T.);
#316 = VERTEX_POINT('',#317);
#317 = CARTESIAN_POINT('',(-6.26869227435,92.0302961,29.5));
#318 = SURFACE_CURVE('',#319,(#324,#331),.PCURVE_S1.);
#319 = CIRCLE('',#320,9.062383779386);
#320 = AXIS2_PLACEMENT_3D('',#321,#322,#323);
#321 = CARTESIAN_POINT('',(-15.33107605373,92.0302961,29.5));
#322 = DIRECTION('',(0.,0.,-1.));
#323 = DIRECTION('',(0.722447606867,0.691425668697,0.));
#324 = PCURVE('',#121,#325);
#325 = DEFINITIONAL_REPRESENTATION('',(#326),#330);
#326 = CIRCLE('',#327,9.062383779386);
#327 = AXIS2_PLACEMENT_2D('',#328,#329);
#328 = CARTESIAN_POINT('',(-15.33107605373,-92.0302961));
#329 = DIRECTION('',(0.722447606867,-0.691425668697));
#330 = ( GEOMETRIC_REPRESENTATION_CONTEXT(2) 
PARAMETRIC_REPRESENTATION_CONTEXT() REPRESENTATION_CONTEXT('2D SPACE',''
  ) );
#331 = PCURVE('',#332,#337);
#332 = CYLINDRICAL_SURFACE('',#333,9.062383779386);
#333 = AXIS2_PLACEMENT_3D('',#334,#335,#336);
#334 = CARTESIAN_POINT('',(-15.33107605373,92.0302961,0.125));
#335 = DIRECTION('',(0.,0.,1.));
#336 = DIRECTION('',(0.722447606867,0.691425668697,0.));
#337 = DEFINITIONAL_REPRESENTATION('',(#338),#342);
#338 = LINE('',#339,#340);
#339 = CARTESIAN_POINT('',(6.28318530718,29.375));
#340 = VECTOR('',#341,1.);
#341 = DIRECTION('',(-1.,0.));
#342 = ( GEOMETRIC_REPRESENTATION_CONTEXT(2) 
PARAMETRIC_REPRESENTATION_CONTEXT() REPRESENTATION_CONTEXT('2D SPACE',''
  ) );
#343 = ORIENTED_EDGE('',*,*,#344,.T.);
#344 = EDGE_CURVE('',#316,#345,#347,.T.);
#345 = VERTEX_POINT('',#346);
#346 = CARTESIAN_POINT('',(6.26869227435,92.0302961,29.5));
#347 = SURFACE_CURVE('',#348,(#353,#364),.PCURVE_S1.);
#348 = CIRCLE('',#349,6.26869227435);
#349 = AXIS2_PLACEMENT_3D('',#350,#351,#352);
#350 = CARTESIAN_POINT('',(0.,92.0302961,29.5));
#351 = DIRECTION('',(0.,0.,1.));
#352 = DIRECTION('',(1.,0.,0.));
#353 = PCURVE('',#121,#354);
#354 = DEFINITIONAL_REPRESENTATION('',(#355),#363);
#355 = ( BOUNDED_CURVE() B_SPLINE_CURVE(2,(#356,#357,#358,#359,#360,#361
,#362),.UNSPECIFIED.,.T.,.F.) B_SPLINE_CURVE_WITH_KNOTS((1,2,2,2,2,1),(
    -2.094395102393,0.,2.094395102393,4.188790204786,6.28318530718,
8.377580409573),.UNSPECIFIED.) CURVE() GEOMETRIC_REPRESENTATION_ITEM() 
RATIONAL_B_SPLINE_CURVE((1.,0.5,1.,0.5,1.,0.5,1.)) REPRESENTATION_ITEM(
  '') );
#356 = CARTESIAN_POINT('',(6.26869227435,-92.0302961));
#357 = CARTESIAN_POINT('',(6.26869227435,-102.8879896161));
#358 = CARTESIAN_POINT('',(-3.134346137175,-97.45914285809));
#359 = CARTESIAN_POINT('',(-12.5373845487,-92.0302961));
#360 = CARTESIAN_POINT('',(-3.134346137175,-86.6014493419));
#361 = CARTESIAN_POINT('',(6.26869227435,-81.17260258381));
#362 = CARTESIAN_POINT('',(6.26869227435,-92.0302961));
#363 = ( GEOMETRIC_REPRESENTATION_CONTEXT(2) 
PARAMETRIC_REPRESENTATION_CONTEXT() REPRESENTATION_CONTEXT('2D SPACE',''
  ) );
#364 = PCURVE('',#365,#370);
#365 = CYLINDRICAL_SURFACE('',#366,6.26869227435);
#366 = AXIS2_PLACEMENT_3D('',#367,#368,#369);
#367 = CARTESIAN_POINT('',(0.,92.0302961,0.125));
#368 = DIRECTION('',(0.,0.,1.));
#369 = DIRECTION('',(1.,0.,0.));
#370 = DEFINITIONAL_REPRESENTATION('',(#371),#375);
#371 = LINE('',#372,#373);
#372 = CARTESIAN_POINT('',(0.,29.375));
#373 = VECTOR('',#374,1.);
#374 = DIRECTION('',(1.,0.));
#375 = ( GEOMETRIC_REPRESENTATION_CONTEXT(2) 
PARAMETRIC_REPRESENTATION_CONTEXT() REPRESENTATION_CONTEXT('2D SPACE',''
  ) );
#376 = ORIENTED_EDGE('',*,*,#377,.T.);
#377 = EDGE_CURVE('',#345,#378,#380,.T.);
#378 = VERTEX_POINT('',#379);
#379 = CARTESIAN_POINT('',(8.225713646421,97.655296084497,29.5));
#380 = SURFACE_CURVE('',#381,(#386,#393),.PCURVE_S1.);
#381 = CIRCLE('',#382,9.062383779386);
#382 = AXIS2_PLACEMENT_3D('',#383,#384,#385);
#383 = CARTESIAN_POINT('',(15.331076053736,92.0302961,29.5));
#384 = DIRECTION('',(0.,0.,-1.));
#385 = DIRECTION('',(-1.,1.96E-15,0.));
#386 = PCURVE('',#121,#387);
#387 = DEFINITIONAL_REPRESENTATION('',(#388),#392);
#388 = CIRCLE('',#389,9.062383779386);
#389 = AXIS2_PLACEMENT_2D('',#390,#391);
#390 = CARTESIAN_POINT('',(15.331076053736,-92.0302961));
#391 = DIRECTION('',(-1.,-1.96E-15));
#392 = ( GEOMETRIC_REPRESENTATION_CONTEXT(2) 
PARAMETRIC_REPRESENTATION_CONTEXT() REPRESENTATION_CONTEXT('2D SPACE',''
  ) );
#393 = PCURVE('',#394,#399);
#394 = CYLINDRICAL_SURFACE('',#395,9.062383779386);
#395 = AXIS2_PLACEMENT_3D('',#396,#397,#398);
#396 = CARTESIAN_POINT('',(15.331076053736,92.0302961,0.125));
#397 = DIRECTION('',(0.,0.,1.));
#398 = DIRECTION('',(-1.,1.96E-15,0.));
#399 = DEFINITIONAL_REPRESENTATION('',(#400),#404);
#400 = LINE('',#401,#402);
#401 = CARTESIAN_POINT('',(6.28318530718,29.375));
#402 = VECTOR('',#403,1.);
#403 = DIRECTION('',(-1.,0.));
#404 = ( GEOMETRIC_REPRESENTATION_CONTEXT(2) 
PARAMETRIC_REPRESENTATION_CONTEXT() REPRESENTATION_CONTEXT('2D SPACE',''
  ) );
#405 = ORIENTED_EDGE('',*,*,#406,.F.);
#406 = EDGE_CURVE('',#407,#378,#409,.T.);
#407 = VERTEX_POINT('',#408);
#408 = CARTESIAN_POINT('',(9.,97.655296084497,29.5));
#409 = SURFACE_CURVE('',#410,(#414,#421),.PCURVE_S1.);
#410 = LINE('',#411,#412);
#411 = CARTESIAN_POINT('',(63.65,97.655296084497,29.5));
#412 = VECTOR('',#413,1.);
#413 = DIRECTION('',(-1.,0.,0.));
#414 = PCURVE('',#121,#415);
#415 = DEFINITIONAL_REPRESENTATION('',(#416),#420);
#416 = LINE('',#417,#418);
#417 = CARTESIAN_POINT('',(63.65,-97.65529608449));
#418 = VECTOR('',#419,1.);
#419 = DIRECTION('',(-1.,0.));
#420 = ( GEOMETRIC_REPRESENTATION_CONTEXT(2) 
PARAMETRIC_REPRESENTATION_CONTEXT() REPRESENTATION_CONTEXT('2D SPACE',''
  ) );
#421 = PCURVE('',#303,#422);
#422 = DEFINITIONAL_REPRESENTATION('',(#423),#427);
#423 = LINE('',#424,#425);
#424 = CARTESIAN_POINT('',(-153.525,29.599757202052));
#425 = VECTOR('',#426,1.);
#426 = DIRECTION('',(1.,0.));
#427 = ( GEOMETRIC_REPRESENTATION_CONTEXT(2) 
PARAMETRIC_REPRESENTATION_CONTEXT() REPRESENTATION_CONTEXT('2D SPACE',''
  ) );
#428 = ORIENTED_EDGE('',*,*,#429,.F.);
#429 = EDGE_CURVE('',#113,#407,#430,.T.);
#430 = SURFACE_CURVE('',#431,(#435,#442),.PCURVE_S1.);
#431 = LINE('',#432,#433);
#432 = CARTESIAN_POINT('',(9.,-60.,29.5));
#433 = VECTOR('',#434,1.);
#434 = DIRECTION('',(0.,1.,0.));
#435 = PCURVE('',#121,#436);
#436 = DEFINITIONAL_REPRESENTATION('',(#437),#441);
#437 = LINE('',#438,#439);
#438 = CARTESIAN_POINT('',(9.,60.));
#439 = VECTOR('',#440,1.);
#440 = DIRECTION('',(0.,-1.));
#441 = ( GEOMETRIC_REPRESENTATION_CONTEXT(2) 
PARAMETRIC_REPRESENTATION_CONTEXT() REPRESENTATION_CONTEXT('2D SPACE',''
  ) );
#442 = PCURVE('',#67,#443);
#443 = DEFINITIONAL_REPRESENTATION('',(#444),#448);
#444 = LINE('',#445,#446);
#445 = CARTESIAN_POINT('',(54.,60.));
#446 = VECTOR('',#447,1.);
#447 = DIRECTION('',(0.,-1.));
#448 = ( GEOMETRIC_REPRESENTATION_CONTEXT(2) 
PARAMETRIC_REPRESENTATION_CONTEXT() REPRESENTATION_CONTEXT('2D SPACE',''
  ) );
#449 = ADVANCED_FACE('',(#450),#464,.T.);
#450 = FACE_BOUND('',#451,.T.);
#451 = EDGE_LOOP('',(#452,#482,#510,#538));
#452 = ORIENTED_EDGE('',*,*,#453,.F.);
#453 = EDGE_CURVE('',#454,#456,#458,.T.);
#454 = VERTEX_POINT('',#455);
#455 = CARTESIAN_POINT('',(-20.4,96.155296084497,29.5));
#456 = VERTEX_POINT('',#457);
#457 = CARTESIAN_POINT('',(-18.65,96.155296084497,29.5));
#458 = SURFACE_CURVE('',#459,(#463,#475),.PCURVE_S1.);
#459 = LINE('',#460,#461);
#460 = CARTESIAN_POINT('',(-20.4,96.155296084497,29.5));
#461 = VECTOR('',#462,1.);
#462 = DIRECTION('',(1.,0.,0.));
#463 = PCURVE('',#464,#469);
#464 = PLANE('',#465);
#465 = AXIS2_PLACEMENT_3D('',#466,#467,#468);
#466 = CARTESIAN_POINT('',(-18.65,96.79898837435,1.051E-14));
#467 = DIRECTION('',(2.03E-14,-0.99976202708,-2.181488503456E-02));
#468 = DIRECTION('',(-4.930380657631E-32,-2.181488503456E-02,
    0.99976202708));
#469 = DEFINITIONAL_REPRESENTATION('',(#470),#474);
#470 = LINE('',#471,#472);
#471 = CARTESIAN_POINT('',(29.507021872158,1.75));
#472 = VECTOR('',#473,1.);
#473 = DIRECTION('',(0.,-1.));
#474 = ( GEOMETRIC_REPRESENTATION_CONTEXT(2) 
PARAMETRIC_REPRESENTATION_CONTEXT() REPRESENTATION_CONTEXT('2D SPACE',''
  ) );
#475 = PCURVE('',#275,#476);
#476 = DEFINITIONAL_REPRESENTATION('',(#477),#481);
#477 = LINE('',#478,#479);
#478 = CARTESIAN_POINT('',(-65.4,-96.15529608449));
#479 = VECTOR('',#480,1.);
#480 = DIRECTION('',(1.,0.));
#481 = ( GEOMETRIC_REPRESENTATION_CONTEXT(2) 
PARAMETRIC_REPRESENTATION_CONTEXT() REPRESENTATION_CONTEXT('2D SPACE',''
  ) );
#482 = ORIENTED_EDGE('',*,*,#483,.F.);
#483 = EDGE_CURVE('',#484,#454,#486,.T.);
#484 = VERTEX_POINT('',#485);
#485 = CARTESIAN_POINT('',(-20.4,96.79898837435,1.1E-14));
#486 = SURFACE_CURVE('',#487,(#491,#498),.PCURVE_S1.);
#487 = LINE('',#488,#489);
#488 = CARTESIAN_POINT('',(-20.4,96.79898837435,1.051E-14));
#489 = VECTOR('',#490,1.);
#490 = DIRECTION('',(0.,-2.181488503456E-02,0.99976202708));
#491 = PCURVE('',#464,#492);
#492 = DEFINITIONAL_REPRESENTATION('',(#493),#497);
#493 = LINE('',#494,#495);
#494 = CARTESIAN_POINT('',(-1.547730443668E-16,1.75));
#495 = VECTOR('',#496,1.);
#496 = DIRECTION('',(1.,-9.860761315263E-32));
#497 = ( GEOMETRIC_REPRESENTATION_CONTEXT(2) 
PARAMETRIC_REPRESENTATION_CONTEXT() REPRESENTATION_CONTEXT('2D SPACE',''
  ) );
#498 = PCURVE('',#499,#504);
#499 = PLANE('',#500);
#500 = AXIS2_PLACEMENT_3D('',#501,#502,#503);
#501 = CARTESIAN_POINT('',(-20.4,96.79898837435,1.051E-14));
#502 = DIRECTION('',(-1.,0.,0.));
#503 = DIRECTION('',(0.,0.,1.));
#504 = DEFINITIONAL_REPRESENTATION('',(#505),#509);
#505 = LINE('',#506,#507);
#506 = CARTESIAN_POINT('',(0.,0.));
#507 = VECTOR('',#508,1.);
#508 = DIRECTION('',(0.99976202708,-2.181488503456E-02));
#509 = ( GEOMETRIC_REPRESENTATION_CONTEXT(2) 
PARAMETRIC_REPRESENTATION_CONTEXT() REPRESENTATION_CONTEXT('2D SPACE',''
  ) );
#510 = ORIENTED_EDGE('',*,*,#511,.T.);
#511 = EDGE_CURVE('',#484,#512,#514,.T.);
#512 = VERTEX_POINT('',#513);
#513 = CARTESIAN_POINT('',(-18.65,96.79898837435,1.1E-14));
#514 = SURFACE_CURVE('',#515,(#519,#526),.PCURVE_S1.);
#515 = LINE('',#516,#517);
#516 = CARTESIAN_POINT('',(-20.4,96.79898837435,1.051E-14));
#517 = VECTOR('',#518,1.);
#518 = DIRECTION('',(1.,0.,0.));
#519 = PCURVE('',#464,#520);
#520 = DEFINITIONAL_REPRESENTATION('',(#521),#525);
#521 = LINE('',#522,#523);
#522 = CARTESIAN_POINT('',(-1.547730443668E-16,1.75));
#523 = VECTOR('',#524,1.);
#524 = DIRECTION('',(0.,-1.));
#525 = ( GEOMETRIC_REPRESENTATION_CONTEXT(2) 
PARAMETRIC_REPRESENTATION_CONTEXT() REPRESENTATION_CONTEXT('2D SPACE',''
  ) );
#526 = PCURVE('',#527,#532);
#527 = PLANE('',#528);
#528 = AXIS2_PLACEMENT_3D('',#529,#530,#531);
#529 = CARTESIAN_POINT('',(45.,-1.375,0.));
#530 = DIRECTION('',(0.,0.,-1.));
#531 = DIRECTION('',(-1.,0.,0.));
#532 = DEFINITIONAL_REPRESENTATION('',(#533),#537);
#533 = LINE('',#534,#535);
#534 = CARTESIAN_POINT('',(65.4,98.17398837435));
#535 = VECTOR('',#536,1.);
#536 = DIRECTION('',(-1.,0.));
#537 = ( GEOMETRIC_REPRESENTATION_CONTEXT(2) 
PARAMETRIC_REPRESENTATION_CONTEXT() REPRESENTATION_CONTEXT('2D SPACE',''
  ) );
#538 = ORIENTED_EDGE('',*,*,#539,.T.);
#539 = EDGE_CURVE('',#512,#456,#540,.T.);
#540 = SURFACE_CURVE('',#541,(#545,#552),.PCURVE_S1.);
#541 = LINE('',#542,#543);
#542 = CARTESIAN_POINT('',(-18.65,96.79898837435,1.051E-14));
#543 = VECTOR('',#544,1.);
#544 = DIRECTION('',(0.,-2.181488503456E-02,0.99976202708));
#545 = PCURVE('',#464,#546);
#546 = DEFINITIONAL_REPRESENTATION('',(#547),#551);
#547 = LINE('',#548,#549);
#548 = CARTESIAN_POINT('',(0.,-0.));
#549 = VECTOR('',#550,1.);
#550 = DIRECTION('',(1.,-9.860761315263E-32));
#551 = ( GEOMETRIC_REPRESENTATION_CONTEXT(2) 
PARAMETRIC_REPRESENTATION_CONTEXT() REPRESENTATION_CONTEXT('2D SPACE',''
  ) );
#552 = PCURVE('',#553,#558);
#553 = PLANE('',#554);
#554 = AXIS2_PLACEMENT_3D('',#555,#556,#557);
#555 = CARTESIAN_POINT('',(-18.65,98.29898837435,1.051E-14));
#556 = DIRECTION('',(1.,0.,0.));
#557 = DIRECTION('',(0.,0.,-1.));
#558 = DEFINITIONAL_REPRESENTATION('',(#559),#563);
#559 = LINE('',#560,#561);
#560 = CARTESIAN_POINT('',(0.,-1.5));
#561 = VECTOR('',#562,1.);
#562 = DIRECTION('',(-0.99976202708,-2.181488503456E-02));
#563 = ( GEOMETRIC_REPRESENTATION_CONTEXT(2) 
PARAMETRIC_REPRESENTATION_CONTEXT() REPRESENTATION_CONTEXT('2D SPACE',''
  ) );
#564 = ADVANCED_FACE('',(#565),#579,.T.);
#565 = FACE_BOUND('',#566,.T.);
#566 = EDGE_LOOP('',(#567,#602,#630,#658,#686));
#567 = ORIENTED_EDGE('',*,*,#568,.T.);
#568 = EDGE_CURVE('',#569,#571,#573,.T.);
#569 = VERTEX_POINT('',#570);
#570 = CARTESIAN_POINT('',(41.05,-97.45,27.902633583067));
#571 = VERTEX_POINT('',#572);
#572 = CARTESIAN_POINT('',(41.066172188769,-97.46245932745,
    27.902633583067));
#573 = SURFACE_CURVE('',#574,(#578,#590),.PCURVE_S1.);
#574 = LINE('',#575,#576);
#575 = CARTESIAN_POINT('',(41.623141991835,-97.89155827383,
    27.902633583067));
#576 = VECTOR('',#577,1.);
#577 = DIRECTION('',(0.792169681219,-0.61030090624,0.));
#578 = PCURVE('',#579,#584);
#579 = PLANE('',#580);
#580 = AXIS2_PLACEMENT_3D('',#581,#582,#583);
#581 = CARTESIAN_POINT('',(41.05,-97.45,29.5));
#582 = DIRECTION('',(0.61030090624,0.792169681219,0.));
#583 = DIRECTION('',(0.792169681219,-0.61030090624,0.));
#584 = DEFINITIONAL_REPRESENTATION('',(#585),#589);
#585 = LINE('',#586,#587);
#586 = CARTESIAN_POINT('',(0.723509123643,1.597366416933));
#587 = VECTOR('',#588,1.);
#588 = DIRECTION('',(1.,0.));
#589 = ( GEOMETRIC_REPRESENTATION_CONTEXT(2) 
PARAMETRIC_REPRESENTATION_CONTEXT() REPRESENTATION_CONTEXT('2D SPACE',''
  ) );
#590 = PCURVE('',#591,#596);
#591 = PLANE('',#592);
#592 = AXIS2_PLACEMENT_3D('',#593,#594,#595);
#593 = CARTESIAN_POINT('',(41.066172188769,-99.8,27.902633583067));
#594 = DIRECTION('',(0.,0.,-1.));
#595 = DIRECTION('',(-1.,0.,0.));
#596 = DEFINITIONAL_REPRESENTATION('',(#597),#601);
#597 = LINE('',#598,#599);
#598 = CARTESIAN_POINT('',(-0.556969803066,1.908441726167));
#599 = VECTOR('',#600,1.);
#600 = DIRECTION('',(-0.792169681219,-0.61030090624));
#601 = ( GEOMETRIC_REPRESENTATION_CONTEXT(2) 
PARAMETRIC_REPRESENTATION_CONTEXT() REPRESENTATION_CONTEXT('2D SPACE',''
  ) );
#602 = ORIENTED_EDGE('',*,*,#603,.T.);
#603 = EDGE_CURVE('',#571,#604,#606,.T.);
#604 = VERTEX_POINT('',#605);
#605 = CARTESIAN_POINT('',(43.125484564793,-99.04898837435,29.5));
#606 = SURFACE_CURVE('',#607,(#611,#618),.PCURVE_S1.);
#607 = LINE('',#608,#609);
#608 = CARTESIAN_POINT('',(42.503957094958,-98.57015311078,
    29.017893876095));
#609 = VECTOR('',#610,1.);
#610 = DIRECTION('',(0.674933346593,-0.519980053319,0.523531968276));
#611 = PCURVE('',#579,#612);
#612 = DEFINITIONAL_REPRESENTATION('',(#613),#617);
#613 = LINE('',#614,#615);
#614 = CARTESIAN_POINT('',(1.83541118706,0.482106123905));
#615 = VECTOR('',#616,1.);
#616 = DIRECTION('',(0.852006031782,-0.523531968276));
#617 = ( GEOMETRIC_REPRESENTATION_CONTEXT(2) 
PARAMETRIC_REPRESENTATION_CONTEXT() REPRESENTATION_CONTEXT('2D SPACE',''
  ) );
#618 = PCURVE('',#619,#624);
#619 = PLANE('',#620);
#620 = AXIS2_PLACEMENT_3D('',#621,#622,#623);
#621 = CARTESIAN_POINT('',(43.125484564793,-99.8,29.5));
#622 = DIRECTION('',(0.612907053653,0.,-0.790155012376));
#623 = DIRECTION('',(-0.790155012376,0.,-0.612907053653));
#624 = DEFINITIONAL_REPRESENTATION('',(#625),#629);
#625 = LINE('',#626,#627);
#626 = CARTESIAN_POINT('',(0.78658928957,1.229846889214));
#627 = VECTOR('',#628,1.);
#628 = DIRECTION('',(-0.854178402999,-0.519980053319));
#629 = ( GEOMETRIC_REPRESENTATION_CONTEXT(2) 
PARAMETRIC_REPRESENTATION_CONTEXT() REPRESENTATION_CONTEXT('2D SPACE',''
  ) );
#630 = ORIENTED_EDGE('',*,*,#631,.T.);
#631 = EDGE_CURVE('',#604,#632,#634,.T.);
#632 = VERTEX_POINT('',#633);
#633 = CARTESIAN_POINT('',(43.125484564793,-99.04898837435,0.));
#634 = SURFACE_CURVE('',#635,(#639,#646),.PCURVE_S1.);
#635 = LINE('',#636,#637);
#636 = CARTESIAN_POINT('',(43.125484564793,-99.04898837435,29.5));
#637 = VECTOR('',#638,1.);
#638 = DIRECTION('',(0.,0.,-1.));
#639 = PCURVE('',#579,#640);
#640 = DEFINITIONAL_REPRESENTATION('',(#641),#645);
#641 = LINE('',#642,#643);
#642 = CARTESIAN_POINT('',(2.62,0.));
#643 = VECTOR('',#644,1.);
#644 = DIRECTION('',(0.,1.));
#645 = ( GEOMETRIC_REPRESENTATION_CONTEXT(2) 
PARAMETRIC_REPRESENTATION_CONTEXT() REPRESENTATION_CONTEXT('2D SPACE',''
  ) );
#646 = PCURVE('',#647,#652);
#647 = PLANE('',#648);
#648 = AXIS2_PLACEMENT_3D('',#649,#650,#651);
#649 = CARTESIAN_POINT('',(43.125,-99.04898837435,0.));
#650 = DIRECTION('',(-3.045E-14,-1.,0.));
#651 = DIRECTION('',(1.,-3.045E-14,0.));
#652 = DEFINITIONAL_REPRESENTATION('',(#653),#657);
#653 = LINE('',#654,#655);
#654 = CARTESIAN_POINT('',(4.845647927993E-04,29.5));
#655 = VECTOR('',#656,1.);
#656 = DIRECTION('',(0.,-1.));
#657 = ( GEOMETRIC_REPRESENTATION_CONTEXT(2) 
PARAMETRIC_REPRESENTATION_CONTEXT() REPRESENTATION_CONTEXT('2D SPACE',''
  ) );
#658 = ORIENTED_EDGE('',*,*,#659,.F.);
#659 = EDGE_CURVE('',#660,#632,#662,.T.);
#660 = VERTEX_POINT('',#661);
#661 = CARTESIAN_POINT('',(41.05,-97.45,0.));
#662 = SURFACE_CURVE('',#663,(#667,#674),.PCURVE_S1.);
#663 = LINE('',#664,#665);
#664 = CARTESIAN_POINT('',(41.05,-97.45,0.));
#665 = VECTOR('',#666,1.);
#666 = DIRECTION('',(0.792169681219,-0.61030090624,0.));
#667 = PCURVE('',#579,#668);
#668 = DEFINITIONAL_REPRESENTATION('',(#669),#673);
#669 = LINE('',#670,#671);
#670 = CARTESIAN_POINT('',(0.,29.5));
#671 = VECTOR('',#672,1.);
#672 = DIRECTION('',(1.,0.));
#673 = ( GEOMETRIC_REPRESENTATION_CONTEXT(2) 
PARAMETRIC_REPRESENTATION_CONTEXT() REPRESENTATION_CONTEXT('2D SPACE',''
  ) );
#674 = PCURVE('',#675,#680);
#675 = PLANE('',#676);
#676 = AXIS2_PLACEMENT_3D('',#677,#678,#679);
#677 = CARTESIAN_POINT('',(-45.,-1.375,0.));
#678 = DIRECTION('',(0.,0.,-1.));
#679 = DIRECTION('',(-1.,0.,0.));
#680 = DEFINITIONAL_REPRESENTATION('',(#681),#685);
#681 = LINE('',#682,#683);
#682 = CARTESIAN_POINT('',(-86.05,-96.075));
#683 = VECTOR('',#684,1.);
#684 = DIRECTION('',(-0.792169681219,-0.61030090624));
#685 = ( GEOMETRIC_REPRESENTATION_CONTEXT(2) 
PARAMETRIC_REPRESENTATION_CONTEXT() REPRESENTATION_CONTEXT('2D SPACE',''
  ) );
#686 = ORIENTED_EDGE('',*,*,#687,.F.);
#687 = EDGE_CURVE('',#569,#660,#688,.T.);
#688 = SURFACE_CURVE('',#689,(#693,#700),.PCURVE_S1.);
#689 = LINE('',#690,#691);
#690 = CARTESIAN_POINT('',(41.05,-97.45,29.5));
#691 = VECTOR('',#692,1.);
#692 = DIRECTION('',(0.,0.,-1.));
#693 = PCURVE('',#579,#694);
#694 = DEFINITIONAL_REPRESENTATION('',(#695),#699);
#695 = LINE('',#696,#697);
#696 = CARTESIAN_POINT('',(0.,0.));
#697 = VECTOR('',#698,1.);
#698 = DIRECTION('',(0.,1.));
#699 = ( GEOMETRIC_REPRESENTATION_CONTEXT(2) 
PARAMETRIC_REPRESENTATION_CONTEXT() REPRESENTATION_CONTEXT('2D SPACE',''
  ) );
#700 = PCURVE('',#701,#706);
#701 = PLANE('',#702);
#702 = AXIS2_PLACEMENT_3D('',#703,#704,#705);
#703 = CARTESIAN_POINT('',(40.55,-97.45,29.5));
#704 = DIRECTION('',(0.,1.,0.));
#705 = DIRECTION('',(1.,0.,0.));
#706 = DEFINITIONAL_REPRESENTATION('',(#707),#711);
#707 = LINE('',#708,#709);
#708 = CARTESIAN_POINT('',(0.5,0.));
#709 = VECTOR('',#710,1.);
#710 = DIRECTION('',(0.,1.));
#711 = ( GEOMETRIC_REPRESENTATION_CONTEXT(2) 
PARAMETRIC_REPRESENTATION_CONTEXT() REPRESENTATION_CONTEXT('2D SPACE',''
  ) );
#712 = ADVANCED_FACE('',(#713),#727,.T.);
#713 = FACE_BOUND('',#714,.T.);
#714 = EDGE_LOOP('',(#715,#745,#773,#796));
#715 = ORIENTED_EDGE('',*,*,#716,.F.);
#716 = EDGE_CURVE('',#717,#719,#721,.T.);
#717 = VERTEX_POINT('',#718);
#718 = CARTESIAN_POINT('',(-24.2,96.155296084497,29.5));
#719 = VERTEX_POINT('',#720);
#720 = CARTESIAN_POINT('',(-22.45,96.155296084497,29.5));
#721 = SURFACE_CURVE('',#722,(#726,#738),.PCURVE_S1.);
#722 = LINE('',#723,#724);
#723 = CARTESIAN_POINT('',(-24.2,96.155296084497,29.5));
#724 = VECTOR('',#725,1.);
#725 = DIRECTION('',(1.,0.,0.));
#726 = PCURVE('',#727,#732);
#727 = PLANE('',#728);
#728 = AXIS2_PLACEMENT_3D('',#729,#730,#731);
#729 = CARTESIAN_POINT('',(-22.45,96.79898837435,1.051E-14));
#730 = DIRECTION('',(2.03E-14,-0.99976202708,-2.181488503456E-02));
#731 = DIRECTION('',(-4.930380657631E-32,-2.181488503456E-02,
    0.99976202708));
#732 = DEFINITIONAL_REPRESENTATION('',(#733),#737);
#733 = LINE('',#734,#735);
#734 = CARTESIAN_POINT('',(29.507021872158,1.75));
#735 = VECTOR('',#736,1.);
#736 = DIRECTION('',(0.,-1.));
#737 = ( GEOMETRIC_REPRESENTATION_CONTEXT(2) 
PARAMETRIC_REPRESENTATION_CONTEXT() REPRESENTATION_CONTEXT('2D SPACE',''
  ) );
#738 = PCURVE('',#275,#739);
#739 = DEFINITIONAL_REPRESENTATION('',(#740),#744);
#740 = LINE('',#741,#742);
#741 = CARTESIAN_POINT('',(-69.2,-96.15529608449));
#742 = VECTOR('',#743,1.);
#743 = DIRECTION('',(1.,0.));
#744 = ( GEOMETRIC_REPRESENTATION_CONTEXT(2) 
PARAMETRIC_REPRESENTATION_CONTEXT() REPRESENTATION_CONTEXT('2D SPACE',''
  ) );
#745 = ORIENTED_EDGE('',*,*,#746,.F.);
#746 = EDGE_CURVE('',#747,#717,#749,.T.);
#747 = VERTEX_POINT('',#748);
#748 = CARTESIAN_POINT('',(-24.2,96.79898837435,1.1E-14));
#749 = SURFACE_CURVE('',#750,(#754,#761),.PCURVE_S1.);
#750 = LINE('',#751,#752);
#751 = CARTESIAN_POINT('',(-24.2,96.79898837435,1.051E-14));
#752 = VECTOR('',#753,1.);
#753 = DIRECTION('',(0.,-2.181488503456E-02,0.99976202708));
#754 = PCURVE('',#727,#755);
#755 = DEFINITIONAL_REPRESENTATION('',(#756),#760);
#756 = LINE('',#757,#758);
#757 = CARTESIAN_POINT('',(-1.547730443668E-16,1.75));
#758 = VECTOR('',#759,1.);
#759 = DIRECTION('',(1.,-9.860761315263E-32));
#760 = ( GEOMETRIC_REPRESENTATION_CONTEXT(2) 
PARAMETRIC_REPRESENTATION_CONTEXT() REPRESENTATION_CONTEXT('2D SPACE',''
  ) );
#761 = PCURVE('',#762,#767);
#762 = PLANE('',#763);
#763 = AXIS2_PLACEMENT_3D('',#764,#765,#766);
#764 = CARTESIAN_POINT('',(-24.2,96.79898837435,1.051E-14));
#765 = DIRECTION('',(-1.,0.,0.));
#766 = DIRECTION('',(0.,0.,1.));
#767 = DEFINITIONAL_REPRESENTATION('',(#768),#772);
#768 = LINE('',#769,#770);
#769 = CARTESIAN_POINT('',(0.,0.));
#770 = VECTOR('',#771,1.);
#771 = DIRECTION('',(0.99976202708,-2.181488503456E-02));
#772 = ( GEOMETRIC_REPRESENTATION_CONTEXT(2) 
PARAMETRIC_REPRESENTATION_CONTEXT() REPRESENTATION_CONTEXT('2D SPACE',''
  ) );
#773 = ORIENTED_EDGE('',*,*,#774,.T.);
#774 = EDGE_CURVE('',#747,#775,#777,.T.);
#775 = VERTEX_POINT('',#776);
#776 = CARTESIAN_POINT('',(-22.45,96.79898837435,1.1E-14));
#777 = SURFACE_CURVE('',#778,(#782,#789),.PCURVE_S1.);
#778 = LINE('',#779,#780);
#779 = CARTESIAN_POINT('',(-24.2,96.79898837435,1.051E-14));
#780 = VECTOR('',#781,1.);
#781 = DIRECTION('',(1.,0.,0.));
#782 = PCURVE('',#727,#783);
#783 = DEFINITIONAL_REPRESENTATION('',(#784),#788);
#784 = LINE('',#785,#786);
#785 = CARTESIAN_POINT('',(-1.547730443668E-16,1.75));
#786 = VECTOR('',#787,1.);
#787 = DIRECTION('',(0.,-1.));
#788 = ( GEOMETRIC_REPRESENTATION_CONTEXT(2) 
PARAMETRIC_REPRESENTATION_CONTEXT() REPRESENTATION_CONTEXT('2D SPACE',''
  ) );
#789 = PCURVE('',#527,#790);
#790 = DEFINITIONAL_REPRESENTATION('',(#791),#795);
#791 = LINE('',#792,#793);
#792 = CARTESIAN_POINT('',(69.2,98.17398837435));
#793 = VECTOR('',#794,1.);
#794 = DIRECTION('',(-1.,0.));
#795 = ( GEOMETRIC_REPRESENTATION_CONTEXT(2) 
PARAMETRIC_REPRESENTATION_CONTEXT() REPRESENTATION_CONTEXT('2D SPACE',''
  ) );
#796 = ORIENTED_EDGE('',*,*,#797,.T.);
#797 = EDGE_CURVE('',#775,#719,#798,.T.);
#798 = SURFACE_CURVE('',#799,(#803,#810),.PCURVE_S1.);
#799 = LINE('',#800,#801);
#800 = CARTESIAN_POINT('',(-22.45,96.79898837435,1.051E-14));
#801 = VECTOR('',#802,1.);
#802 = DIRECTION('',(0.,-2.181488503456E-02,0.99976202708));
#803 = PCURVE('',#727,#804);
#804 = DEFINITIONAL_REPRESENTATION('',(#805),#809);
#805 = LINE('',#806,#807);
#806 = CARTESIAN_POINT('',(0.,-0.));
#807 = VECTOR('',#808,1.);
#808 = DIRECTION('',(1.,-9.860761315263E-32));
#809 = ( GEOMETRIC_REPRESENTATION_CONTEXT(2) 
PARAMETRIC_REPRESENTATION_CONTEXT() REPRESENTATION_CONTEXT('2D SPACE',''
  ) );
#810 = PCURVE('',#811,#816);
#811 = PLANE('',#812);
#812 = AXIS2_PLACEMENT_3D('',#813,#814,#815);
#813 = CARTESIAN_POINT('',(-22.45,98.29898837435,1.051E-14));
#814 = DIRECTION('',(1.,0.,0.));
#815 = DIRECTION('',(0.,0.,-1.));
#816 = DEFINITIONAL_REPRESENTATION('',(#817),#821);
#817 = LINE('',#818,#819);
#818 = CARTESIAN_POINT('',(0.,-1.5));
#819 = VECTOR('',#820,1.);
#820 = DIRECTION('',(-0.99976202708,-2.181488503456E-02));
#821 = ( GEOMETRIC_REPRESENTATION_CONTEXT(2) 
PARAMETRIC_REPRESENTATION_CONTEXT() REPRESENTATION_CONTEXT('2D SPACE',''
  ) );
#822 = ADVANCED_FACE('',(#823),#836,.F.);
#823 = FACE_BOUND('',#824,.T.);
#824 = EDGE_LOOP('',(#825));
#825 = ORIENTED_EDGE('',*,*,#826,.F.);
#826 = EDGE_CURVE('',#827,#827,#829,.T.);
#827 = VERTEX_POINT('',#828);
#828 = CARTESIAN_POINT('',(-12.725,74.9,30.35));
#829 = SURFACE_CURVE('',#830,(#835,#847),.PCURVE_S1.);
#830 = CIRCLE('',#831,2.35);
#831 = AXIS2_PLACEMENT_3D('',#832,#833,#834);
#832 = CARTESIAN_POINT('',(-15.075,74.9,30.35));
#833 = DIRECTION('',(0.,0.,1.));
#834 = DIRECTION('',(-1.,0.,0.));
#835 = PCURVE('',#836,#841);
#836 = PLANE('',#837);
#837 = AXIS2_PLACEMENT_3D('',#838,#839,#840);
#838 = CARTESIAN_POINT('',(-15.075,74.9,30.35));
#839 = DIRECTION('',(0.,0.,1.));
#840 = DIRECTION('',(-1.,0.,0.));
#841 = DEFINITIONAL_REPRESENTATION('',(#842),#846);
#842 = CIRCLE('',#843,2.35);
#843 = AXIS2_PLACEMENT_2D('',#844,#845);
#844 = CARTESIAN_POINT('',(0.,0.));
#845 = DIRECTION('',(1.,0.));
#846 = ( GEOMETRIC_REPRESENTATION_CONTEXT(2) 
PARAMETRIC_REPRESENTATION_CONTEXT() REPRESENTATION_CONTEXT('2D SPACE',''
  ) );
#847 = PCURVE('',#848,#853);
#848 = CYLINDRICAL_SURFACE('',#849,2.35);
#849 = AXIS2_PLACEMENT_3D('',#850,#851,#852);
#850 = CARTESIAN_POINT('',(-15.075,74.9,28.));
#851 = DIRECTION('',(0.,0.,1.));
#852 = DIRECTION('',(-1.,0.,0.));
#853 = DEFINITIONAL_REPRESENTATION('',(#854),#858);
#854 = LINE('',#855,#856);
#855 = CARTESIAN_POINT('',(0.,2.35));
#856 = VECTOR('',#857,1.);
#857 = DIRECTION('',(1.,0.));
#858 = ( GEOMETRIC_REPRESENTATION_CONTEXT(2) 
PARAMETRIC_REPRESENTATION_CONTEXT() REPRESENTATION_CONTEXT('2D SPACE',''
  ) );
#859 = ADVANCED_FACE('',(#860),#875,.T.);
#860 = FACE_BOUND('',#861,.T.);
#861 = EDGE_LOOP('',(#862,#924,#952,#980,#1008,#1036,#1064,#1092,#1120,
    #1148,#1176,#1204,#1232,#1260,#1288,#1316,#1344,#1372,#1400,#1428,
    #1456,#1484,#1512,#1540,#1568,#1596,#1624,#1652,#1680,#1708,#1731));
#862 = ORIENTED_EDGE('',*,*,#863,.F.);
#863 = EDGE_CURVE('',#864,#866,#868,.T.);
#864 = VERTEX_POINT('',#865);
#865 = CARTESIAN_POINT('',(-44.875,-100.5504759458,0.));
#866 = VERTEX_POINT('',#867);
#867 = CARTESIAN_POINT('',(-42.87547594584,-102.55,0.));
#868 = SURFACE_CURVE('',#869,(#874,#890),.PCURVE_S1.);
#869 = ELLIPSE('',#870,2.000952004996,2.);
#870 = AXIS2_PLACEMENT_3D('',#871,#872,#873);
#871 = CARTESIAN_POINT('',(-42.87452394087,-100.5495239408,0.));
#872 = DIRECTION('',(0.,0.,1.));
#873 = DIRECTION('',(-0.707106781187,-0.707106781187,0.));
#874 = PCURVE('',#875,#880);
#875 = PLANE('',#876);
#876 = AXIS2_PLACEMENT_3D('',#877,#878,#879);
#877 = CARTESIAN_POINT('',(45.,-1.375,0.));
#878 = DIRECTION('',(0.,0.,-1.));
#879 = DIRECTION('',(-1.,0.,0.));
#880 = DEFINITIONAL_REPRESENTATION('',(#881),#889);
#881 = ( BOUNDED_CURVE() B_SPLINE_CURVE(2,(#882,#883,#884,#885,#886,#887
,#888),.UNSPECIFIED.,.T.,.F.) B_SPLINE_CURVE_WITH_KNOTS((1,2,2,2,2,1),(
    -2.094395102393,0.,2.094395102393,4.188790204786,6.28318530718,
8.377580409573),.UNSPECIFIED.) CURVE() GEOMETRIC_REPRESENTATION_ITEM() 
RATIONAL_B_SPLINE_CURVE((1.,0.5,1.,0.5,1.,0.5,1.)) REPRESENTATION_ITEM(
  '') );
#882 = CARTESIAN_POINT('',(89.289410672432,-100.5894106724));
#883 = CARTESIAN_POINT('',(86.839920929649,-103.0389004152));
#884 = CARTESIAN_POINT('',(85.942335703698,-99.69182544648));
#885 = CARTESIAN_POINT('',(85.044750477747,-96.34475047774));
#886 = CARTESIAN_POINT('',(88.391825446481,-97.24233570369));
#887 = CARTESIAN_POINT('',(91.738900415216,-98.13992092965));
#888 = CARTESIAN_POINT('',(89.289410672432,-100.5894106724));
#889 = ( GEOMETRIC_REPRESENTATION_CONTEXT(2) 
PARAMETRIC_REPRESENTATION_CONTEXT() REPRESENTATION_CONTEXT('2D SPACE',''
  ) );
#890 = PCURVE('',#891,#896);
#891 = CYLINDRICAL_SURFACE('',#892,2.);
#892 = AXIS2_PLACEMENT_3D('',#893,#894,#895);
#893 = CARTESIAN_POINT('',(-42.78489762195,-100.4598976219,
    4.107516044188));
#894 = DIRECTION('',(2.180969615229E-02,2.180969615229E-02,
    0.999524223972));
#895 = DIRECTION('',(-0.706770356731,-0.706770356731,3.084356808981E-02)
  );
#896 = DEFINITIONAL_REPRESENTATION('',(#897),#923);
#897 = B_SPLINE_CURVE_WITH_KNOTS('',3,(#898,#899,#900,#901,#902,#903,
    #904,#905,#906,#907,#908,#909,#910,#911,#912,#913,#914,#915,#916,
    #917,#918,#919,#920,#921,#922),.UNSPECIFIED.,.F.,.F.,(4,1,1,1,1,1,1,
    1,1,1,1,1,1,1,1,1,1,1,1,1,1,1,4),(5.498025088395,5.569403290103,
    5.640781491811,5.712159693518,5.783537895226,5.854916096934,
    5.926294298641,5.997672500349,6.069050702057,6.140428903764,
    6.211807105472,6.283185307179,6.354563508887,6.425941710595,
    6.497319912302,6.56869811401,6.640076315718,6.711454517425,
    6.782832719133,6.854210920841,6.925589122548,6.996967324256,
    7.068345525963),.QUASI_UNIFORM_KNOTS.);
#898 = CARTESIAN_POINT('',(5.498025088396,-4.153121770035));
#899 = CARTESIAN_POINT('',(5.521817822298,-4.154159943634));
#900 = CARTESIAN_POINT('',(5.569403290103,-4.156161774238));
#901 = CARTESIAN_POINT('',(5.640781491811,-4.158927024379));
#902 = CARTESIAN_POINT('',(5.712159693519,-4.161440335533));
#903 = CARTESIAN_POINT('',(5.783537895226,-4.16368900484));
#904 = CARTESIAN_POINT('',(5.854916096934,-4.165661554641));
#905 = CARTESIAN_POINT('',(5.926294298641,-4.1673479463));
#906 = CARTESIAN_POINT('',(5.997672500349,-4.168739589696));
#907 = CARTESIAN_POINT('',(6.069050702057,-4.169829398126));
#908 = CARTESIAN_POINT('',(6.140428903764,-4.170611821405));
#909 = CARTESIAN_POINT('',(6.211807105472,-4.171082874935));
#910 = CARTESIAN_POINT('',(6.28318530718,-4.171240159778));
#911 = CARTESIAN_POINT('',(6.354563508887,-4.171082874935));
#912 = CARTESIAN_POINT('',(6.425941710595,-4.170611821405));
#913 = CARTESIAN_POINT('',(6.497319912303,-4.169829398126));
#914 = CARTESIAN_POINT('',(6.56869811401,-4.168739589696));
#915 = CARTESIAN_POINT('',(6.640076315718,-4.1673479463));
#916 = CARTESIAN_POINT('',(6.711454517425,-4.165661554641));
#917 = CARTESIAN_POINT('',(6.782832719133,-4.16368900484));
#918 = CARTESIAN_POINT('',(6.854210920841,-4.161440335533));
#919 = CARTESIAN_POINT('',(6.925589122548,-4.158927024379));
#920 = CARTESIAN_POINT('',(6.996967324256,-4.156161774238));
#921 = CARTESIAN_POINT('',(7.044552792061,-4.154159943634));
#922 = CARTESIAN_POINT('',(7.068345525963,-4.153121770035));
#923 = ( GEOMETRIC_REPRESENTATION_CONTEXT(2) 
PARAMETRIC_REPRESENTATION_CONTEXT() REPRESENTATION_CONTEXT('2D SPACE',''
  ) );
#924 = ORIENTED_EDGE('',*,*,#925,.T.);
#925 = EDGE_CURVE('',#864,#926,#928,.T.);
#926 = VERTEX_POINT('',#927);
#927 = CARTESIAN_POINT('',(-44.875,-99.04898837435,0.));
#928 = SURFACE_CURVE('',#929,(#933,#940),.PCURVE_S1.);
#929 = LINE('',#930,#931);
#930 = CARTESIAN_POINT('',(-44.875,-100.5504759458,0.));
#931 = VECTOR('',#932,1.);
#932 = DIRECTION('',(0.,1.,0.));
#933 = PCURVE('',#875,#934);
#934 = DEFINITIONAL_REPRESENTATION('',(#935),#939);
#935 = LINE('',#936,#937);
#936 = CARTESIAN_POINT('',(89.875,-99.17547594584));
#937 = VECTOR('',#938,1.);
#938 = DIRECTION('',(0.,1.));
#939 = ( GEOMETRIC_REPRESENTATION_CONTEXT(2) 
PARAMETRIC_REPRESENTATION_CONTEXT() REPRESENTATION_CONTEXT('2D SPACE',''
  ) );
#940 = PCURVE('',#941,#946);
#941 = PLANE('',#942);
#942 = AXIS2_PLACEMENT_3D('',#943,#944,#945);
#943 = CARTESIAN_POINT('',(-44.875,102.55,0.));
#944 = DIRECTION('',(0.99976202708,9.E-17,-2.181488503456E-02));
#945 = DIRECTION('',(-9.002141246601E-17,1.,4.672216703809E-22));
#946 = DEFINITIONAL_REPRESENTATION('',(#947),#951);
#947 = LINE('',#948,#949);
#948 = CARTESIAN_POINT('',(-203.1004759458,-3.324033002541E-16));
#949 = VECTOR('',#950,1.);
#950 = DIRECTION('',(1.,1.96333965311E-18));
#951 = ( GEOMETRIC_REPRESENTATION_CONTEXT(2) 
PARAMETRIC_REPRESENTATION_CONTEXT() REPRESENTATION_CONTEXT('2D SPACE',''
  ) );
#952 = ORIENTED_EDGE('',*,*,#953,.F.);
#953 = EDGE_CURVE('',#954,#926,#956,.T.);
#954 = VERTEX_POINT('',#955);
#955 = CARTESIAN_POINT('',(-43.12548456479,-99.04898837435,0.));
#956 = SURFACE_CURVE('',#957,(#961,#968),.PCURVE_S1.);
#957 = LINE('',#958,#959);
#958 = CARTESIAN_POINT('',(-43.125,-99.04898837435,-4.44E-15));
#959 = VECTOR('',#960,1.);
#960 = DIRECTION('',(-1.,0.,0.));
#961 = PCURVE('',#875,#962);
#962 = DEFINITIONAL_REPRESENTATION('',(#963),#967);
#963 = LINE('',#964,#965);
#964 = CARTESIAN_POINT('',(88.125,-97.67398837435));
#965 = VECTOR('',#966,1.);
#966 = DIRECTION('',(1.,0.));
#967 = ( GEOMETRIC_REPRESENTATION_CONTEXT(2) 
PARAMETRIC_REPRESENTATION_CONTEXT() REPRESENTATION_CONTEXT('2D SPACE',''
  ) );
#968 = PCURVE('',#969,#974);
#969 = PLANE('',#970);
#970 = AXIS2_PLACEMENT_3D('',#971,#972,#973);
#971 = CARTESIAN_POINT('',(-43.125,-99.04898837435,0.));
#972 = DIRECTION('',(-3.045E-14,1.,0.));
#973 = DIRECTION('',(-1.,-3.045E-14,0.));
#974 = DEFINITIONAL_REPRESENTATION('',(#975),#979);
#975 = LINE('',#976,#977);
#976 = CARTESIAN_POINT('',(-0.,-4.44E-15));
#977 = VECTOR('',#978,1.);
#978 = DIRECTION('',(1.,0.));
#979 = ( GEOMETRIC_REPRESENTATION_CONTEXT(2) 
PARAMETRIC_REPRESENTATION_CONTEXT() REPRESENTATION_CONTEXT('2D SPACE',''
  ) );
#980 = ORIENTED_EDGE('',*,*,#981,.F.);
#981 = EDGE_CURVE('',#982,#954,#984,.T.);
#982 = VERTEX_POINT('',#983);
#983 = CARTESIAN_POINT('',(-41.05,-97.45,0.));
#984 = SURFACE_CURVE('',#985,(#989,#996),.PCURVE_S1.);
#985 = LINE('',#986,#987);
#986 = CARTESIAN_POINT('',(-41.05,-97.45,0.));
#987 = VECTOR('',#988,1.);
#988 = DIRECTION('',(-0.792169681219,-0.61030090624,0.));
#989 = PCURVE('',#875,#990);
#990 = DEFINITIONAL_REPRESENTATION('',(#991),#995);
#991 = LINE('',#992,#993);
#992 = CARTESIAN_POINT('',(86.05,-96.075));
#993 = VECTOR('',#994,1.);
#994 = DIRECTION('',(0.792169681219,-0.61030090624));
#995 = ( GEOMETRIC_REPRESENTATION_CONTEXT(2) 
PARAMETRIC_REPRESENTATION_CONTEXT() REPRESENTATION_CONTEXT('2D SPACE',''
  ) );
#996 = PCURVE('',#997,#1002);
#997 = PLANE('',#998);
#998 = AXIS2_PLACEMENT_3D('',#999,#1000,#1001);
#999 = CARTESIAN_POINT('',(-41.05,-97.45,29.5));
#1000 = DIRECTION('',(0.61030090624,-0.792169681219,0.));
#1001 = DIRECTION('',(-0.792169681219,-0.61030090624,0.));
#1002 = DEFINITIONAL_REPRESENTATION('',(#1003),#1007);
#1003 = LINE('',#1004,#1005);
#1004 = CARTESIAN_POINT('',(-0.,29.5));
#1005 = VECTOR('',#1006,1.);
#1006 = DIRECTION('',(1.,0.));
#1007 = ( GEOMETRIC_REPRESENTATION_CONTEXT(2) 
PARAMETRIC_REPRESENTATION_CONTEXT() REPRESENTATION_CONTEXT('2D SPACE',''
  ) );
#1008 = ORIENTED_EDGE('',*,*,#1009,.F.);
#1009 = EDGE_CURVE('',#1010,#982,#1012,.T.);
#1010 = VERTEX_POINT('',#1011);
#1011 = CARTESIAN_POINT('',(-40.55,-97.45,0.));
#1012 = SURFACE_CURVE('',#1013,(#1017,#1024),.PCURVE_S1.);
#1013 = LINE('',#1014,#1015);
#1014 = CARTESIAN_POINT('',(-40.55,-97.45,0.));
#1015 = VECTOR('',#1016,1.);
#1016 = DIRECTION('',(-1.,0.,0.));
#1017 = PCURVE('',#875,#1018);
#1018 = DEFINITIONAL_REPRESENTATION('',(#1019),#1023);
#1019 = LINE('',#1020,#1021);
#1020 = CARTESIAN_POINT('',(85.55,-96.075));
#1021 = VECTOR('',#1022,1.);
#1022 = DIRECTION('',(1.,0.));
#1023 = ( GEOMETRIC_REPRESENTATION_CONTEXT(2) 
PARAMETRIC_REPRESENTATION_CONTEXT() REPRESENTATION_CONTEXT('2D SPACE',''
  ) );
#1024 = PCURVE('',#1025,#1030);
#1025 = PLANE('',#1026);
#1026 = AXIS2_PLACEMENT_3D('',#1027,#1028,#1029);
#1027 = CARTESIAN_POINT('',(-40.55,-97.45,29.5));
#1028 = DIRECTION('',(0.,-1.,0.));
#1029 = DIRECTION('',(-1.,0.,0.));
#1030 = DEFINITIONAL_REPRESENTATION('',(#1031),#1035);
#1031 = LINE('',#1032,#1033);
#1032 = CARTESIAN_POINT('',(0.,29.5));
#1033 = VECTOR('',#1034,1.);
#1034 = DIRECTION('',(1.,0.));
#1035 = ( GEOMETRIC_REPRESENTATION_CONTEXT(2) 
PARAMETRIC_REPRESENTATION_CONTEXT() REPRESENTATION_CONTEXT('2D SPACE',''
  ) );
#1036 = ORIENTED_EDGE('',*,*,#1037,.T.);
#1037 = EDGE_CURVE('',#1010,#1038,#1040,.T.);
#1038 = VERTEX_POINT('',#1039);
#1039 = CARTESIAN_POINT('',(-40.55,-99.8,0.));
#1040 = SURFACE_CURVE('',#1041,(#1045,#1052),.PCURVE_S1.);
#1041 = LINE('',#1042,#1043);
#1042 = CARTESIAN_POINT('',(-40.55,-97.45,0.));
#1043 = VECTOR('',#1044,1.);
#1044 = DIRECTION('',(0.,-1.,0.));
#1045 = PCURVE('',#875,#1046);
#1046 = DEFINITIONAL_REPRESENTATION('',(#1047),#1051);
#1047 = LINE('',#1048,#1049);
#1048 = CARTESIAN_POINT('',(85.55,-96.075));
#1049 = VECTOR('',#1050,1.);
#1050 = DIRECTION('',(0.,-1.));
#1051 = ( GEOMETRIC_REPRESENTATION_CONTEXT(2) 
PARAMETRIC_REPRESENTATION_CONTEXT() REPRESENTATION_CONTEXT('2D SPACE',''
  ) );
#1052 = PCURVE('',#1053,#1058);
#1053 = PLANE('',#1054);
#1054 = AXIS2_PLACEMENT_3D('',#1055,#1056,#1057);
#1055 = CARTESIAN_POINT('',(-40.55,-99.04898837435,29.5));
#1056 = DIRECTION('',(-1.,0.,0.));
#1057 = DIRECTION('',(0.,1.,0.));
#1058 = DEFINITIONAL_REPRESENTATION('',(#1059),#1063);
#1059 = LINE('',#1060,#1061);
#1060 = CARTESIAN_POINT('',(1.59898837435,29.5));
#1061 = VECTOR('',#1062,1.);
#1062 = DIRECTION('',(-1.,0.));
#1063 = ( GEOMETRIC_REPRESENTATION_CONTEXT(2) 
PARAMETRIC_REPRESENTATION_CONTEXT() REPRESENTATION_CONTEXT('2D SPACE',''
  ) );
#1064 = ORIENTED_EDGE('',*,*,#1065,.F.);
#1065 = EDGE_CURVE('',#1066,#1038,#1068,.T.);
#1066 = VERTEX_POINT('',#1067);
#1067 = CARTESIAN_POINT('',(-38.65,-99.8,0.));
#1068 = SURFACE_CURVE('',#1069,(#1073,#1080),.PCURVE_S1.);
#1069 = LINE('',#1070,#1071);
#1070 = CARTESIAN_POINT('',(-38.65,-99.8,0.));
#1071 = VECTOR('',#1072,1.);
#1072 = DIRECTION('',(-1.,0.,0.));
#1073 = PCURVE('',#875,#1074);
#1074 = DEFINITIONAL_REPRESENTATION('',(#1075),#1079);
#1075 = LINE('',#1076,#1077);
#1076 = CARTESIAN_POINT('',(83.65,-98.425));
#1077 = VECTOR('',#1078,1.);
#1078 = DIRECTION('',(1.,0.));
#1079 = ( GEOMETRIC_REPRESENTATION_CONTEXT(2) 
PARAMETRIC_REPRESENTATION_CONTEXT() REPRESENTATION_CONTEXT('2D SPACE',''
  ) );
#1080 = PCURVE('',#1081,#1086);
#1081 = PLANE('',#1082);
#1082 = AXIS2_PLACEMENT_3D('',#1083,#1084,#1085);
#1083 = CARTESIAN_POINT('',(-38.65,-99.8,0.));
#1084 = DIRECTION('',(0.,1.,0.));
#1085 = DIRECTION('',(-1.,0.,0.));
#1086 = DEFINITIONAL_REPRESENTATION('',(#1087),#1091);
#1087 = LINE('',#1088,#1089);
#1088 = CARTESIAN_POINT('',(0.,0.));
#1089 = VECTOR('',#1090,1.);
#1090 = DIRECTION('',(1.,0.));
#1091 = ( GEOMETRIC_REPRESENTATION_CONTEXT(2) 
PARAMETRIC_REPRESENTATION_CONTEXT() REPRESENTATION_CONTEXT('2D SPACE',''
  ) );
#1092 = ORIENTED_EDGE('',*,*,#1093,.F.);
#1093 = EDGE_CURVE('',#1094,#1066,#1096,.T.);
#1094 = VERTEX_POINT('',#1095);
#1095 = CARTESIAN_POINT('',(-38.65,-96.79898837435,1.1E-14));
#1096 = SURFACE_CURVE('',#1097,(#1101,#1108),.PCURVE_S1.);
#1097 = LINE('',#1098,#1099);
#1098 = CARTESIAN_POINT('',(-38.65,-5.8E-15,1.01E-14));
#1099 = VECTOR('',#1100,1.);
#1100 = DIRECTION('',(0.,-1.,0.));
#1101 = PCURVE('',#875,#1102);
#1102 = DEFINITIONAL_REPRESENTATION('',(#1103),#1107);
#1103 = LINE('',#1104,#1105);
#1104 = CARTESIAN_POINT('',(83.65,1.375));
#1105 = VECTOR('',#1106,1.);
#1106 = DIRECTION('',(0.,-1.));
#1107 = ( GEOMETRIC_REPRESENTATION_CONTEXT(2) 
PARAMETRIC_REPRESENTATION_CONTEXT() REPRESENTATION_CONTEXT('2D SPACE',''
  ) );
#1108 = PCURVE('',#1109,#1114);
#1109 = PLANE('',#1110);
#1110 = AXIS2_PLACEMENT_3D('',#1111,#1112,#1113);
#1111 = CARTESIAN_POINT('',(-38.65,-8.88E-15,15.184402203373));
#1112 = DIRECTION('',(-1.,0.,0.));
#1113 = DIRECTION('',(0.,0.,1.));
#1114 = DEFINITIONAL_REPRESENTATION('',(#1115),#1119);
#1115 = LINE('',#1116,#1117);
#1116 = CARTESIAN_POINT('',(-15.18440220337,3.08E-15));
#1117 = VECTOR('',#1118,1.);
#1118 = DIRECTION('',(0.,-1.));
#1119 = ( GEOMETRIC_REPRESENTATION_CONTEXT(2) 
PARAMETRIC_REPRESENTATION_CONTEXT() REPRESENTATION_CONTEXT('2D SPACE',''
  ) );
#1120 = ORIENTED_EDGE('',*,*,#1121,.F.);
#1121 = EDGE_CURVE('',#1122,#1094,#1124,.T.);
#1122 = VERTEX_POINT('',#1123);
#1123 = CARTESIAN_POINT('',(-37.15,-96.79898837435,1.1E-14));
#1124 = SURFACE_CURVE('',#1125,(#1129,#1136),.PCURVE_S1.);
#1125 = LINE('',#1126,#1127);
#1126 = CARTESIAN_POINT('',(-37.15,-96.79898837435,1.051E-14));
#1127 = VECTOR('',#1128,1.);
#1128 = DIRECTION('',(-1.,0.,0.));
#1129 = PCURVE('',#875,#1130);
#1130 = DEFINITIONAL_REPRESENTATION('',(#1131),#1135);
#1131 = LINE('',#1132,#1133);
#1132 = CARTESIAN_POINT('',(82.15,-95.42398837435));
#1133 = VECTOR('',#1134,1.);
#1134 = DIRECTION('',(1.,0.));
#1135 = ( GEOMETRIC_REPRESENTATION_CONTEXT(2) 
PARAMETRIC_REPRESENTATION_CONTEXT() REPRESENTATION_CONTEXT('2D SPACE',''
  ) );
#1136 = PCURVE('',#1137,#1142);
#1137 = PLANE('',#1138);
#1138 = AXIS2_PLACEMENT_3D('',#1139,#1140,#1141);
#1139 = CARTESIAN_POINT('',(-38.65,-96.49350339319,14.00017847969));
#1140 = DIRECTION('',(1.185E-14,0.99976202708,-2.181488503456E-02));
#1141 = DIRECTION('',(4.930380657631E-32,2.181488503456E-02,
    0.99976202708));
#1142 = DEFINITIONAL_REPRESENTATION('',(#1143),#1147);
#1143 = LINE('',#1144,#1145);
#1144 = CARTESIAN_POINT('',(-14.00351093607,1.5));
#1145 = VECTOR('',#1146,1.);
#1146 = DIRECTION('',(0.,-1.));
#1147 = ( GEOMETRIC_REPRESENTATION_CONTEXT(2) 
PARAMETRIC_REPRESENTATION_CONTEXT() REPRESENTATION_CONTEXT('2D SPACE',''
  ) );
#1148 = ORIENTED_EDGE('',*,*,#1149,.F.);
#1149 = EDGE_CURVE('',#1150,#1122,#1152,.T.);
#1150 = VERTEX_POINT('',#1151);
#1151 = CARTESIAN_POINT('',(-37.15,-97.29875034478,1.1E-14));
#1152 = SURFACE_CURVE('',#1153,(#1157,#1164),.PCURVE_S1.);
#1153 = LINE('',#1154,#1155);
#1154 = CARTESIAN_POINT('',(-37.15,-97.29875034478,1.051E-14));
#1155 = VECTOR('',#1156,1.);
#1156 = DIRECTION('',(0.,1.,0.));
#1157 = PCURVE('',#875,#1158);
#1158 = DEFINITIONAL_REPRESENTATION('',(#1159),#1163);
#1159 = LINE('',#1160,#1161);
#1160 = CARTESIAN_POINT('',(82.15,-95.92375034478));
#1161 = VECTOR('',#1162,1.);
#1162 = DIRECTION('',(0.,1.));
#1163 = ( GEOMETRIC_REPRESENTATION_CONTEXT(2) 
PARAMETRIC_REPRESENTATION_CONTEXT() REPRESENTATION_CONTEXT('2D SPACE',''
  ) );
#1164 = PCURVE('',#1165,#1170);
#1165 = PLANE('',#1166);
#1166 = AXIS2_PLACEMENT_3D('',#1167,#1168,#1169);
#1167 = CARTESIAN_POINT('',(-37.15,-97.29875034478,14.25));
#1168 = DIRECTION('',(1.,-1.187E-14,0.));
#1169 = DIRECTION('',(0.,0.,1.));
#1170 = DEFINITIONAL_REPRESENTATION('',(#1171),#1175);
#1171 = LINE('',#1172,#1173);
#1172 = CARTESIAN_POINT('',(-14.25,-0.));
#1173 = VECTOR('',#1174,1.);
#1174 = DIRECTION('',(0.,-1.));
#1175 = ( GEOMETRIC_REPRESENTATION_CONTEXT(2) 
PARAMETRIC_REPRESENTATION_CONTEXT() REPRESENTATION_CONTEXT('2D SPACE',''
  ) );
#1176 = ORIENTED_EDGE('',*,*,#1177,.F.);
#1177 = EDGE_CURVE('',#1178,#1150,#1180,.T.);
#1178 = VERTEX_POINT('',#1179);
#1179 = CARTESIAN_POINT('',(-36.15,-98.29898837435,1.1E-14));
#1180 = SURFACE_CURVE('',#1181,(#1186,#1193),.PCURVE_S1.);
#1181 = ELLIPSE('',#1182,1.000238029565,1.);
#1182 = AXIS2_PLACEMENT_3D('',#1183,#1184,#1185);
#1183 = CARTESIAN_POINT('',(-36.15,-97.29875034478,1.051E-14));
#1184 = DIRECTION('',(0.,0.,-1.));
#1185 = DIRECTION('',(1.6511E-13,-1.,0.));
#1186 = PCURVE('',#875,#1187);
#1187 = DEFINITIONAL_REPRESENTATION('',(#1188),#1192);
#1188 = ELLIPSE('',#1189,1.000238029565,1.);
#1189 = AXIS2_PLACEMENT_2D('',#1190,#1191);
#1190 = CARTESIAN_POINT('',(81.15,-95.92375034478));
#1191 = DIRECTION('',(-1.6511E-13,-1.));
#1192 = ( GEOMETRIC_REPRESENTATION_CONTEXT(2) 
PARAMETRIC_REPRESENTATION_CONTEXT() REPRESENTATION_CONTEXT('2D SPACE',''
  ) );
#1193 = PCURVE('',#1194,#1199);
#1194 = CYLINDRICAL_SURFACE('',#1195,1.);
#1195 = AXIS2_PLACEMENT_3D('',#1196,#1197,#1198);
#1196 = CARTESIAN_POINT('',(-36.15,-97.30023785255,-6.817151573299E-02)
  );
#1197 = DIRECTION('',(6.E-17,2.181488503456E-02,0.99976202708));
#1198 = DIRECTION('',(-0.707106781187,-0.706938508921,1.542545313874E-02
    ));
#1199 = DEFINITIONAL_REPRESENTATION('',(#1200),#1203);
#1200 = B_SPLINE_CURVE_WITH_KNOTS('',1,(#1201,#1202),.UNSPECIFIED.,.F.,
  .F.,(2,2),(0.,1.570796326795),.PIECEWISE_BEZIER_KNOTS.);
#1201 = CARTESIAN_POINT('',(7.068583470577,4.636766494706E-02));
#1202 = CARTESIAN_POINT('',(5.497787143782,6.818774256921E-02));
#1203 = ( GEOMETRIC_REPRESENTATION_CONTEXT(2) 
PARAMETRIC_REPRESENTATION_CONTEXT() REPRESENTATION_CONTEXT('2D SPACE',''
  ) );
#1204 = ORIENTED_EDGE('',*,*,#1205,.T.);
#1205 = EDGE_CURVE('',#1178,#1206,#1208,.T.);
#1206 = VERTEX_POINT('',#1207);
#1207 = CARTESIAN_POINT('',(-28.,-98.29898837435,1.1E-14));
#1208 = SURFACE_CURVE('',#1209,(#1213,#1220),.PCURVE_S1.);
#1209 = LINE('',#1210,#1211);
#1210 = CARTESIAN_POINT('',(-36.15,-98.29898837435,1.065E-14));
#1211 = VECTOR('',#1212,1.);
#1212 = DIRECTION('',(1.,0.,0.));
#1213 = PCURVE('',#875,#1214);
#1214 = DEFINITIONAL_REPRESENTATION('',(#1215),#1219);
#1215 = LINE('',#1216,#1217);
#1216 = CARTESIAN_POINT('',(81.15,-96.92398837435));
#1217 = VECTOR('',#1218,1.);
#1218 = DIRECTION('',(-1.,0.));
#1219 = ( GEOMETRIC_REPRESENTATION_CONTEXT(2) 
PARAMETRIC_REPRESENTATION_CONTEXT() REPRESENTATION_CONTEXT('2D SPACE',''
  ) );
#1220 = PCURVE('',#1221,#1226);
#1221 = PLANE('',#1222);
#1222 = AXIS2_PLACEMENT_3D('',#1223,#1224,#1225);
#1223 = CARTESIAN_POINT('',(134.875,-98.30101138491,-9.271326139688E-02)
  );
#1224 = DIRECTION('',(0.,-0.99976202708,2.181488503456E-02));
#1225 = DIRECTION('',(1.,0.,0.));
#1226 = DEFINITIONAL_REPRESENTATION('',(#1227),#1231);
#1227 = LINE('',#1228,#1229);
#1228 = CARTESIAN_POINT('',(-171.025,9.273532989414E-02));
#1229 = VECTOR('',#1230,1.);
#1230 = DIRECTION('',(1.,0.));
#1231 = ( GEOMETRIC_REPRESENTATION_CONTEXT(2) 
PARAMETRIC_REPRESENTATION_CONTEXT() REPRESENTATION_CONTEXT('2D SPACE',''
  ) );
#1232 = ORIENTED_EDGE('',*,*,#1233,.T.);
#1233 = EDGE_CURVE('',#1206,#1234,#1236,.T.);
#1234 = VERTEX_POINT('',#1235);
#1235 = CARTESIAN_POINT('',(-28.,-96.79898837435,1.1E-14));
#1236 = SURFACE_CURVE('',#1237,(#1241,#1248),.PCURVE_S1.);
#1237 = LINE('',#1238,#1239);
#1238 = CARTESIAN_POINT('',(-28.,-98.29898837435,1.051E-14));
#1239 = VECTOR('',#1240,1.);
#1240 = DIRECTION('',(0.,1.,0.));
#1241 = PCURVE('',#875,#1242);
#1242 = DEFINITIONAL_REPRESENTATION('',(#1243),#1247);
#1243 = LINE('',#1244,#1245);
#1244 = CARTESIAN_POINT('',(73.,-96.92398837435));
#1245 = VECTOR('',#1246,1.);
#1246 = DIRECTION('',(0.,1.));
#1247 = ( GEOMETRIC_REPRESENTATION_CONTEXT(2) 
PARAMETRIC_REPRESENTATION_CONTEXT() REPRESENTATION_CONTEXT('2D SPACE',''
  ) );
#1248 = PCURVE('',#1249,#1254);
#1249 = PLANE('',#1250);
#1250 = AXIS2_PLACEMENT_3D('',#1251,#1252,#1253);
#1251 = CARTESIAN_POINT('',(-28.,-98.29898837435,14.75));
#1252 = DIRECTION('',(-1.,0.,0.));
#1253 = DIRECTION('',(0.,0.,-1.));
#1254 = DEFINITIONAL_REPRESENTATION('',(#1255),#1259);
#1255 = LINE('',#1256,#1257);
#1256 = CARTESIAN_POINT('',(14.75,0.));
#1257 = VECTOR('',#1258,1.);
#1258 = DIRECTION('',(0.,-1.));
#1259 = ( GEOMETRIC_REPRESENTATION_CONTEXT(2) 
PARAMETRIC_REPRESENTATION_CONTEXT() REPRESENTATION_CONTEXT('2D SPACE',''
  ) );
#1260 = ORIENTED_EDGE('',*,*,#1261,.T.);
#1261 = EDGE_CURVE('',#1234,#1262,#1264,.T.);
#1262 = VERTEX_POINT('',#1263);
#1263 = CARTESIAN_POINT('',(-26.25,-96.79898837435,1.1E-14));
#1264 = SURFACE_CURVE('',#1265,(#1269,#1276),.PCURVE_S1.);
#1265 = LINE('',#1266,#1267);
#1266 = CARTESIAN_POINT('',(-28.,-96.79898837435,1.051E-14));
#1267 = VECTOR('',#1268,1.);
#1268 = DIRECTION('',(1.,0.,0.));
#1269 = PCURVE('',#875,#1270);
#1270 = DEFINITIONAL_REPRESENTATION('',(#1271),#1275);
#1271 = LINE('',#1272,#1273);
#1272 = CARTESIAN_POINT('',(73.,-95.42398837435));
#1273 = VECTOR('',#1274,1.);
#1274 = DIRECTION('',(-1.,0.));
#1275 = ( GEOMETRIC_REPRESENTATION_CONTEXT(2) 
PARAMETRIC_REPRESENTATION_CONTEXT() REPRESENTATION_CONTEXT('2D SPACE',''
  ) );
#1276 = PCURVE('',#1277,#1282);
#1277 = PLANE('',#1278);
#1278 = AXIS2_PLACEMENT_3D('',#1279,#1280,#1281);
#1279 = CARTESIAN_POINT('',(-28.,-96.47714222942,14.75));
#1280 = DIRECTION('',(1.016E-14,0.99976202708,-2.181488503456E-02));
#1281 = DIRECTION('',(0.,2.181488503456E-02,0.99976202708));
#1282 = DEFINITIONAL_REPRESENTATION('',(#1283),#1287);
#1283 = LINE('',#1284,#1285);
#1284 = CARTESIAN_POINT('',(-14.75351093607,9.947598300641E-14));
#1285 = VECTOR('',#1286,1.);
#1286 = DIRECTION('',(0.,1.));
#1287 = ( GEOMETRIC_REPRESENTATION_CONTEXT(2) 
PARAMETRIC_REPRESENTATION_CONTEXT() REPRESENTATION_CONTEXT('2D SPACE',''
  ) );
#1288 = ORIENTED_EDGE('',*,*,#1289,.T.);
#1289 = EDGE_CURVE('',#1262,#1290,#1292,.T.);
#1290 = VERTEX_POINT('',#1291);
#1291 = CARTESIAN_POINT('',(-26.25,-98.29898837435,1.1E-14));
#1292 = SURFACE_CURVE('',#1293,(#1297,#1304),.PCURVE_S1.);
#1293 = LINE('',#1294,#1295);
#1294 = CARTESIAN_POINT('',(-26.25,-96.79898837435,1.051E-14));
#1295 = VECTOR('',#1296,1.);
#1296 = DIRECTION('',(0.,-1.,0.));
#1297 = PCURVE('',#875,#1298);
#1298 = DEFINITIONAL_REPRESENTATION('',(#1299),#1303);
#1299 = LINE('',#1300,#1301);
#1300 = CARTESIAN_POINT('',(71.25,-95.42398837435));
#1301 = VECTOR('',#1302,1.);
#1302 = DIRECTION('',(0.,-1.));
#1303 = ( GEOMETRIC_REPRESENTATION_CONTEXT(2) 
PARAMETRIC_REPRESENTATION_CONTEXT() REPRESENTATION_CONTEXT('2D SPACE',''
  ) );
#1304 = PCURVE('',#1305,#1310);
#1305 = PLANE('',#1306);
#1306 = AXIS2_PLACEMENT_3D('',#1307,#1308,#1309);
#1307 = CARTESIAN_POINT('',(-26.25,-98.29898837435,14.75));
#1308 = DIRECTION('',(1.,0.,0.));
#1309 = DIRECTION('',(0.,0.,1.));
#1310 = DEFINITIONAL_REPRESENTATION('',(#1311),#1315);
#1311 = LINE('',#1312,#1313);
#1312 = CARTESIAN_POINT('',(-14.75,-1.5));
#1313 = VECTOR('',#1314,1.);
#1314 = DIRECTION('',(0.,1.));
#1315 = ( GEOMETRIC_REPRESENTATION_CONTEXT(2) 
PARAMETRIC_REPRESENTATION_CONTEXT() REPRESENTATION_CONTEXT('2D SPACE',''
  ) );
#1316 = ORIENTED_EDGE('',*,*,#1317,.T.);
#1317 = EDGE_CURVE('',#1290,#1318,#1320,.T.);
#1318 = VERTEX_POINT('',#1319);
#1319 = CARTESIAN_POINT('',(-24.2,-98.29898837435,1.1E-14));
#1320 = SURFACE_CURVE('',#1321,(#1325,#1332),.PCURVE_S1.);
#1321 = LINE('',#1322,#1323);
#1322 = CARTESIAN_POINT('',(-26.25,-98.29898837435,1.051E-14));
#1323 = VECTOR('',#1324,1.);
#1324 = DIRECTION('',(1.,0.,0.));
#1325 = PCURVE('',#875,#1326);
#1326 = DEFINITIONAL_REPRESENTATION('',(#1327),#1331);
#1327 = LINE('',#1328,#1329);
#1328 = CARTESIAN_POINT('',(71.25,-96.92398837435));
#1329 = VECTOR('',#1330,1.);
#1330 = DIRECTION('',(-1.,0.));
#1331 = ( GEOMETRIC_REPRESENTATION_CONTEXT(2) 
PARAMETRIC_REPRESENTATION_CONTEXT() REPRESENTATION_CONTEXT('2D SPACE',''
  ) );
#1332 = PCURVE('',#1333,#1338);
#1333 = PLANE('',#1334);
#1334 = AXIS2_PLACEMENT_3D('',#1335,#1336,#1337);
#1335 = CARTESIAN_POINT('',(134.875,-98.30101138491,-9.271326139688E-02)
  );
#1336 = DIRECTION('',(0.,-0.99976202708,2.181488503456E-02));
#1337 = DIRECTION('',(1.,0.,0.));
#1338 = DEFINITIONAL_REPRESENTATION('',(#1339),#1343);
#1339 = LINE('',#1340,#1341);
#1340 = CARTESIAN_POINT('',(-161.125,9.273532989414E-02));
#1341 = VECTOR('',#1342,1.);
#1342 = DIRECTION('',(1.,0.));
#1343 = ( GEOMETRIC_REPRESENTATION_CONTEXT(2) 
PARAMETRIC_REPRESENTATION_CONTEXT() REPRESENTATION_CONTEXT('2D SPACE',''
  ) );
#1344 = ORIENTED_EDGE('',*,*,#1345,.T.);
#1345 = EDGE_CURVE('',#1318,#1346,#1348,.T.);
#1346 = VERTEX_POINT('',#1347);
#1347 = CARTESIAN_POINT('',(-24.2,-96.79898837435,1.1E-14));
#1348 = SURFACE_CURVE('',#1349,(#1353,#1360),.PCURVE_S1.);
#1349 = LINE('',#1350,#1351);
#1350 = CARTESIAN_POINT('',(-24.2,-98.29898837435,1.051E-14));
#1351 = VECTOR('',#1352,1.);
#1352 = DIRECTION('',(0.,1.,0.));
#1353 = PCURVE('',#875,#1354);
#1354 = DEFINITIONAL_REPRESENTATION('',(#1355),#1359);
#1355 = LINE('',#1356,#1357);
#1356 = CARTESIAN_POINT('',(69.2,-96.92398837435));
#1357 = VECTOR('',#1358,1.);
#1358 = DIRECTION('',(0.,1.));
#1359 = ( GEOMETRIC_REPRESENTATION_CONTEXT(2) 
PARAMETRIC_REPRESENTATION_CONTEXT() REPRESENTATION_CONTEXT('2D SPACE',''
  ) );
#1360 = PCURVE('',#1361,#1366);
#1361 = PLANE('',#1362);
#1362 = AXIS2_PLACEMENT_3D('',#1363,#1364,#1365);
#1363 = CARTESIAN_POINT('',(-24.2,-98.29898837435,14.75));
#1364 = DIRECTION('',(-1.,0.,0.));
#1365 = DIRECTION('',(0.,0.,-1.));
#1366 = DEFINITIONAL_REPRESENTATION('',(#1367),#1371);
#1367 = LINE('',#1368,#1369);
#1368 = CARTESIAN_POINT('',(14.75,0.));
#1369 = VECTOR('',#1370,1.);
#1370 = DIRECTION('',(0.,-1.));
#1371 = ( GEOMETRIC_REPRESENTATION_CONTEXT(2) 
PARAMETRIC_REPRESENTATION_CONTEXT() REPRESENTATION_CONTEXT('2D SPACE',''
  ) );
#1372 = ORIENTED_EDGE('',*,*,#1373,.T.);
#1373 = EDGE_CURVE('',#1346,#1374,#1376,.T.);
#1374 = VERTEX_POINT('',#1375);
#1375 = CARTESIAN_POINT('',(-22.45,-96.79898837435,1.1E-14));
#1376 = SURFACE_CURVE('',#1377,(#1381,#1388),.PCURVE_S1.);
#1377 = LINE('',#1378,#1379);
#1378 = CARTESIAN_POINT('',(-24.2,-96.79898837435,1.051E-14));
#1379 = VECTOR('',#1380,1.);
#1380 = DIRECTION('',(1.,0.,0.));
#1381 = PCURVE('',#875,#1382);
#1382 = DEFINITIONAL_REPRESENTATION('',(#1383),#1387);
#1383 = LINE('',#1384,#1385);
#1384 = CARTESIAN_POINT('',(69.2,-95.42398837435));
#1385 = VECTOR('',#1386,1.);
#1386 = DIRECTION('',(-1.,0.));
#1387 = ( GEOMETRIC_REPRESENTATION_CONTEXT(2) 
PARAMETRIC_REPRESENTATION_CONTEXT() REPRESENTATION_CONTEXT('2D SPACE',''
  ) );
#1388 = PCURVE('',#1389,#1394);
#1389 = PLANE('',#1390);
#1390 = AXIS2_PLACEMENT_3D('',#1391,#1392,#1393);
#1391 = CARTESIAN_POINT('',(-24.2,-96.47714222942,14.75));
#1392 = DIRECTION('',(1.016E-14,0.99976202708,-2.181488503456E-02));
#1393 = DIRECTION('',(0.,2.181488503456E-02,0.99976202708));
#1394 = DEFINITIONAL_REPRESENTATION('',(#1395),#1399);
#1395 = LINE('',#1396,#1397);
#1396 = CARTESIAN_POINT('',(-14.75351093607,9.947598300641E-14));
#1397 = VECTOR('',#1398,1.);
#1398 = DIRECTION('',(0.,1.));
#1399 = ( GEOMETRIC_REPRESENTATION_CONTEXT(2) 
PARAMETRIC_REPRESENTATION_CONTEXT() REPRESENTATION_CONTEXT('2D SPACE',''
  ) );
#1400 = ORIENTED_EDGE('',*,*,#1401,.T.);
#1401 = EDGE_CURVE('',#1374,#1402,#1404,.T.);
#1402 = VERTEX_POINT('',#1403);
#1403 = CARTESIAN_POINT('',(-22.45,-98.29898837435,1.1E-14));
#1404 = SURFACE_CURVE('',#1405,(#1409,#1416),.PCURVE_S1.);
#1405 = LINE('',#1406,#1407);
#1406 = CARTESIAN_POINT('',(-22.45,-96.79898837435,1.051E-14));
#1407 = VECTOR('',#1408,1.);
#1408 = DIRECTION('',(0.,-1.,0.));
#1409 = PCURVE('',#875,#1410);
#1410 = DEFINITIONAL_REPRESENTATION('',(#1411),#1415);
#1411 = LINE('',#1412,#1413);
#1412 = CARTESIAN_POINT('',(67.45,-95.42398837435));
#1413 = VECTOR('',#1414,1.);
#1414 = DIRECTION('',(0.,-1.));
#1415 = ( GEOMETRIC_REPRESENTATION_CONTEXT(2) 
PARAMETRIC_REPRESENTATION_CONTEXT() REPRESENTATION_CONTEXT('2D SPACE',''
  ) );
#1416 = PCURVE('',#1417,#1422);
#1417 = PLANE('',#1418);
#1418 = AXIS2_PLACEMENT_3D('',#1419,#1420,#1421);
#1419 = CARTESIAN_POINT('',(-22.45,-98.29898837435,14.75));
#1420 = DIRECTION('',(1.,0.,0.));
#1421 = DIRECTION('',(0.,0.,1.));
#1422 = DEFINITIONAL_REPRESENTATION('',(#1423),#1427);
#1423 = LINE('',#1424,#1425);
#1424 = CARTESIAN_POINT('',(-14.75,-1.5));
#1425 = VECTOR('',#1426,1.);
#1426 = DIRECTION('',(0.,1.));
#1427 = ( GEOMETRIC_REPRESENTATION_CONTEXT(2) 
PARAMETRIC_REPRESENTATION_CONTEXT() REPRESENTATION_CONTEXT('2D SPACE',''
  ) );
#1428 = ORIENTED_EDGE('',*,*,#1429,.T.);
#1429 = EDGE_CURVE('',#1402,#1430,#1432,.T.);
#1430 = VERTEX_POINT('',#1431);
#1431 = CARTESIAN_POINT('',(-20.4,-98.29898837435,1.1E-14));
#1432 = SURFACE_CURVE('',#1433,(#1437,#1444),.PCURVE_S1.);
#1433 = LINE('',#1434,#1435);
#1434 = CARTESIAN_POINT('',(-22.45,-98.29898837435,1.051E-14));
#1435 = VECTOR('',#1436,1.);
#1436 = DIRECTION('',(1.,0.,0.));
#1437 = PCURVE('',#875,#1438);
#1438 = DEFINITIONAL_REPRESENTATION('',(#1439),#1443);
#1439 = LINE('',#1440,#1441);
#1440 = CARTESIAN_POINT('',(67.45,-96.92398837435));
#1441 = VECTOR('',#1442,1.);
#1442 = DIRECTION('',(-1.,0.));
#1443 = ( GEOMETRIC_REPRESENTATION_CONTEXT(2) 
PARAMETRIC_REPRESENTATION_CONTEXT() REPRESENTATION_CONTEXT('2D SPACE',''
  ) );
#1444 = PCURVE('',#1445,#1450);
#1445 = PLANE('',#1446);
#1446 = AXIS2_PLACEMENT_3D('',#1447,#1448,#1449);
#1447 = CARTESIAN_POINT('',(134.875,-98.30101138491,-9.271326139688E-02)
  );
#1448 = DIRECTION('',(0.,-0.99976202708,2.181488503456E-02));
#1449 = DIRECTION('',(1.,0.,0.));
#1450 = DEFINITIONAL_REPRESENTATION('',(#1451),#1455);
#1451 = LINE('',#1452,#1453);
#1452 = CARTESIAN_POINT('',(-157.325,9.273532989414E-02));
#1453 = VECTOR('',#1454,1.);
#1454 = DIRECTION('',(1.,0.));
#1455 = ( GEOMETRIC_REPRESENTATION_CONTEXT(2) 
PARAMETRIC_REPRESENTATION_CONTEXT() REPRESENTATION_CONTEXT('2D SPACE',''
  ) );
#1456 = ORIENTED_EDGE('',*,*,#1457,.T.);
#1457 = EDGE_CURVE('',#1430,#1458,#1460,.T.);
#1458 = VERTEX_POINT('',#1459);
#1459 = CARTESIAN_POINT('',(-20.4,-96.79898837435,1.1E-14));
#1460 = SURFACE_CURVE('',#1461,(#1465,#1472),.PCURVE_S1.);
#1461 = LINE('',#1462,#1463);
#1462 = CARTESIAN_POINT('',(-20.4,-98.29898837435,1.051E-14));
#1463 = VECTOR('',#1464,1.);
#1464 = DIRECTION('',(0.,1.,0.));
#1465 = PCURVE('',#875,#1466);
#1466 = DEFINITIONAL_REPRESENTATION('',(#1467),#1471);
#1467 = LINE('',#1468,#1469);
#1468 = CARTESIAN_POINT('',(65.4,-96.92398837435));
#1469 = VECTOR('',#1470,1.);
#1470 = DIRECTION('',(0.,1.));
#1471 = ( GEOMETRIC_REPRESENTATION_CONTEXT(2) 
PARAMETRIC_REPRESENTATION_CONTEXT() REPRESENTATION_CONTEXT('2D SPACE',''
  ) );
#1472 = PCURVE('',#1473,#1478);
#1473 = PLANE('',#1474);
#1474 = AXIS2_PLACEMENT_3D('',#1475,#1476,#1477);
#1475 = CARTESIAN_POINT('',(-20.4,-98.29898837435,14.75));
#1476 = DIRECTION('',(-1.,0.,0.));
#1477 = DIRECTION('',(0.,0.,-1.));
#1478 = DEFINITIONAL_REPRESENTATION('',(#1479),#1483);
#1479 = LINE('',#1480,#1481);
#1480 = CARTESIAN_POINT('',(14.75,0.));
#1481 = VECTOR('',#1482,1.);
#1482 = DIRECTION('',(0.,-1.));
#1483 = ( GEOMETRIC_REPRESENTATION_CONTEXT(2) 
PARAMETRIC_REPRESENTATION_CONTEXT() REPRESENTATION_CONTEXT('2D SPACE',''
  ) );
#1484 = ORIENTED_EDGE('',*,*,#1485,.T.);
#1485 = EDGE_CURVE('',#1458,#1486,#1488,.T.);
#1486 = VERTEX_POINT('',#1487);
#1487 = CARTESIAN_POINT('',(-18.65,-96.79898837435,1.1E-14));
#1488 = SURFACE_CURVE('',#1489,(#1493,#1500),.PCURVE_S1.);
#1489 = LINE('',#1490,#1491);
#1490 = CARTESIAN_POINT('',(-20.4,-96.79898837435,1.051E-14));
#1491 = VECTOR('',#1492,1.);
#1492 = DIRECTION('',(1.,0.,0.));
#1493 = PCURVE('',#875,#1494);
#1494 = DEFINITIONAL_REPRESENTATION('',(#1495),#1499);
#1495 = LINE('',#1496,#1497);
#1496 = CARTESIAN_POINT('',(65.4,-95.42398837435));
#1497 = VECTOR('',#1498,1.);
#1498 = DIRECTION('',(-1.,0.));
#1499 = ( GEOMETRIC_REPRESENTATION_CONTEXT(2) 
PARAMETRIC_REPRESENTATION_CONTEXT() REPRESENTATION_CONTEXT('2D SPACE',''
  ) );
#1500 = PCURVE('',#1501,#1506);
#1501 = PLANE('',#1502);
#1502 = AXIS2_PLACEMENT_3D('',#1503,#1504,#1505);
#1503 = CARTESIAN_POINT('',(-20.4,-96.47714222942,14.75));
#1504 = DIRECTION('',(1.016E-14,0.99976202708,-2.181488503456E-02));
#1505 = DIRECTION('',(0.,2.181488503456E-02,0.99976202708));
#1506 = DEFINITIONAL_REPRESENTATION('',(#1507),#1511);
#1507 = LINE('',#1508,#1509);
#1508 = CARTESIAN_POINT('',(-14.75351093607,9.947598300641E-14));
#1509 = VECTOR('',#1510,1.);
#1510 = DIRECTION('',(0.,1.));
#1511 = ( GEOMETRIC_REPRESENTATION_CONTEXT(2) 
PARAMETRIC_REPRESENTATION_CONTEXT() REPRESENTATION_CONTEXT('2D SPACE',''
  ) );
#1512 = ORIENTED_EDGE('',*,*,#1513,.T.);
#1513 = EDGE_CURVE('',#1486,#1514,#1516,.T.);
#1514 = VERTEX_POINT('',#1515);
#1515 = CARTESIAN_POINT('',(-18.65,-98.29898837435,1.1E-14));
#1516 = SURFACE_CURVE('',#1517,(#1521,#1528),.PCURVE_S1.);
#1517 = LINE('',#1518,#1519);
#1518 = CARTESIAN_POINT('',(-18.65,-96.79898837435,1.051E-14));
#1519 = VECTOR('',#1520,1.);
#1520 = DIRECTION('',(0.,-1.,0.));
#1521 = PCURVE('',#875,#1522);
#1522 = DEFINITIONAL_REPRESENTATION('',(#1523),#1527);
#1523 = LINE('',#1524,#1525);
#1524 = CARTESIAN_POINT('',(63.65,-95.42398837435));
#1525 = VECTOR('',#1526,1.);
#1526 = DIRECTION('',(0.,-1.));
#1527 = ( GEOMETRIC_REPRESENTATION_CONTEXT(2) 
PARAMETRIC_REPRESENTATION_CONTEXT() REPRESENTATION_CONTEXT('2D SPACE',''
  ) );
#1528 = PCURVE('',#1529,#1534);
#1529 = PLANE('',#1530);
#1530 = AXIS2_PLACEMENT_3D('',#1531,#1532,#1533);
#1531 = CARTESIAN_POINT('',(-18.65,-98.29898837435,14.75));
#1532 = DIRECTION('',(1.,0.,0.));
#1533 = DIRECTION('',(0.,0.,1.));
#1534 = DEFINITIONAL_REPRESENTATION('',(#1535),#1539);
#1535 = LINE('',#1536,#1537);
#1536 = CARTESIAN_POINT('',(-14.75,-1.5));
#1537 = VECTOR('',#1538,1.);
#1538 = DIRECTION('',(0.,1.));
#1539 = ( GEOMETRIC_REPRESENTATION_CONTEXT(2) 
PARAMETRIC_REPRESENTATION_CONTEXT() REPRESENTATION_CONTEXT('2D SPACE',''
  ) );
#1540 = ORIENTED_EDGE('',*,*,#1541,.T.);
#1541 = EDGE_CURVE('',#1514,#1542,#1544,.T.);
#1542 = VERTEX_POINT('',#1543);
#1543 = CARTESIAN_POINT('',(-9.,-98.29898837435,5.E-15));
#1544 = SURFACE_CURVE('',#1545,(#1549,#1556),.PCURVE_S1.);
#1545 = LINE('',#1546,#1547);
#1546 = CARTESIAN_POINT('',(-18.65,-98.29898837435,1.051E-14));
#1547 = VECTOR('',#1548,1.);
#1548 = DIRECTION('',(1.,0.,0.));
#1549 = PCURVE('',#875,#1550);
#1550 = DEFINITIONAL_REPRESENTATION('',(#1551),#1555);
#1551 = LINE('',#1552,#1553);
#1552 = CARTESIAN_POINT('',(63.65,-96.92398837435));
#1553 = VECTOR('',#1554,1.);
#1554 = DIRECTION('',(-1.,0.));
#1555 = ( GEOMETRIC_REPRESENTATION_CONTEXT(2) 
PARAMETRIC_REPRESENTATION_CONTEXT() REPRESENTATION_CONTEXT('2D SPACE',''
  ) );
#1556 = PCURVE('',#1557,#1562);
#1557 = PLANE('',#1558);
#1558 = AXIS2_PLACEMENT_3D('',#1559,#1560,#1561);
#1559 = CARTESIAN_POINT('',(134.875,-98.30101138491,-9.271326139688E-02)
  );
#1560 = DIRECTION('',(0.,-0.99976202708,2.181488503456E-02));
#1561 = DIRECTION('',(1.,0.,0.));
#1562 = DEFINITIONAL_REPRESENTATION('',(#1563),#1567);
#1563 = LINE('',#1564,#1565);
#1564 = CARTESIAN_POINT('',(-153.525,9.273532989414E-02));
#1565 = VECTOR('',#1566,1.);
#1566 = DIRECTION('',(1.,0.));
#1567 = ( GEOMETRIC_REPRESENTATION_CONTEXT(2) 
PARAMETRIC_REPRESENTATION_CONTEXT() REPRESENTATION_CONTEXT('2D SPACE',''
  ) );
#1568 = ORIENTED_EDGE('',*,*,#1569,.F.);
#1569 = EDGE_CURVE('',#1570,#1542,#1572,.T.);
#1570 = VERTEX_POINT('',#1571);
#1571 = CARTESIAN_POINT('',(-9.,-99.69898837435,5.E-15));
#1572 = SURFACE_CURVE('',#1573,(#1577,#1584),.PCURVE_S1.);
#1573 = LINE('',#1574,#1575);
#1574 = CARTESIAN_POINT('',(-9.,61.849687078898,0.));
#1575 = VECTOR('',#1576,1.);
#1576 = DIRECTION('',(0.,1.,0.));
#1577 = PCURVE('',#875,#1578);
#1578 = DEFINITIONAL_REPRESENTATION('',(#1579),#1583);
#1579 = LINE('',#1580,#1581);
#1580 = CARTESIAN_POINT('',(54.,63.224687078898));
#1581 = VECTOR('',#1582,1.);
#1582 = DIRECTION('',(0.,1.));
#1583 = ( GEOMETRIC_REPRESENTATION_CONTEXT(2) 
PARAMETRIC_REPRESENTATION_CONTEXT() REPRESENTATION_CONTEXT('2D SPACE',''
  ) );
#1584 = PCURVE('',#1585,#1590);
#1585 = PLANE('',#1586);
#1586 = AXIS2_PLACEMENT_3D('',#1587,#1588,#1589);
#1587 = CARTESIAN_POINT('',(0.,-1.375,0.));
#1588 = DIRECTION('',(0.,0.,-1.));
#1589 = DIRECTION('',(-1.,0.,0.));
#1590 = DEFINITIONAL_REPRESENTATION('',(#1591),#1595);
#1591 = LINE('',#1592,#1593);
#1592 = CARTESIAN_POINT('',(9.,63.224687078898));
#1593 = VECTOR('',#1594,1.);
#1594 = DIRECTION('',(0.,1.));
#1595 = ( GEOMETRIC_REPRESENTATION_CONTEXT(2) 
PARAMETRIC_REPRESENTATION_CONTEXT() REPRESENTATION_CONTEXT('2D SPACE',''
  ) );
#1596 = ORIENTED_EDGE('',*,*,#1597,.T.);
#1597 = EDGE_CURVE('',#1570,#1598,#1600,.T.);
#1598 = VERTEX_POINT('',#1599);
#1599 = CARTESIAN_POINT('',(-33.,-99.69898837435,1.1E-14));
#1600 = SURFACE_CURVE('',#1601,(#1605,#1612),.PCURVE_S1.);
#1601 = LINE('',#1602,#1603);
#1602 = CARTESIAN_POINT('',(123.,-99.69898837435,1.051E-14));
#1603 = VECTOR('',#1604,1.);
#1604 = DIRECTION('',(-1.,0.,0.));
#1605 = PCURVE('',#875,#1606);
#1606 = DEFINITIONAL_REPRESENTATION('',(#1607),#1611);
#1607 = LINE('',#1608,#1609);
#1608 = CARTESIAN_POINT('',(-78.,-98.32398837435));
#1609 = VECTOR('',#1610,1.);
#1610 = DIRECTION('',(1.,0.));
#1611 = ( GEOMETRIC_REPRESENTATION_CONTEXT(2) 
PARAMETRIC_REPRESENTATION_CONTEXT() REPRESENTATION_CONTEXT('2D SPACE',''
  ) );
#1612 = PCURVE('',#1613,#1618);
#1613 = PLANE('',#1614);
#1614 = AXIS2_PLACEMENT_3D('',#1615,#1616,#1617);
#1615 = CARTESIAN_POINT('',(123.,-99.69898837435,1.051E-14));
#1616 = DIRECTION('',(0.,1.,0.));
#1617 = DIRECTION('',(0.,0.,1.));
#1618 = DEFINITIONAL_REPRESENTATION('',(#1619),#1623);
#1619 = LINE('',#1620,#1621);
#1620 = CARTESIAN_POINT('',(0.,0.));
#1621 = VECTOR('',#1622,1.);
#1622 = DIRECTION('',(0.,-1.));
#1623 = ( GEOMETRIC_REPRESENTATION_CONTEXT(2) 
PARAMETRIC_REPRESENTATION_CONTEXT() REPRESENTATION_CONTEXT('2D SPACE',''
  ) );
#1624 = ORIENTED_EDGE('',*,*,#1625,.T.);
#1625 = EDGE_CURVE('',#1598,#1626,#1628,.T.);
#1626 = VERTEX_POINT('',#1627);
#1627 = CARTESIAN_POINT('',(-33.,-100.8989883743,1.1E-14));
#1628 = SURFACE_CURVE('',#1629,(#1633,#1640),.PCURVE_S1.);
#1629 = LINE('',#1630,#1631);
#1630 = CARTESIAN_POINT('',(-33.,-99.69898837435,1.051E-14));
#1631 = VECTOR('',#1632,1.);
#1632 = DIRECTION('',(0.,-1.,0.));
#1633 = PCURVE('',#875,#1634);
#1634 = DEFINITIONAL_REPRESENTATION('',(#1635),#1639);
#1635 = LINE('',#1636,#1637);
#1636 = CARTESIAN_POINT('',(78.,-98.32398837435));
#1637 = VECTOR('',#1638,1.);
#1638 = DIRECTION('',(0.,-1.));
#1639 = ( GEOMETRIC_REPRESENTATION_CONTEXT(2) 
PARAMETRIC_REPRESENTATION_CONTEXT() REPRESENTATION_CONTEXT('2D SPACE',''
  ) );
#1640 = PCURVE('',#1641,#1646);
#1641 = PLANE('',#1642);
#1642 = AXIS2_PLACEMENT_3D('',#1643,#1644,#1645);
#1643 = CARTESIAN_POINT('',(-33.,-99.69898837435,1.051E-14));
#1644 = DIRECTION('',(-1.,0.,0.));
#1645 = DIRECTION('',(0.,0.,-1.));
#1646 = DEFINITIONAL_REPRESENTATION('',(#1647),#1651);
#1647 = LINE('',#1648,#1649);
#1648 = CARTESIAN_POINT('',(0.,-0.));
#1649 = VECTOR('',#1650,1.);
#1650 = DIRECTION('',(0.,1.));
#1651 = ( GEOMETRIC_REPRESENTATION_CONTEXT(2) 
PARAMETRIC_REPRESENTATION_CONTEXT() REPRESENTATION_CONTEXT('2D SPACE',''
  ) );
#1652 = ORIENTED_EDGE('',*,*,#1653,.T.);
#1653 = EDGE_CURVE('',#1626,#1654,#1656,.T.);
#1654 = VERTEX_POINT('',#1655);
#1655 = CARTESIAN_POINT('',(-9.,-100.8989883743,1.1E-14));
#1656 = SURFACE_CURVE('',#1657,(#1661,#1668),.PCURVE_S1.);
#1657 = LINE('',#1658,#1659);
#1658 = CARTESIAN_POINT('',(-33.,-100.8989883743,1.051E-14));
#1659 = VECTOR('',#1660,1.);
#1660 = DIRECTION('',(1.,0.,0.));
#1661 = PCURVE('',#875,#1662);
#1662 = DEFINITIONAL_REPRESENTATION('',(#1663),#1667);
#1663 = LINE('',#1664,#1665);
#1664 = CARTESIAN_POINT('',(78.,-99.52398837435));
#1665 = VECTOR('',#1666,1.);
#1666 = DIRECTION('',(-1.,0.));
#1667 = ( GEOMETRIC_REPRESENTATION_CONTEXT(2) 
PARAMETRIC_REPRESENTATION_CONTEXT() REPRESENTATION_CONTEXT('2D SPACE',''
  ) );
#1668 = PCURVE('',#1669,#1674);
#1669 = PLANE('',#1670);
#1670 = AXIS2_PLACEMENT_3D('',#1671,#1672,#1673);
#1671 = CARTESIAN_POINT('',(-33.,-100.8989883743,1.051E-14));
#1672 = DIRECTION('',(0.,-1.,0.));
#1673 = DIRECTION('',(0.,0.,-1.));
#1674 = DEFINITIONAL_REPRESENTATION('',(#1675),#1679);
#1675 = LINE('',#1676,#1677);
#1676 = CARTESIAN_POINT('',(0.,0.));
#1677 = VECTOR('',#1678,1.);
#1678 = DIRECTION('',(0.,1.));
#1679 = ( GEOMETRIC_REPRESENTATION_CONTEXT(2) 
PARAMETRIC_REPRESENTATION_CONTEXT() REPRESENTATION_CONTEXT('2D SPACE',''
  ) );
#1680 = ORIENTED_EDGE('',*,*,#1681,.F.);
#1681 = EDGE_CURVE('',#1682,#1654,#1684,.T.);
#1682 = VERTEX_POINT('',#1683);
#1683 = CARTESIAN_POINT('',(-9.,-101.1989883743,0.));
#1684 = SURFACE_CURVE('',#1685,(#1689,#1696),.PCURVE_S1.);
#1685 = LINE('',#1686,#1687);
#1686 = CARTESIAN_POINT('',(-9.,61.849687078898,0.));
#1687 = VECTOR('',#1688,1.);
#1688 = DIRECTION('',(0.,1.,0.));
#1689 = PCURVE('',#875,#1690);
#1690 = DEFINITIONAL_REPRESENTATION('',(#1691),#1695);
#1691 = LINE('',#1692,#1693);
#1692 = CARTESIAN_POINT('',(54.,63.224687078898));
#1693 = VECTOR('',#1694,1.);
#1694 = DIRECTION('',(0.,1.));
#1695 = ( GEOMETRIC_REPRESENTATION_CONTEXT(2) 
PARAMETRIC_REPRESENTATION_CONTEXT() REPRESENTATION_CONTEXT('2D SPACE',''
  ) );
#1696 = PCURVE('',#1697,#1702);
#1697 = PLANE('',#1698);
#1698 = AXIS2_PLACEMENT_3D('',#1699,#1700,#1701);
#1699 = CARTESIAN_POINT('',(0.,-1.375,0.));
#1700 = DIRECTION('',(0.,0.,-1.));
#1701 = DIRECTION('',(-1.,0.,0.));
#1702 = DEFINITIONAL_REPRESENTATION('',(#1703),#1707);
#1703 = LINE('',#1704,#1705);
#1704 = CARTESIAN_POINT('',(9.,63.224687078898));
#1705 = VECTOR('',#1706,1.);
#1706 = DIRECTION('',(0.,1.));
#1707 = ( GEOMETRIC_REPRESENTATION_CONTEXT(2) 
PARAMETRIC_REPRESENTATION_CONTEXT() REPRESENTATION_CONTEXT('2D SPACE',''
  ) );
#1708 = ORIENTED_EDGE('',*,*,#1709,.F.);
#1709 = EDGE_CURVE('',#1710,#1682,#1712,.T.);
#1710 = VERTEX_POINT('',#1711);
#1711 = CARTESIAN_POINT('',(-9.,-102.55,0.));
#1712 = SURFACE_CURVE('',#1713,(#1717,#1724),.PCURVE_S1.);
#1713 = LINE('',#1714,#1715);
#1714 = CARTESIAN_POINT('',(-9.,61.849687078898,0.));
#1715 = VECTOR('',#1716,1.);
#1716 = DIRECTION('',(0.,1.,0.));
#1717 = PCURVE('',#875,#1718);
#1718 = DEFINITIONAL_REPRESENTATION('',(#1719),#1723);
#1719 = LINE('',#1720,#1721);
#1720 = CARTESIAN_POINT('',(54.,63.224687078898));
#1721 = VECTOR('',#1722,1.);
#1722 = DIRECTION('',(0.,1.));
#1723 = ( GEOMETRIC_REPRESENTATION_CONTEXT(2) 
PARAMETRIC_REPRESENTATION_CONTEXT() REPRESENTATION_CONTEXT('2D SPACE',''
  ) );
#1724 = PCURVE('',#1697,#1725);
#1725 = DEFINITIONAL_REPRESENTATION('',(#1726),#1730);
#1726 = LINE('',#1727,#1728);
#1727 = CARTESIAN_POINT('',(9.,63.224687078898));
#1728 = VECTOR('',#1729,1.);
#1729 = DIRECTION('',(0.,1.));
#1730 = ( GEOMETRIC_REPRESENTATION_CONTEXT(2) 
PARAMETRIC_REPRESENTATION_CONTEXT() REPRESENTATION_CONTEXT('2D SPACE',''
  ) );
#1731 = ORIENTED_EDGE('',*,*,#1732,.T.);
#1732 = EDGE_CURVE('',#1710,#866,#1733,.T.);
#1733 = SURFACE_CURVE('',#1734,(#1738,#1745),.PCURVE_S1.);
#1734 = LINE('',#1735,#1736);
#1735 = CARTESIAN_POINT('',(89.9375,-102.55,0.));
#1736 = VECTOR('',#1737,1.);
#1737 = DIRECTION('',(-1.,0.,0.));
#1738 = PCURVE('',#875,#1739);
#1739 = DEFINITIONAL_REPRESENTATION('',(#1740),#1744);
#1740 = LINE('',#1741,#1742);
#1741 = CARTESIAN_POINT('',(-44.9375,-101.175));
#1742 = VECTOR('',#1743,1.);
#1743 = DIRECTION('',(1.,0.));
#1744 = ( GEOMETRIC_REPRESENTATION_CONTEXT(2) 
PARAMETRIC_REPRESENTATION_CONTEXT() REPRESENTATION_CONTEXT('2D SPACE',''
  ) );
#1745 = PCURVE('',#1746,#1751);
#1746 = PLANE('',#1747);
#1747 = AXIS2_PLACEMENT_3D('',#1748,#1749,#1750);
#1748 = CARTESIAN_POINT('',(134.875,-102.55,0.));
#1749 = DIRECTION('',(0.,-0.99976202708,2.181488503456E-02));
#1750 = DIRECTION('',(1.,0.,0.));
#1751 = DEFINITIONAL_REPRESENTATION('',(#1752),#1756);
#1752 = LINE('',#1753,#1754);
#1753 = CARTESIAN_POINT('',(-44.9375,0.));
#1754 = VECTOR('',#1755,1.);
#1755 = DIRECTION('',(-1.,0.));
#1756 = ( GEOMETRIC_REPRESENTATION_CONTEXT(2) 
PARAMETRIC_REPRESENTATION_CONTEXT() REPRESENTATION_CONTEXT('2D SPACE',''
  ) );
#1757 = ADVANCED_FACE('',(#1758),#1771,.T.);
#1758 = FACE_BOUND('',#1759,.T.);
#1759 = EDGE_LOOP('',(#1760,#1794,#1817,#1844));
#1760 = ORIENTED_EDGE('',*,*,#1761,.T.);
#1761 = EDGE_CURVE('',#1762,#1762,#1764,.T.);
#1762 = VERTEX_POINT('',#1763);
#1763 = CARTESIAN_POINT('',(19.075,-75.1,25.65));
#1764 = SURFACE_CURVE('',#1765,(#1770,#1782),.PCURVE_S1.);
#1765 = CIRCLE('',#1766,4.);
#1766 = AXIS2_PLACEMENT_3D('',#1767,#1768,#1769);
#1767 = CARTESIAN_POINT('',(15.075,-75.1,25.65));
#1768 = DIRECTION('',(0.,0.,1.));
#1769 = DIRECTION('',(-1.,0.,0.));
#1770 = PCURVE('',#1771,#1776);
#1771 = CYLINDRICAL_SURFACE('',#1772,4.);
#1772 = AXIS2_PLACEMENT_3D('',#1773,#1774,#1775);
#1773 = CARTESIAN_POINT('',(15.075,-75.1,29.5));
#1774 = DIRECTION('',(0.,0.,-1.));
#1775 = DIRECTION('',(-1.,0.,0.));
#1776 = DEFINITIONAL_REPRESENTATION('',(#1777),#1781);
#1777 = LINE('',#1778,#1779);
#1778 = CARTESIAN_POINT('',(6.28318530718,3.85));
#1779 = VECTOR('',#1780,1.);
#1780 = DIRECTION('',(-1.,0.));
#1781 = ( GEOMETRIC_REPRESENTATION_CONTEXT(2) 
PARAMETRIC_REPRESENTATION_CONTEXT() REPRESENTATION_CONTEXT('2D SPACE',''
  ) );
#1782 = PCURVE('',#1783,#1788);
#1783 = PLANE('',#1784);
#1784 = AXIS2_PLACEMENT_3D('',#1785,#1786,#1787);
#1785 = CARTESIAN_POINT('',(15.075,-75.1,25.65));
#1786 = DIRECTION('',(0.,0.,1.));
#1787 = DIRECTION('',(-1.,0.,0.));
#1788 = DEFINITIONAL_REPRESENTATION('',(#1789),#1793);
#1789 = CIRCLE('',#1790,4.);
#1790 = AXIS2_PLACEMENT_2D('',#1791,#1792);
#1791 = CARTESIAN_POINT('',(0.,0.));
#1792 = DIRECTION('',(1.,0.));
#1793 = ( GEOMETRIC_REPRESENTATION_CONTEXT(2) 
PARAMETRIC_REPRESENTATION_CONTEXT() REPRESENTATION_CONTEXT('2D SPACE',''
  ) );
#1794 = ORIENTED_EDGE('',*,*,#1795,.T.);
#1795 = EDGE_CURVE('',#1762,#1796,#1798,.T.);
#1796 = VERTEX_POINT('',#1797);
#1797 = CARTESIAN_POINT('',(19.075,-75.1,28.));
#1798 = SEAM_CURVE('',#1799,(#1803,#1810),.PCURVE_S1.);
#1799 = LINE('',#1800,#1801);
#1800 = CARTESIAN_POINT('',(19.075,-75.1,29.5));
#1801 = VECTOR('',#1802,1.);
#1802 = DIRECTION('',(0.,0.,1.));
#1803 = PCURVE('',#1771,#1804);
#1804 = DEFINITIONAL_REPRESENTATION('',(#1805),#1809);
#1805 = LINE('',#1806,#1807);
#1806 = CARTESIAN_POINT('',(-3.14159265359,0.));
#1807 = VECTOR('',#1808,1.);
#1808 = DIRECTION('',(0.,-1.));
#1809 = ( GEOMETRIC_REPRESENTATION_CONTEXT(2) 
PARAMETRIC_REPRESENTATION_CONTEXT() REPRESENTATION_CONTEXT('2D SPACE',''
  ) );
#1810 = PCURVE('',#1771,#1811);
#1811 = DEFINITIONAL_REPRESENTATION('',(#1812),#1816);
#1812 = LINE('',#1813,#1814);
#1813 = CARTESIAN_POINT('',(3.14159265359,0.));
#1814 = VECTOR('',#1815,1.);
#1815 = DIRECTION('',(0.,-1.));
#1816 = ( GEOMETRIC_REPRESENTATION_CONTEXT(2) 
PARAMETRIC_REPRESENTATION_CONTEXT() REPRESENTATION_CONTEXT('2D SPACE',''
  ) );
#1817 = ORIENTED_EDGE('',*,*,#1818,.F.);
#1818 = EDGE_CURVE('',#1796,#1796,#1819,.T.);
#1819 = SURFACE_CURVE('',#1820,(#1825,#1832),.PCURVE_S1.);
#1820 = CIRCLE('',#1821,4.);
#1821 = AXIS2_PLACEMENT_3D('',#1822,#1823,#1824);
#1822 = CARTESIAN_POINT('',(15.075,-75.1,28.));
#1823 = DIRECTION('',(0.,0.,1.));
#1824 = DIRECTION('',(-1.,0.,0.));
#1825 = PCURVE('',#1771,#1826);
#1826 = DEFINITIONAL_REPRESENTATION('',(#1827),#1831);
#1827 = LINE('',#1828,#1829);
#1828 = CARTESIAN_POINT('',(6.28318530718,1.5));
#1829 = VECTOR('',#1830,1.);
#1830 = DIRECTION('',(-1.,0.));
#1831 = ( GEOMETRIC_REPRESENTATION_CONTEXT(2) 
PARAMETRIC_REPRESENTATION_CONTEXT() REPRESENTATION_CONTEXT('2D SPACE',''
  ) );
#1832 = PCURVE('',#1833,#1838);
#1833 = TOROIDAL_SURFACE('',#1834,5.5,1.5);
#1834 = AXIS2_PLACEMENT_3D('',#1835,#1836,#1837);
#1835 = CARTESIAN_POINT('',(15.075,-75.1,28.));
#1836 = DIRECTION('',(1.624E-14,-1.16E-15,1.));
#1837 = DIRECTION('',(-1.,0.,1.624E-14));
#1838 = DEFINITIONAL_REPRESENTATION('',(#1839),#1843);
#1839 = LINE('',#1840,#1841);
#1840 = CARTESIAN_POINT('',(-6.28318530718,3.14159265359));
#1841 = VECTOR('',#1842,1.);
#1842 = DIRECTION('',(1.,0.));
#1843 = ( GEOMETRIC_REPRESENTATION_CONTEXT(2) 
PARAMETRIC_REPRESENTATION_CONTEXT() REPRESENTATION_CONTEXT('2D SPACE',''
  ) );
#1844 = ORIENTED_EDGE('',*,*,#1795,.F.);
#1845 = ADVANCED_FACE('',(#1846),#394,.F.);
#1846 = FACE_BOUND('',#1847,.F.);
#1847 = EDGE_LOOP('',(#1848,#1879,#1900,#1901));
#1848 = ORIENTED_EDGE('',*,*,#1849,.F.);
#1849 = EDGE_CURVE('',#1850,#1852,#1854,.T.);
#1850 = VERTEX_POINT('',#1851);
#1851 = CARTESIAN_POINT('',(6.26869227435,92.0302961,0.125));
#1852 = VERTEX_POINT('',#1853);
#1853 = CARTESIAN_POINT('',(8.783978579811,98.296260864647,0.125));
#1854 = SURFACE_CURVE('',#1855,(#1860,#1867),.PCURVE_S1.);
#1855 = CIRCLE('',#1856,9.062383779386);
#1856 = AXIS2_PLACEMENT_3D('',#1857,#1858,#1859);
#1857 = CARTESIAN_POINT('',(15.331076053736,92.0302961,0.125));
#1858 = DIRECTION('',(0.,0.,-1.));
#1859 = DIRECTION('',(-1.,1.96E-15,0.));
#1860 = PCURVE('',#394,#1861);
#1861 = DEFINITIONAL_REPRESENTATION('',(#1862),#1866);
#1862 = LINE('',#1863,#1864);
#1863 = CARTESIAN_POINT('',(6.28318530718,0.));
#1864 = VECTOR('',#1865,1.);
#1865 = DIRECTION('',(-1.,0.));
#1866 = ( GEOMETRIC_REPRESENTATION_CONTEXT(2) 
PARAMETRIC_REPRESENTATION_CONTEXT() REPRESENTATION_CONTEXT('2D SPACE',''
  ) );
#1867 = PCURVE('',#1868,#1873);
#1868 = PLANE('',#1869);
#1869 = AXIS2_PLACEMENT_3D('',#1870,#1871,#1872);
#1870 = CARTESIAN_POINT('',(-5.6E-16,95.845756285633,0.125));
#1871 = DIRECTION('',(0.,0.,-1.));
#1872 = DIRECTION('',(1.,0.,0.));
#1873 = DEFINITIONAL_REPRESENTATION('',(#1874),#1878);
#1874 = CIRCLE('',#1875,9.062383779386);
#1875 = AXIS2_PLACEMENT_2D('',#1876,#1877);
#1876 = CARTESIAN_POINT('',(15.331076053736,3.815460185633));
#1877 = DIRECTION('',(-1.,-1.96E-15));
#1878 = ( GEOMETRIC_REPRESENTATION_CONTEXT(2) 
PARAMETRIC_REPRESENTATION_CONTEXT() REPRESENTATION_CONTEXT('2D SPACE',''
  ) );
#1879 = ORIENTED_EDGE('',*,*,#1880,.T.);
#1880 = EDGE_CURVE('',#1850,#345,#1881,.T.);
#1881 = SURFACE_CURVE('',#1882,(#1886,#1893),.PCURVE_S1.);
#1882 = LINE('',#1883,#1884);
#1883 = CARTESIAN_POINT('',(6.26869227435,92.0302961,0.125));
#1884 = VECTOR('',#1885,1.);
#1885 = DIRECTION('',(0.,0.,1.));
#1886 = PCURVE('',#394,#1887);
#1887 = DEFINITIONAL_REPRESENTATION('',(#1888),#1892);
#1888 = LINE('',#1889,#1890);
#1889 = CARTESIAN_POINT('',(6.28318530718,0.));
#1890 = VECTOR('',#1891,1.);
#1891 = DIRECTION('',(0.,1.));
#1892 = ( GEOMETRIC_REPRESENTATION_CONTEXT(2) 
PARAMETRIC_REPRESENTATION_CONTEXT() REPRESENTATION_CONTEXT('2D SPACE',''
  ) );
#1893 = PCURVE('',#365,#1894);
#1894 = DEFINITIONAL_REPRESENTATION('',(#1895),#1899);
#1895 = LINE('',#1896,#1897);
#1896 = CARTESIAN_POINT('',(6.28318530718,0.));
#1897 = VECTOR('',#1898,1.);
#1898 = DIRECTION('',(0.,1.));
#1899 = ( GEOMETRIC_REPRESENTATION_CONTEXT(2) 
PARAMETRIC_REPRESENTATION_CONTEXT() REPRESENTATION_CONTEXT('2D SPACE',''
  ) );
#1900 = ORIENTED_EDGE('',*,*,#377,.T.);
#1901 = ORIENTED_EDGE('',*,*,#1902,.T.);
#1902 = EDGE_CURVE('',#378,#1852,#1903,.T.);
#1903 = SURFACE_CURVE('',#1904,(#1909,#1938),.PCURVE_S1.);
#1904 = ELLIPSE('',#1905,415.42202789647,9.062383779386);
#1905 = AXIS2_PLACEMENT_3D('',#1906,#1907,#1908);
#1906 = CARTESIAN_POINT('',(15.331076053736,92.0302961,287.29009964597)
  );
#1907 = DIRECTION('',(0.,-0.99976202708,-2.181488503456E-02));
#1908 = DIRECTION('',(-4.E-17,-2.181488503456E-02,0.99976202708));
#1909 = PCURVE('',#394,#1910);
#1910 = DEFINITIONAL_REPRESENTATION('',(#1911),#1937);
#1911 = B_SPLINE_CURVE_WITH_KNOTS('',3,(#1912,#1913,#1914,#1915,#1916,
    #1917,#1918,#1919,#1920,#1921,#1922,#1923,#1924,#1925,#1926,#1927,
    #1928,#1929,#1930,#1931,#1932,#1933,#1934,#1935,#1936),
  .UNSPECIFIED.,.F.,.F.,(4,1,1,1,1,1,1,1,1,1,1,1,1,1,1,1,1,1,1,1,1,1,4),
  (2.240428473315,2.244693402155,2.248958330994,2.253223259834,
    2.257488188673,2.261753117513,2.266018046352,2.270282975192,
    2.274547904031,2.278812832871,2.28307776171,2.28734269055,
    2.29160761939,2.295872548229,2.300137477069,2.304402405908,
    2.308667334748,2.312932263587,2.317197192427,2.321462121266,
    2.325727050106,2.329991978945,2.334256907785),
  .QUASI_UNIFORM_KNOTS.);
#1912 = CARTESIAN_POINT('',(5.613553160659,29.375));
#1913 = CARTESIAN_POINT('',(5.612131517713,28.912064501798));
#1914 = CARTESIAN_POINT('',(5.60928823182,27.987756567027));
#1915 = CARTESIAN_POINT('',(5.60502330298,26.606008974668));
#1916 = CARTESIAN_POINT('',(5.600758374141,25.229000850791));
#1917 = CARTESIAN_POINT('',(5.596493445301,23.856757235841));
#1918 = CARTESIAN_POINT('',(5.592228516462,22.48930309218));
#1919 = CARTESIAN_POINT('',(5.587963587622,21.126663292753));
#1920 = CARTESIAN_POINT('',(5.583698658783,19.768862623552));
#1921 = CARTESIAN_POINT('',(5.579433729943,18.415925782378));
#1922 = CARTESIAN_POINT('',(5.575168801104,17.067877378608));
#1923 = CARTESIAN_POINT('',(5.570903872264,15.724741932688));
#1924 = CARTESIAN_POINT('',(5.566638943424,14.386543875702));
#1925 = CARTESIAN_POINT('',(5.562374014585,13.053307548925));
#1926 = CARTESIAN_POINT('',(5.558109085745,11.725057203379));
#1927 = CARTESIAN_POINT('',(5.553844156906,10.401816999394));
#1928 = CARTESIAN_POINT('',(5.549579228066,9.08361100617));
#1929 = CARTESIAN_POINT('',(5.545314299227,7.770463201324));
#1930 = CARTESIAN_POINT('',(5.541049370387,6.462397470514));
#1931 = CARTESIAN_POINT('',(5.536784441548,5.159437606778));
#1932 = CARTESIAN_POINT('',(5.532519512708,3.861607310956));
#1933 = CARTESIAN_POINT('',(5.528254583869,2.568930188054));
#1934 = CARTESIAN_POINT('',(5.523989655029,1.281429758789));
#1935 = CARTESIAN_POINT('',(5.521146369136,0.426562862572));
#1936 = CARTESIAN_POINT('',(5.51972472619,4.485E-14));
#1937 = ( GEOMETRIC_REPRESENTATION_CONTEXT(2) 
PARAMETRIC_REPRESENTATION_CONTEXT() REPRESENTATION_CONTEXT('2D SPACE',''
  ) );
#1938 = PCURVE('',#303,#1939);
#1939 = DEFINITIONAL_REPRESENTATION('',(#1940),#1948);
#1940 = ( BOUNDED_CURVE() B_SPLINE_CURVE(2,(#1941,#1942,#1943,#1944,
#1945,#1946,#1947),.UNSPECIFIED.,.T.,.F.) B_SPLINE_CURVE_WITH_KNOTS((1,2
    ,2,2,2,1),(-2.094395102393,0.,2.094395102393,4.188790204786,
6.28318530718,8.377580409573),.UNSPECIFIED.) CURVE() 
GEOMETRIC_REPRESENTATION_ITEM() RATIONAL_B_SPLINE_CURVE((1.,0.5,1.,0.5,
1.,0.5,1.)) REPRESENTATION_ITEM('') );
#1941 = CARTESIAN_POINT('',(-105.2060760537,702.87324640969));
#1942 = CARTESIAN_POINT('',(-89.50956691015,702.87324640969));
#1943 = CARTESIAN_POINT('',(-97.35782148194,79.740204564984));
#1944 = CARTESIAN_POINT('',(-105.2060760537,-543.3928372797));
#1945 = CARTESIAN_POINT('',(-113.0543306255,79.740204564984));
#1946 = CARTESIAN_POINT('',(-120.9025851973,702.87324640969));
#1947 = CARTESIAN_POINT('',(-105.2060760537,702.87324640969));
#1948 = ( GEOMETRIC_REPRESENTATION_CONTEXT(2) 
PARAMETRIC_REPRESENTATION_CONTEXT() REPRESENTATION_CONTEXT('2D SPACE',''
  ) );
#1949 = ADVANCED_FACE('',(#1950),#1557,.F.);
#1950 = FACE_BOUND('',#1951,.F.);
#1951 = EDGE_LOOP('',(#1952,#1973,#1996,#2017));
#1952 = ORIENTED_EDGE('',*,*,#1953,.F.);
#1953 = EDGE_CURVE('',#237,#1542,#1954,.T.);
#1954 = SURFACE_CURVE('',#1955,(#1959,#1966),.PCURVE_S1.);
#1955 = LINE('',#1956,#1957);
#1956 = CARTESIAN_POINT('',(-9.,-98.86581839757,-25.97745219076));
#1957 = VECTOR('',#1958,1.);
#1958 = DIRECTION('',(6.E-17,-2.181488503456E-02,-0.99976202708));
#1959 = PCURVE('',#1557,#1960);
#1960 = DEFINITIONAL_REPRESENTATION('',(#1961),#1965);
#1961 = LINE('',#1962,#1963);
#1962 = CARTESIAN_POINT('',(-143.875,-25.8909002625));
#1963 = VECTOR('',#1964,1.);
#1964 = DIRECTION('',(6.E-17,-1.));
#1965 = ( GEOMETRIC_REPRESENTATION_CONTEXT(2) 
PARAMETRIC_REPRESENTATION_CONTEXT() REPRESENTATION_CONTEXT('2D SPACE',''
  ) );
#1966 = PCURVE('',#133,#1967);
#1967 = DEFINITIONAL_REPRESENTATION('',(#1968),#1972);
#1968 = LINE('',#1969,#1970);
#1969 = CARTESIAN_POINT('',(-98.875,-25.8909002625));
#1970 = VECTOR('',#1971,1.);
#1971 = DIRECTION('',(6.E-17,-1.));
#1972 = ( GEOMETRIC_REPRESENTATION_CONTEXT(2) 
PARAMETRIC_REPRESENTATION_CONTEXT() REPRESENTATION_CONTEXT('2D SPACE',''
  ) );
#1973 = ORIENTED_EDGE('',*,*,#1974,.F.);
#1974 = EDGE_CURVE('',#1975,#237,#1977,.T.);
#1975 = VERTEX_POINT('',#1976);
#1976 = CARTESIAN_POINT('',(-18.65,-97.65529608449,29.5));
#1977 = SURFACE_CURVE('',#1978,(#1982,#1989),.PCURVE_S1.);
#1978 = LINE('',#1979,#1980);
#1979 = CARTESIAN_POINT('',(-18.65,-97.65529608449,29.5));
#1980 = VECTOR('',#1981,1.);
#1981 = DIRECTION('',(1.,0.,0.));
#1982 = PCURVE('',#1557,#1983);
#1983 = DEFINITIONAL_REPRESENTATION('',(#1984),#1988);
#1984 = LINE('',#1985,#1986);
#1985 = CARTESIAN_POINT('',(-153.525,29.599757202052));
#1986 = VECTOR('',#1987,1.);
#1987 = DIRECTION('',(1.,0.));
#1988 = ( GEOMETRIC_REPRESENTATION_CONTEXT(2) 
PARAMETRIC_REPRESENTATION_CONTEXT() REPRESENTATION_CONTEXT('2D SPACE',''
  ) );
#1989 = PCURVE('',#275,#1990);
#1990 = DEFINITIONAL_REPRESENTATION('',(#1991),#1995);
#1991 = LINE('',#1992,#1993);
#1992 = CARTESIAN_POINT('',(-63.65,97.655296084497));
#1993 = VECTOR('',#1994,1.);
#1994 = DIRECTION('',(1.,0.));
#1995 = ( GEOMETRIC_REPRESENTATION_CONTEXT(2) 
PARAMETRIC_REPRESENTATION_CONTEXT() REPRESENTATION_CONTEXT('2D SPACE',''
  ) );
#1996 = ORIENTED_EDGE('',*,*,#1997,.F.);
#1997 = EDGE_CURVE('',#1514,#1975,#1998,.T.);
#1998 = SURFACE_CURVE('',#1999,(#2003,#2010),.PCURVE_S1.);
#1999 = LINE('',#2000,#2001);
#2000 = CARTESIAN_POINT('',(-18.65,-98.29898837435,1.051E-14));
#2001 = VECTOR('',#2002,1.);
#2002 = DIRECTION('',(0.,2.181488503456E-02,0.99976202708));
#2003 = PCURVE('',#1557,#2004);
#2004 = DEFINITIONAL_REPRESENTATION('',(#2005),#2009);
#2005 = LINE('',#2006,#2007);
#2006 = CARTESIAN_POINT('',(-153.525,9.273532989414E-02));
#2007 = VECTOR('',#2008,1.);
#2008 = DIRECTION('',(0.,1.));
#2009 = ( GEOMETRIC_REPRESENTATION_CONTEXT(2) 
PARAMETRIC_REPRESENTATION_CONTEXT() REPRESENTATION_CONTEXT('2D SPACE',''
  ) );
#2010 = PCURVE('',#1529,#2011);
#2011 = DEFINITIONAL_REPRESENTATION('',(#2012),#2016);
#2012 = LINE('',#2013,#2014);
#2013 = CARTESIAN_POINT('',(-14.75,0.));
#2014 = VECTOR('',#2015,1.);
#2015 = DIRECTION('',(0.99976202708,-2.181488503456E-02));
#2016 = ( GEOMETRIC_REPRESENTATION_CONTEXT(2) 
PARAMETRIC_REPRESENTATION_CONTEXT() REPRESENTATION_CONTEXT('2D SPACE',''
  ) );
#2017 = ORIENTED_EDGE('',*,*,#1541,.T.);
#2018 = ADVANCED_FACE('',(#2019),#2033,.F.);
#2019 = FACE_BOUND('',#2020,.F.);
#2020 = EDGE_LOOP('',(#2021,#2051,#2078,#2079));
#2021 = ORIENTED_EDGE('',*,*,#2022,.T.);
#2022 = EDGE_CURVE('',#2023,#2025,#2027,.T.);
#2023 = VERTEX_POINT('',#2024);
#2024 = CARTESIAN_POINT('',(-12.725,-75.1,25.65));
#2025 = VERTEX_POINT('',#2026);
#2026 = CARTESIAN_POINT('',(-12.725,-75.1,30.35));
#2027 = SEAM_CURVE('',#2028,(#2032,#2044),.PCURVE_S1.);
#2028 = LINE('',#2029,#2030);
#2029 = CARTESIAN_POINT('',(-12.725,-75.1,28.));
#2030 = VECTOR('',#2031,1.);
#2031 = DIRECTION('',(0.,0.,1.));
#2032 = PCURVE('',#2033,#2038);
#2033 = CYLINDRICAL_SURFACE('',#2034,2.35);
#2034 = AXIS2_PLACEMENT_3D('',#2035,#2036,#2037);
#2035 = CARTESIAN_POINT('',(-15.075,-75.1,28.));
#2036 = DIRECTION('',(0.,0.,1.));
#2037 = DIRECTION('',(-1.,0.,0.));
#2038 = DEFINITIONAL_REPRESENTATION('',(#2039),#2043);
#2039 = LINE('',#2040,#2041);
#2040 = CARTESIAN_POINT('',(9.424777960769,0.));
#2041 = VECTOR('',#2042,1.);
#2042 = DIRECTION('',(0.,1.));
#2043 = ( GEOMETRIC_REPRESENTATION_CONTEXT(2) 
PARAMETRIC_REPRESENTATION_CONTEXT() REPRESENTATION_CONTEXT('2D SPACE',''
  ) );
#2044 = PCURVE('',#2033,#2045);
#2045 = DEFINITIONAL_REPRESENTATION('',(#2046),#2050);
#2046 = LINE('',#2047,#2048);
#2047 = CARTESIAN_POINT('',(3.14159265359,0.));
#2048 = VECTOR('',#2049,1.);
#2049 = DIRECTION('',(0.,1.));
#2050 = ( GEOMETRIC_REPRESENTATION_CONTEXT(2) 
PARAMETRIC_REPRESENTATION_CONTEXT() REPRESENTATION_CONTEXT('2D SPACE',''
  ) );
#2051 = ORIENTED_EDGE('',*,*,#2052,.F.);
#2052 = EDGE_CURVE('',#2025,#2025,#2053,.T.);
#2053 = SURFACE_CURVE('',#2054,(#2059,#2066),.PCURVE_S1.);
#2054 = CIRCLE('',#2055,2.35);
#2055 = AXIS2_PLACEMENT_3D('',#2056,#2057,#2058);
#2056 = CARTESIAN_POINT('',(-15.075,-75.1,30.35));
#2057 = DIRECTION('',(0.,0.,1.));
#2058 = DIRECTION('',(-1.,0.,0.));
#2059 = PCURVE('',#2033,#2060);
#2060 = DEFINITIONAL_REPRESENTATION('',(#2061),#2065);
#2061 = LINE('',#2062,#2063);
#2062 = CARTESIAN_POINT('',(0.,2.35));
#2063 = VECTOR('',#2064,1.);
#2064 = DIRECTION('',(1.,0.));
#2065 = ( GEOMETRIC_REPRESENTATION_CONTEXT(2) 
PARAMETRIC_REPRESENTATION_CONTEXT() REPRESENTATION_CONTEXT('2D SPACE',''
  ) );
#2066 = PCURVE('',#2067,#2072);
#2067 = PLANE('',#2068);
#2068 = AXIS2_PLACEMENT_3D('',#2069,#2070,#2071);
#2069 = CARTESIAN_POINT('',(-15.075,-75.1,30.35));
#2070 = DIRECTION('',(0.,0.,1.));
#2071 = DIRECTION('',(-1.,0.,0.));
#2072 = DEFINITIONAL_REPRESENTATION('',(#2073),#2077);
#2073 = CIRCLE('',#2074,2.35);
#2074 = AXIS2_PLACEMENT_2D('',#2075,#2076);
#2075 = CARTESIAN_POINT('',(0.,0.));
#2076 = DIRECTION('',(1.,0.));
#2077 = ( GEOMETRIC_REPRESENTATION_CONTEXT(2) 
PARAMETRIC_REPRESENTATION_CONTEXT() REPRESENTATION_CONTEXT('2D SPACE',''
  ) );
#2078 = ORIENTED_EDGE('',*,*,#2022,.F.);
#2079 = ORIENTED_EDGE('',*,*,#2080,.T.);
#2080 = EDGE_CURVE('',#2023,#2023,#2081,.T.);
#2081 = SURFACE_CURVE('',#2082,(#2087,#2094),.PCURVE_S1.);
#2082 = CIRCLE('',#2083,2.35);
#2083 = AXIS2_PLACEMENT_3D('',#2084,#2085,#2086);
#2084 = CARTESIAN_POINT('',(-15.075,-75.1,25.65));
#2085 = DIRECTION('',(0.,0.,1.));
#2086 = DIRECTION('',(-1.,0.,0.));
#2087 = PCURVE('',#2033,#2088);
#2088 = DEFINITIONAL_REPRESENTATION('',(#2089),#2093);
#2089 = LINE('',#2090,#2091);
#2090 = CARTESIAN_POINT('',(0.,-2.35));
#2091 = VECTOR('',#2092,1.);
#2092 = DIRECTION('',(1.,0.));
#2093 = ( GEOMETRIC_REPRESENTATION_CONTEXT(2) 
PARAMETRIC_REPRESENTATION_CONTEXT() REPRESENTATION_CONTEXT('2D SPACE',''
  ) );
#2094 = PCURVE('',#2095,#2100);
#2095 = PLANE('',#2096);
#2096 = AXIS2_PLACEMENT_3D('',#2097,#2098,#2099);
#2097 = CARTESIAN_POINT('',(-15.075,-79.1,25.65));
#2098 = DIRECTION('',(0.,0.,1.));
#2099 = DIRECTION('',(-1.,0.,0.));
#2100 = DEFINITIONAL_REPRESENTATION('',(#2101),#2105);
#2101 = CIRCLE('',#2102,2.35);
#2102 = AXIS2_PLACEMENT_2D('',#2103,#2104);
#2103 = CARTESIAN_POINT('',(0.,-4.));
#2104 = DIRECTION('',(1.,0.));
#2105 = ( GEOMETRIC_REPRESENTATION_CONTEXT(2) 
PARAMETRIC_REPRESENTATION_CONTEXT() REPRESENTATION_CONTEXT('2D SPACE',''
  ) );
#2106 = ADVANCED_FACE('',(#2107),#2121,.F.);
#2107 = FACE_BOUND('',#2108,.T.);
#2108 = EDGE_LOOP('',(#2109,#2144,#2167,#2195));
#2109 = ORIENTED_EDGE('',*,*,#2110,.T.);
#2110 = EDGE_CURVE('',#2111,#2113,#2115,.T.);
#2111 = VERTEX_POINT('',#2112);
#2112 = CARTESIAN_POINT('',(28.,-98.29898837435,1.1E-14));
#2113 = VERTEX_POINT('',#2114);
#2114 = CARTESIAN_POINT('',(28.,-97.65529608449,29.5));
#2115 = SURFACE_CURVE('',#2116,(#2120,#2132),.PCURVE_S1.);
#2116 = LINE('',#2117,#2118);
#2117 = CARTESIAN_POINT('',(28.,-98.29898837435,1.051E-14));
#2118 = VECTOR('',#2119,1.);
#2119 = DIRECTION('',(0.,2.181488503456E-02,0.99976202708));
#2120 = PCURVE('',#2121,#2126);
#2121 = PLANE('',#2122);
#2122 = AXIS2_PLACEMENT_3D('',#2123,#2124,#2125);
#2123 = CARTESIAN_POINT('',(44.875,-98.30101138491,-9.271326139688E-02)
  );
#2124 = DIRECTION('',(0.,-0.99976202708,2.181488503456E-02));
#2125 = DIRECTION('',(1.,0.,0.));
#2126 = DEFINITIONAL_REPRESENTATION('',(#2127),#2131);
#2127 = LINE('',#2128,#2129);
#2128 = CARTESIAN_POINT('',(-16.875,9.273532989414E-02));
#2129 = VECTOR('',#2130,1.);
#2130 = DIRECTION('',(0.,1.));
#2131 = ( GEOMETRIC_REPRESENTATION_CONTEXT(2) 
PARAMETRIC_REPRESENTATION_CONTEXT() REPRESENTATION_CONTEXT('2D SPACE',''
  ) );
#2132 = PCURVE('',#2133,#2138);
#2133 = PLANE('',#2134);
#2134 = AXIS2_PLACEMENT_3D('',#2135,#2136,#2137);
#2135 = CARTESIAN_POINT('',(28.,-96.79898837435,1.051E-14));
#2136 = DIRECTION('',(1.,0.,0.));
#2137 = DIRECTION('',(0.,0.,1.));
#2138 = DEFINITIONAL_REPRESENTATION('',(#2139),#2143);
#2139 = LINE('',#2140,#2141);
#2140 = CARTESIAN_POINT('',(0.,1.5));
#2141 = VECTOR('',#2142,1.);
#2142 = DIRECTION('',(0.99976202708,-2.181488503456E-02));
#2143 = ( GEOMETRIC_REPRESENTATION_CONTEXT(2) 
PARAMETRIC_REPRESENTATION_CONTEXT() REPRESENTATION_CONTEXT('2D SPACE',''
  ) );
#2144 = ORIENTED_EDGE('',*,*,#2145,.T.);
#2145 = EDGE_CURVE('',#2113,#2146,#2148,.T.);
#2146 = VERTEX_POINT('',#2147);
#2147 = CARTESIAN_POINT('',(36.15,-97.65529608449,29.5));
#2148 = SURFACE_CURVE('',#2149,(#2153,#2160),.PCURVE_S1.);
#2149 = LINE('',#2150,#2151);
#2150 = CARTESIAN_POINT('',(28.,-97.65529608449,29.5));
#2151 = VECTOR('',#2152,1.);
#2152 = DIRECTION('',(1.,0.,0.));
#2153 = PCURVE('',#2121,#2154);
#2154 = DEFINITIONAL_REPRESENTATION('',(#2155),#2159);
#2155 = LINE('',#2156,#2157);
#2156 = CARTESIAN_POINT('',(-16.875,29.599757202052));
#2157 = VECTOR('',#2158,1.);
#2158 = DIRECTION('',(1.,0.));
#2159 = ( GEOMETRIC_REPRESENTATION_CONTEXT(2) 
PARAMETRIC_REPRESENTATION_CONTEXT() REPRESENTATION_CONTEXT('2D SPACE',''
  ) );
#2160 = PCURVE('',#67,#2161);
#2161 = DEFINITIONAL_REPRESENTATION('',(#2162),#2166);
#2162 = LINE('',#2163,#2164);
#2163 = CARTESIAN_POINT('',(73.,97.655296084497));
#2164 = VECTOR('',#2165,1.);
#2165 = DIRECTION('',(1.,0.));
#2166 = ( GEOMETRIC_REPRESENTATION_CONTEXT(2) 
PARAMETRIC_REPRESENTATION_CONTEXT() REPRESENTATION_CONTEXT('2D SPACE',''
  ) );
#2167 = ORIENTED_EDGE('',*,*,#2168,.F.);
#2168 = EDGE_CURVE('',#2169,#2146,#2171,.T.);
#2169 = VERTEX_POINT('',#2170);
#2170 = CARTESIAN_POINT('',(36.15,-98.29898837435,1.1E-14));
#2171 = SURFACE_CURVE('',#2172,(#2176,#2183),.PCURVE_S1.);
#2172 = LINE('',#2173,#2174);
#2173 = CARTESIAN_POINT('',(36.15,-98.29898837435,1.065E-14));
#2174 = VECTOR('',#2175,1.);
#2175 = DIRECTION('',(0.,2.181488503456E-02,0.99976202708));
#2176 = PCURVE('',#2121,#2177);
#2177 = DEFINITIONAL_REPRESENTATION('',(#2178),#2182);
#2178 = LINE('',#2179,#2180);
#2179 = CARTESIAN_POINT('',(-8.725,9.273532989414E-02));
#2180 = VECTOR('',#2181,1.);
#2181 = DIRECTION('',(0.,1.));
#2182 = ( GEOMETRIC_REPRESENTATION_CONTEXT(2) 
PARAMETRIC_REPRESENTATION_CONTEXT() REPRESENTATION_CONTEXT('2D SPACE',''
  ) );
#2183 = PCURVE('',#2184,#2189);
#2184 = CYLINDRICAL_SURFACE('',#2185,1.);
#2185 = AXIS2_PLACEMENT_3D('',#2186,#2187,#2188);
#2186 = CARTESIAN_POINT('',(36.15,-97.30023785255,-6.817151573299E-02));
#2187 = DIRECTION('',(6.E-17,-2.181488503456E-02,-0.99976202708));
#2188 = DIRECTION('',(0.707106781187,-0.706938508921,1.542545313874E-02)
  );
#2189 = DEFINITIONAL_REPRESENTATION('',(#2190),#2194);
#2190 = LINE('',#2191,#2192);
#2191 = CARTESIAN_POINT('',(0.785398163397,-4.636766494707E-02));
#2192 = VECTOR('',#2193,1.);
#2193 = DIRECTION('',(-4.7E-16,-1.));
#2194 = ( GEOMETRIC_REPRESENTATION_CONTEXT(2) 
PARAMETRIC_REPRESENTATION_CONTEXT() REPRESENTATION_CONTEXT('2D SPACE',''
  ) );
#2195 = ORIENTED_EDGE('',*,*,#2196,.F.);
#2196 = EDGE_CURVE('',#2111,#2169,#2197,.T.);
#2197 = SURFACE_CURVE('',#2198,(#2202,#2209),.PCURVE_S1.);
#2198 = LINE('',#2199,#2200);
#2199 = CARTESIAN_POINT('',(28.,-98.29898837435,1.051E-14));
#2200 = VECTOR('',#2201,1.);
#2201 = DIRECTION('',(1.,0.,0.));
#2202 = PCURVE('',#2121,#2203);
#2203 = DEFINITIONAL_REPRESENTATION('',(#2204),#2208);
#2204 = LINE('',#2205,#2206);
#2205 = CARTESIAN_POINT('',(-16.875,9.273532989414E-02));
#2206 = VECTOR('',#2207,1.);
#2207 = DIRECTION('',(1.,0.));
#2208 = ( GEOMETRIC_REPRESENTATION_CONTEXT(2) 
PARAMETRIC_REPRESENTATION_CONTEXT() REPRESENTATION_CONTEXT('2D SPACE',''
  ) );
#2209 = PCURVE('',#675,#2210);
#2210 = DEFINITIONAL_REPRESENTATION('',(#2211),#2215);
#2211 = LINE('',#2212,#2213);
#2212 = CARTESIAN_POINT('',(-73.,-96.92398837435));
#2213 = VECTOR('',#2214,1.);
#2214 = DIRECTION('',(-1.,0.));
#2215 = ( GEOMETRIC_REPRESENTATION_CONTEXT(2) 
PARAMETRIC_REPRESENTATION_CONTEXT() REPRESENTATION_CONTEXT('2D SPACE',''
  ) );
#2216 = ADVANCED_FACE('',(#2217),#2230,.T.);
#2217 = FACE_BOUND('',#2218,.T.);
#2218 = EDGE_LOOP('',(#2219,#2253,#2276,#2307));
#2219 = ORIENTED_EDGE('',*,*,#2220,.F.);
#2220 = EDGE_CURVE('',#2221,#2221,#2223,.T.);
#2221 = VERTEX_POINT('',#2222);
#2222 = CARTESIAN_POINT('',(-11.075,-25.1,28.));
#2223 = SURFACE_CURVE('',#2224,(#2229,#2241),.PCURVE_S1.);
#2224 = CIRCLE('',#2225,4.);
#2225 = AXIS2_PLACEMENT_3D('',#2226,#2227,#2228);
#2226 = CARTESIAN_POINT('',(-15.075,-25.1,28.));
#2227 = DIRECTION('',(0.,0.,1.));
#2228 = DIRECTION('',(1.,0.,0.));
#2229 = PCURVE('',#2230,#2235);
#2230 = CYLINDRICAL_SURFACE('',#2231,4.);
#2231 = AXIS2_PLACEMENT_3D('',#2232,#2233,#2234);
#2232 = CARTESIAN_POINT('',(-15.075,-25.1,26.825));
#2233 = DIRECTION('',(0.,0.,1.));
#2234 = DIRECTION('',(-1.,0.,0.));
#2235 = DEFINITIONAL_REPRESENTATION('',(#2236),#2240);
#2236 = LINE('',#2237,#2238);
#2237 = CARTESIAN_POINT('',(-3.14159265359,1.175));
#2238 = VECTOR('',#2239,1.);
#2239 = DIRECTION('',(1.,0.));
#2240 = ( GEOMETRIC_REPRESENTATION_CONTEXT(2) 
PARAMETRIC_REPRESENTATION_CONTEXT() REPRESENTATION_CONTEXT('2D SPACE',''
  ) );
#2241 = PCURVE('',#2242,#2247);
#2242 = TOROIDAL_SURFACE('',#2243,5.5,1.5);
#2243 = AXIS2_PLACEMENT_3D('',#2244,#2245,#2246);
#2244 = CARTESIAN_POINT('',(-15.075,-25.1,28.));
#2245 = DIRECTION('',(1.416E-14,-1.9E-15,1.));
#2246 = DIRECTION('',(-1.,0.,1.416E-14));
#2247 = DEFINITIONAL_REPRESENTATION('',(#2248),#2252);
#2248 = LINE('',#2249,#2250);
#2249 = CARTESIAN_POINT('',(-3.14159265359,3.14159265359));
#2250 = VECTOR('',#2251,1.);
#2251 = DIRECTION('',(1.,0.));
#2252 = ( GEOMETRIC_REPRESENTATION_CONTEXT(2) 
PARAMETRIC_REPRESENTATION_CONTEXT() REPRESENTATION_CONTEXT('2D SPACE',''
  ) );
#2253 = ORIENTED_EDGE('',*,*,#2254,.T.);
#2254 = EDGE_CURVE('',#2221,#2255,#2257,.T.);
#2255 = VERTEX_POINT('',#2256);
#2256 = CARTESIAN_POINT('',(-11.075,-25.1,25.65));
#2257 = SEAM_CURVE('',#2258,(#2262,#2269),.PCURVE_S1.);
#2258 = LINE('',#2259,#2260);
#2259 = CARTESIAN_POINT('',(-11.075,-25.1,26.825));
#2260 = VECTOR('',#2261,1.);
#2261 = DIRECTION('',(0.,0.,-1.));
#2262 = PCURVE('',#2230,#2263);
#2263 = DEFINITIONAL_REPRESENTATION('',(#2264),#2268);
#2264 = LINE('',#2265,#2266);
#2265 = CARTESIAN_POINT('',(-3.14159265359,0.));
#2266 = VECTOR('',#2267,1.);
#2267 = DIRECTION('',(0.,-1.));
#2268 = ( GEOMETRIC_REPRESENTATION_CONTEXT(2) 
PARAMETRIC_REPRESENTATION_CONTEXT() REPRESENTATION_CONTEXT('2D SPACE',''
  ) );
#2269 = PCURVE('',#2230,#2270);
#2270 = DEFINITIONAL_REPRESENTATION('',(#2271),#2275);
#2271 = LINE('',#2272,#2273);
#2272 = CARTESIAN_POINT('',(3.14159265359,0.));
#2273 = VECTOR('',#2274,1.);
#2274 = DIRECTION('',(0.,-1.));
#2275 = ( GEOMETRIC_REPRESENTATION_CONTEXT(2) 
PARAMETRIC_REPRESENTATION_CONTEXT() REPRESENTATION_CONTEXT('2D SPACE',''
  ) );
#2276 = ORIENTED_EDGE('',*,*,#2277,.F.);
#2277 = EDGE_CURVE('',#2255,#2255,#2278,.T.);
#2278 = SURFACE_CURVE('',#2279,(#2284,#2291),.PCURVE_S1.);
#2279 = CIRCLE('',#2280,4.);
#2280 = AXIS2_PLACEMENT_3D('',#2281,#2282,#2283);
#2281 = CARTESIAN_POINT('',(-15.075,-25.1,25.65));
#2282 = DIRECTION('',(0.,0.,-1.));
#2283 = DIRECTION('',(1.,0.,0.));
#2284 = PCURVE('',#2230,#2285);
#2285 = DEFINITIONAL_REPRESENTATION('',(#2286),#2290);
#2286 = LINE('',#2287,#2288);
#2287 = CARTESIAN_POINT('',(3.14159265359,-1.175));
#2288 = VECTOR('',#2289,1.);
#2289 = DIRECTION('',(-1.,0.));
#2290 = ( GEOMETRIC_REPRESENTATION_CONTEXT(2) 
PARAMETRIC_REPRESENTATION_CONTEXT() REPRESENTATION_CONTEXT('2D SPACE',''
  ) );
#2291 = PCURVE('',#2292,#2297);
#2292 = PLANE('',#2293);
#2293 = AXIS2_PLACEMENT_3D('',#2294,#2295,#2296);
#2294 = CARTESIAN_POINT('',(-15.075,-29.1,25.65));
#2295 = DIRECTION('',(0.,0.,1.));
#2296 = DIRECTION('',(-1.,0.,0.));
#2297 = DEFINITIONAL_REPRESENTATION('',(#2298),#2306);
#2298 = ( BOUNDED_CURVE() B_SPLINE_CURVE(2,(#2299,#2300,#2301,#2302,
#2303,#2304,#2305),.UNSPECIFIED.,.T.,.F.) B_SPLINE_CURVE_WITH_KNOTS((1,2
    ,2,2,2,1),(-2.094395102393,0.,2.094395102393,4.188790204786,
6.28318530718,8.377580409573),.UNSPECIFIED.) CURVE() 
GEOMETRIC_REPRESENTATION_ITEM() RATIONAL_B_SPLINE_CURVE((1.,0.5,1.,0.5,
1.,0.5,1.)) REPRESENTATION_ITEM('') );
#2299 = CARTESIAN_POINT('',(-4.,-4.));
#2300 = CARTESIAN_POINT('',(-4.,2.928203230276));
#2301 = CARTESIAN_POINT('',(2.,-0.535898384862));
#2302 = CARTESIAN_POINT('',(8.,-4.));
#2303 = CARTESIAN_POINT('',(2.,-7.464101615138));
#2304 = CARTESIAN_POINT('',(-4.,-10.92820323027));
#2305 = CARTESIAN_POINT('',(-4.,-4.));
#2306 = ( GEOMETRIC_REPRESENTATION_CONTEXT(2) 
PARAMETRIC_REPRESENTATION_CONTEXT() REPRESENTATION_CONTEXT('2D SPACE',''
  ) );
#2307 = ORIENTED_EDGE('',*,*,#2254,.F.);
#2308 = ADVANCED_FACE('',(#2309),#2323,.F.);
#2309 = FACE_BOUND('',#2310,.T.);
#2310 = EDGE_LOOP('',(#2311,#2346,#2374,#2397));
#2311 = ORIENTED_EDGE('',*,*,#2312,.F.);
#2312 = EDGE_CURVE('',#2313,#2315,#2317,.T.);
#2313 = VERTEX_POINT('',#2314);
#2314 = CARTESIAN_POINT('',(-33.25,99.69898837435,1.75));
#2315 = VERTEX_POINT('',#2316);
#2316 = CARTESIAN_POINT('',(-33.25,101.19898837435,1.75));
#2317 = SURFACE_CURVE('',#2318,(#2322,#2334),.PCURVE_S1.);
#2318 = LINE('',#2319,#2320);
#2319 = CARTESIAN_POINT('',(-33.25,99.69898837435,1.75));
#2320 = VECTOR('',#2321,1.);
#2321 = DIRECTION('',(0.,1.,0.));
#2322 = PCURVE('',#2323,#2328);
#2323 = PLANE('',#2324);
#2324 = AXIS2_PLACEMENT_3D('',#2325,#2326,#2327);
#2325 = CARTESIAN_POINT('',(-33.25,99.69898837435,1.051E-14));
#2326 = DIRECTION('',(-1.,0.,0.));
#2327 = DIRECTION('',(0.,0.,-1.));
#2328 = DEFINITIONAL_REPRESENTATION('',(#2329),#2333);
#2329 = LINE('',#2330,#2331);
#2330 = CARTESIAN_POINT('',(-1.75,-0.));
#2331 = VECTOR('',#2332,1.);
#2332 = DIRECTION('',(0.,-1.));
#2333 = ( GEOMETRIC_REPRESENTATION_CONTEXT(2) 
PARAMETRIC_REPRESENTATION_CONTEXT() REPRESENTATION_CONTEXT('2D SPACE',''
  ) );
#2334 = PCURVE('',#2335,#2340);
#2335 = PLANE('',#2336);
#2336 = AXIS2_PLACEMENT_3D('',#2337,#2338,#2339);
#2337 = CARTESIAN_POINT('',(45.,100.44898837435,1.75));
#2338 = DIRECTION('',(0.,0.,-1.));
#2339 = DIRECTION('',(1.,0.,0.));
#2340 = DEFINITIONAL_REPRESENTATION('',(#2341),#2345);
#2341 = LINE('',#2342,#2343);
#2342 = CARTESIAN_POINT('',(-78.25,0.75));
#2343 = VECTOR('',#2344,1.);
#2344 = DIRECTION('',(0.,-1.));
#2345 = ( GEOMETRIC_REPRESENTATION_CONTEXT(2) 
PARAMETRIC_REPRESENTATION_CONTEXT() REPRESENTATION_CONTEXT('2D SPACE',''
  ) );
#2346 = ORIENTED_EDGE('',*,*,#2347,.F.);
#2347 = EDGE_CURVE('',#2348,#2313,#2350,.T.);
#2348 = VERTEX_POINT('',#2349);
#2349 = CARTESIAN_POINT('',(-33.25,99.69898837435,1.1E-14));
#2350 = SURFACE_CURVE('',#2351,(#2355,#2362),.PCURVE_S1.);
#2351 = LINE('',#2352,#2353);
#2352 = CARTESIAN_POINT('',(-33.25,99.69898837435,1.051E-14));
#2353 = VECTOR('',#2354,1.);
#2354 = DIRECTION('',(0.,0.,1.));
#2355 = PCURVE('',#2323,#2356);
#2356 = DEFINITIONAL_REPRESENTATION('',(#2357),#2361);
#2357 = LINE('',#2358,#2359);
#2358 = CARTESIAN_POINT('',(0.,-0.));
#2359 = VECTOR('',#2360,1.);
#2360 = DIRECTION('',(-1.,-0.));
#2361 = ( GEOMETRIC_REPRESENTATION_CONTEXT(2) 
PARAMETRIC_REPRESENTATION_CONTEXT() REPRESENTATION_CONTEXT('2D SPACE',''
  ) );
#2362 = PCURVE('',#2363,#2368);
#2363 = PLANE('',#2364);
#2364 = AXIS2_PLACEMENT_3D('',#2365,#2366,#2367);
#2365 = CARTESIAN_POINT('',(123.25,99.69898837435,1.051E-14));
#2366 = DIRECTION('',(0.,-1.,0.));
#2367 = DIRECTION('',(0.,0.,-1.));
#2368 = DEFINITIONAL_REPRESENTATION('',(#2369),#2373);
#2369 = LINE('',#2370,#2371);
#2370 = CARTESIAN_POINT('',(0.,-156.5));
#2371 = VECTOR('',#2372,1.);
#2372 = DIRECTION('',(-1.,0.));
#2373 = ( GEOMETRIC_REPRESENTATION_CONTEXT(2) 
PARAMETRIC_REPRESENTATION_CONTEXT() REPRESENTATION_CONTEXT('2D SPACE',''
  ) );
#2374 = ORIENTED_EDGE('',*,*,#2375,.F.);
#2375 = EDGE_CURVE('',#2376,#2348,#2378,.T.);
#2376 = VERTEX_POINT('',#2377);
#2377 = CARTESIAN_POINT('',(-33.25,101.19898837435,1.1E-14));
#2378 = SURFACE_CURVE('',#2379,(#2383,#2390),.PCURVE_S1.);
#2379 = LINE('',#2380,#2381);
#2380 = CARTESIAN_POINT('',(-33.25,101.19898837435,1.051E-14));
#2381 = VECTOR('',#2382,1.);
#2382 = DIRECTION('',(0.,-1.,0.));
#2383 = PCURVE('',#2323,#2384);
#2384 = DEFINITIONAL_REPRESENTATION('',(#2385),#2389);
#2385 = LINE('',#2386,#2387);
#2386 = CARTESIAN_POINT('',(0.,-1.5));
#2387 = VECTOR('',#2388,1.);
#2388 = DIRECTION('',(0.,1.));
#2389 = ( GEOMETRIC_REPRESENTATION_CONTEXT(2) 
PARAMETRIC_REPRESENTATION_CONTEXT() REPRESENTATION_CONTEXT('2D SPACE',''
  ) );
#2390 = PCURVE('',#527,#2391);
#2391 = DEFINITIONAL_REPRESENTATION('',(#2392),#2396);
#2392 = LINE('',#2393,#2394);
#2393 = CARTESIAN_POINT('',(78.25,102.57398837435));
#2394 = VECTOR('',#2395,1.);
#2395 = DIRECTION('',(0.,-1.));
#2396 = ( GEOMETRIC_REPRESENTATION_CONTEXT(2) 
PARAMETRIC_REPRESENTATION_CONTEXT() REPRESENTATION_CONTEXT('2D SPACE',''
  ) );
#2397 = ORIENTED_EDGE('',*,*,#2398,.T.);
#2398 = EDGE_CURVE('',#2376,#2315,#2399,.T.);
#2399 = SURFACE_CURVE('',#2400,(#2404,#2411),.PCURVE_S1.);
#2400 = LINE('',#2401,#2402);
#2401 = CARTESIAN_POINT('',(-33.25,101.19898837435,1.051E-14));
#2402 = VECTOR('',#2403,1.);
#2403 = DIRECTION('',(0.,0.,1.));
#2404 = PCURVE('',#2323,#2405);
#2405 = DEFINITIONAL_REPRESENTATION('',(#2406),#2410);
#2406 = LINE('',#2407,#2408);
#2407 = CARTESIAN_POINT('',(0.,-1.5));
#2408 = VECTOR('',#2409,1.);
#2409 = DIRECTION('',(-1.,-0.));
#2410 = ( GEOMETRIC_REPRESENTATION_CONTEXT(2) 
PARAMETRIC_REPRESENTATION_CONTEXT() REPRESENTATION_CONTEXT('2D SPACE',''
  ) );
#2411 = PCURVE('',#2412,#2417);
#2412 = PLANE('',#2413);
#2413 = AXIS2_PLACEMENT_3D('',#2414,#2415,#2416);
#2414 = CARTESIAN_POINT('',(-33.25,101.19898837435,1.051E-14));
#2415 = DIRECTION('',(0.,1.,0.));
#2416 = DIRECTION('',(0.,0.,1.));
#2417 = DEFINITIONAL_REPRESENTATION('',(#2418),#2422);
#2418 = LINE('',#2419,#2420);
#2419 = CARTESIAN_POINT('',(0.,0.));
#2420 = VECTOR('',#2421,1.);
#2421 = DIRECTION('',(1.,0.));
#2422 = ( GEOMETRIC_REPRESENTATION_CONTEXT(2) 
PARAMETRIC_REPRESENTATION_CONTEXT() REPRESENTATION_CONTEXT('2D SPACE',''
  ) );
#2423 = ADVANCED_FACE('',(#2424),#2438,.T.);
#2424 = FACE_BOUND('',#2425,.T.);
#2425 = EDGE_LOOP('',(#2426,#2456,#2484,#2512));
#2426 = ORIENTED_EDGE('',*,*,#2427,.T.);
#2427 = EDGE_CURVE('',#2428,#2430,#2432,.T.);
#2428 = VERTEX_POINT('',#2429);
#2429 = CARTESIAN_POINT('',(-9.,101.19898837435,1.1E-14));
#2430 = VERTEX_POINT('',#2431);
#2431 = CARTESIAN_POINT('',(-9.,102.55,0.));
#2432 = SURFACE_CURVE('',#2433,(#2437,#2449),.PCURVE_S1.);
#2433 = LINE('',#2434,#2435);
#2434 = CARTESIAN_POINT('',(-9.,61.849687078898,0.));
#2435 = VECTOR('',#2436,1.);
#2436 = DIRECTION('',(0.,1.,0.));
#2437 = PCURVE('',#2438,#2443);
#2438 = PLANE('',#2439);
#2439 = AXIS2_PLACEMENT_3D('',#2440,#2441,#2442);
#2440 = CARTESIAN_POINT('',(0.,-1.375,0.));
#2441 = DIRECTION('',(0.,0.,-1.));
#2442 = DIRECTION('',(-1.,0.,0.));
#2443 = DEFINITIONAL_REPRESENTATION('',(#2444),#2448);
#2444 = LINE('',#2445,#2446);
#2445 = CARTESIAN_POINT('',(9.,63.224687078898));
#2446 = VECTOR('',#2447,1.);
#2447 = DIRECTION('',(0.,1.));
#2448 = ( GEOMETRIC_REPRESENTATION_CONTEXT(2) 
PARAMETRIC_REPRESENTATION_CONTEXT() REPRESENTATION_CONTEXT('2D SPACE',''
  ) );
#2449 = PCURVE('',#527,#2450);
#2450 = DEFINITIONAL_REPRESENTATION('',(#2451),#2455);
#2451 = LINE('',#2452,#2453);
#2452 = CARTESIAN_POINT('',(54.,63.224687078898));
#2453 = VECTOR('',#2454,1.);
#2454 = DIRECTION('',(0.,1.));
#2455 = ( GEOMETRIC_REPRESENTATION_CONTEXT(2) 
PARAMETRIC_REPRESENTATION_CONTEXT() REPRESENTATION_CONTEXT('2D SPACE',''
  ) );
#2456 = ORIENTED_EDGE('',*,*,#2457,.F.);
#2457 = EDGE_CURVE('',#2458,#2430,#2460,.T.);
#2458 = VERTEX_POINT('',#2459);
#2459 = CARTESIAN_POINT('',(9.,102.55,0.));
#2460 = SURFACE_CURVE('',#2461,(#2465,#2472),.PCURVE_S1.);
#2461 = LINE('',#2462,#2463);
#2462 = CARTESIAN_POINT('',(44.9375,102.55,0.));
#2463 = VECTOR('',#2464,1.);
#2464 = DIRECTION('',(-1.,0.,0.));
#2465 = PCURVE('',#2438,#2466);
#2466 = DEFINITIONAL_REPRESENTATION('',(#2467),#2471);
#2467 = LINE('',#2468,#2469);
#2468 = CARTESIAN_POINT('',(-44.9375,103.925));
#2469 = VECTOR('',#2470,1.);
#2470 = DIRECTION('',(1.,0.));
#2471 = ( GEOMETRIC_REPRESENTATION_CONTEXT(2) 
PARAMETRIC_REPRESENTATION_CONTEXT() REPRESENTATION_CONTEXT('2D SPACE',''
  ) );
#2472 = PCURVE('',#2473,#2478);
#2473 = PLANE('',#2474);
#2474 = AXIS2_PLACEMENT_3D('',#2475,#2476,#2477);
#2475 = CARTESIAN_POINT('',(-89.875,102.55,0.));
#2476 = DIRECTION('',(0.,0.99976202708,2.181488503456E-02));
#2477 = DIRECTION('',(-1.,0.,0.));
#2478 = DEFINITIONAL_REPRESENTATION('',(#2479),#2483);
#2479 = LINE('',#2480,#2481);
#2480 = CARTESIAN_POINT('',(-134.8125,0.));
#2481 = VECTOR('',#2482,1.);
#2482 = DIRECTION('',(1.,0.));
#2483 = ( GEOMETRIC_REPRESENTATION_CONTEXT(2) 
PARAMETRIC_REPRESENTATION_CONTEXT() REPRESENTATION_CONTEXT('2D SPACE',''
  ) );
#2484 = ORIENTED_EDGE('',*,*,#2485,.F.);
#2485 = EDGE_CURVE('',#2486,#2458,#2488,.T.);
#2486 = VERTEX_POINT('',#2487);
#2487 = CARTESIAN_POINT('',(9.,101.19898837435,1.1E-14));
#2488 = SURFACE_CURVE('',#2489,(#2493,#2500),.PCURVE_S1.);
#2489 = LINE('',#2490,#2491);
#2490 = CARTESIAN_POINT('',(9.,-60.6875,0.));
#2491 = VECTOR('',#2492,1.);
#2492 = DIRECTION('',(0.,1.,0.));
#2493 = PCURVE('',#2438,#2494);
#2494 = DEFINITIONAL_REPRESENTATION('',(#2495),#2499);
#2495 = LINE('',#2496,#2497);
#2496 = CARTESIAN_POINT('',(-9.,-59.3125));
#2497 = VECTOR('',#2498,1.);
#2498 = DIRECTION('',(0.,1.));
#2499 = ( GEOMETRIC_REPRESENTATION_CONTEXT(2) 
PARAMETRIC_REPRESENTATION_CONTEXT() REPRESENTATION_CONTEXT('2D SPACE',''
  ) );
#2500 = PCURVE('',#2501,#2506);
#2501 = PLANE('',#2502);
#2502 = AXIS2_PLACEMENT_3D('',#2503,#2504,#2505);
#2503 = CARTESIAN_POINT('',(-45.,-1.375,0.));
#2504 = DIRECTION('',(0.,0.,-1.));
#2505 = DIRECTION('',(-1.,0.,0.));
#2506 = DEFINITIONAL_REPRESENTATION('',(#2507),#2511);
#2507 = LINE('',#2508,#2509);
#2508 = CARTESIAN_POINT('',(-54.,-59.3125));
#2509 = VECTOR('',#2510,1.);
#2510 = DIRECTION('',(0.,1.));
#2511 = ( GEOMETRIC_REPRESENTATION_CONTEXT(2) 
PARAMETRIC_REPRESENTATION_CONTEXT() REPRESENTATION_CONTEXT('2D SPACE',''
  ) );
#2512 = ORIENTED_EDGE('',*,*,#2513,.T.);
#2513 = EDGE_CURVE('',#2486,#2428,#2514,.T.);
#2514 = SURFACE_CURVE('',#2515,(#2519,#2526),.PCURVE_S1.);
#2515 = LINE('',#2516,#2517);
#2516 = CARTESIAN_POINT('',(78.25,101.19898837435,1.051E-14));
#2517 = VECTOR('',#2518,1.);
#2518 = DIRECTION('',(-1.,0.,0.));
#2519 = PCURVE('',#2438,#2520);
#2520 = DEFINITIONAL_REPRESENTATION('',(#2521),#2525);
#2521 = LINE('',#2522,#2523);
#2522 = CARTESIAN_POINT('',(-78.25,102.57398837435));
#2523 = VECTOR('',#2524,1.);
#2524 = DIRECTION('',(1.,0.));
#2525 = ( GEOMETRIC_REPRESENTATION_CONTEXT(2) 
PARAMETRIC_REPRESENTATION_CONTEXT() REPRESENTATION_CONTEXT('2D SPACE',''
  ) );
#2526 = PCURVE('',#2527,#2532);
#2527 = PLANE('',#2528);
#2528 = AXIS2_PLACEMENT_3D('',#2529,#2530,#2531);
#2529 = CARTESIAN_POINT('',(-78.25,101.19898837435,1.051E-14));
#2530 = DIRECTION('',(0.,1.,0.));
#2531 = DIRECTION('',(0.,0.,1.));
#2532 = DEFINITIONAL_REPRESENTATION('',(#2533),#2537);
#2533 = LINE('',#2534,#2535);
#2534 = CARTESIAN_POINT('',(0.,156.5));
#2535 = VECTOR('',#2536,1.);
#2536 = DIRECTION('',(0.,-1.));
#2537 = ( GEOMETRIC_REPRESENTATION_CONTEXT(2) 
PARAMETRIC_REPRESENTATION_CONTEXT() REPRESENTATION_CONTEXT('2D SPACE',''
  ) );
#2538 = ADVANCED_FACE('',(#2539),#2184,.F.);
#2539 = FACE_BOUND('',#2540,.F.);
#2540 = EDGE_LOOP('',(#2541,#2542,#2565,#2593));
#2541 = ORIENTED_EDGE('',*,*,#2168,.F.);
#2542 = ORIENTED_EDGE('',*,*,#2543,.F.);
#2543 = EDGE_CURVE('',#2544,#2169,#2546,.T.);
#2544 = VERTEX_POINT('',#2545);
#2545 = CARTESIAN_POINT('',(37.15,-97.29875034478,1.1E-14));
#2546 = SURFACE_CURVE('',#2547,(#2552,#2558),.PCURVE_S1.);
#2547 = ELLIPSE('',#2548,1.000238029565,1.);
#2548 = AXIS2_PLACEMENT_3D('',#2549,#2550,#2551);
#2549 = CARTESIAN_POINT('',(36.15,-97.29875034478,1.051E-14));
#2550 = DIRECTION('',(0.,0.,-1.));
#2551 = DIRECTION('',(-1.6511E-13,-1.,-0.));
#2552 = PCURVE('',#2184,#2553);
#2553 = DEFINITIONAL_REPRESENTATION('',(#2554),#2557);
#2554 = B_SPLINE_CURVE_WITH_KNOTS('',1,(#2555,#2556),.UNSPECIFIED.,.F.,
  .F.,(2,2),(4.712388980385,6.28318530718),.PIECEWISE_BEZIER_KNOTS.);
#2555 = CARTESIAN_POINT('',(-0.785398163397,-6.818774256921E-02));
#2556 = CARTESIAN_POINT('',(0.785398163398,-4.636766494707E-02));
#2557 = ( GEOMETRIC_REPRESENTATION_CONTEXT(2) 
PARAMETRIC_REPRESENTATION_CONTEXT() REPRESENTATION_CONTEXT('2D SPACE',''
  ) );
#2558 = PCURVE('',#675,#2559);
#2559 = DEFINITIONAL_REPRESENTATION('',(#2560),#2564);
#2560 = ELLIPSE('',#2561,1.000238029565,1.);
#2561 = AXIS2_PLACEMENT_2D('',#2562,#2563);
#2562 = CARTESIAN_POINT('',(-81.15,-95.92375034478));
#2563 = DIRECTION('',(1.6511E-13,-1.));
#2564 = ( GEOMETRIC_REPRESENTATION_CONTEXT(2) 
PARAMETRIC_REPRESENTATION_CONTEXT() REPRESENTATION_CONTEXT('2D SPACE',''
  ) );
#2565 = ORIENTED_EDGE('',*,*,#2566,.F.);
#2566 = EDGE_CURVE('',#2567,#2544,#2569,.T.);
#2567 = VERTEX_POINT('',#2568);
#2568 = CARTESIAN_POINT('',(37.15,-96.67687813255,28.5));
#2569 = SURFACE_CURVE('',#2570,(#2574,#2581),.PCURVE_S1.);
#2570 = LINE('',#2571,#2572);
#2571 = CARTESIAN_POINT('',(37.15,-96.67687813255,28.5));
#2572 = VECTOR('',#2573,1.);
#2573 = DIRECTION('',(0.,-2.181488503456E-02,-0.99976202708));
#2574 = PCURVE('',#2184,#2575);
#2575 = DEFINITIONAL_REPRESENTATION('',(#2576),#2580);
#2576 = LINE('',#2577,#2578);
#2577 = CARTESIAN_POINT('',(-0.785398163397,-28.57497158516));
#2578 = VECTOR('',#2579,1.);
#2579 = DIRECTION('',(-3.1E-16,1.));
#2580 = ( GEOMETRIC_REPRESENTATION_CONTEXT(2) 
PARAMETRIC_REPRESENTATION_CONTEXT() REPRESENTATION_CONTEXT('2D SPACE',''
  ) );
#2581 = PCURVE('',#2582,#2587);
#2582 = PLANE('',#2583);
#2583 = AXIS2_PLACEMENT_3D('',#2584,#2585,#2586);
#2584 = CARTESIAN_POINT('',(37.15,-98.29898837435,1.051E-14));
#2585 = DIRECTION('',(-1.,0.,0.));
#2586 = DIRECTION('',(0.,0.,-1.));
#2587 = DEFINITIONAL_REPRESENTATION('',(#2588),#2592);
#2588 = LINE('',#2589,#2590);
#2589 = CARTESIAN_POINT('',(-28.5,-1.622110241796));
#2590 = VECTOR('',#2591,1.);
#2591 = DIRECTION('',(0.99976202708,2.181488503456E-02));
#2592 = ( GEOMETRIC_REPRESENTATION_CONTEXT(2) 
PARAMETRIC_REPRESENTATION_CONTEXT() REPRESENTATION_CONTEXT('2D SPACE',''
  ) );
#2593 = ORIENTED_EDGE('',*,*,#2594,.T.);
#2594 = EDGE_CURVE('',#2567,#2146,#2595,.T.);
#2595 = SURFACE_CURVE('',#2596,(#2601,#2630),.PCURVE_S1.);
#2596 = ELLIPSE('',#2597,1.399035985486,1.);
#2597 = AXIS2_PLACEMENT_3D('',#2598,#2599,#2600);
#2598 = CARTESIAN_POINT('',(36.15,-96.67687813255,28.5));
#2599 = DIRECTION('',(0.,-0.714777897334,-0.699351526403));
#2600 = DIRECTION('',(-1.693E-14,0.699351526403,-0.714777897334));
#2601 = PCURVE('',#2184,#2602);
#2602 = DEFINITIONAL_REPRESENTATION('',(#2603),#2629);
#2603 = B_SPLINE_CURVE_WITH_KNOTS('',3,(#2604,#2605,#2606,#2607,#2608,
    #2609,#2610,#2611,#2612,#2613,#2614,#2615,#2616,#2617,#2618,#2619,
    #2620,#2621,#2622,#2623,#2624,#2625,#2626,#2627,#2628),
  .UNSPECIFIED.,.F.,.F.,(4,1,1,1,1,1,1,1,1,1,1,1,1,1,1,1,1,1,1,1,1,1,4),
  (1.570796326795,1.642196159831,1.713595992867,1.784995825903,
    1.856395658939,1.927795491976,1.999195325012,2.070595158048,
    2.141994991084,2.21339482412,2.284794657156,2.356194490192,
    2.427594323228,2.498994156265,2.570393989301,2.641793822337,
    2.713193655373,2.784593488409,2.855993321445,2.927393154481,
    2.998792987518,3.070192820554,3.14159265359),.QUASI_UNIFORM_KNOTS.);
#2604 = CARTESIAN_POINT('',(-0.785398163397,-28.57497158516));
#2605 = CARTESIAN_POINT('',(-0.761598219052,-28.59825805919));
#2606 = CARTESIAN_POINT('',(-0.713998330361,-28.64483036781));
#2607 = CARTESIAN_POINT('',(-0.642598497325,-28.71433335996));
#2608 = CARTESIAN_POINT('',(-0.571198664289,-28.78312605885));
#2609 = CARTESIAN_POINT('',(-0.499798831253,-28.85085808713));
#2610 = CARTESIAN_POINT('',(-0.428398998217,-28.91718425115));
#2611 = CARTESIAN_POINT('',(-0.356999165181,-28.98176658051));
#2612 = CARTESIAN_POINT('',(-0.285599332145,-29.04427597512));
#2613 = CARTESIAN_POINT('',(-0.214199499108,-29.10439390231));
#2614 = CARTESIAN_POINT('',(-0.142799666072,-29.16181401469));
#2615 = CARTESIAN_POINT('',(-7.139983303614E-02,-29.21624371257));
#2616 = CARTESIAN_POINT('',(-2.586E-14,-29.26740563468));
#2617 = CARTESIAN_POINT('',(7.139983303613E-02,-29.3150390716));
#2618 = CARTESIAN_POINT('',(0.142799666072,-29.35890129421));
#2619 = CARTESIAN_POINT('',(0.214199499108,-29.39876879087));
#2620 = CARTESIAN_POINT('',(0.285599332145,-29.43443840522));
#2621 = CARTESIAN_POINT('',(0.356999165181,-29.46572837583));
#2622 = CARTESIAN_POINT('',(0.428398998217,-29.49247924591));
#2623 = CARTESIAN_POINT('',(0.499798831253,-29.51455473752));
#2624 = CARTESIAN_POINT('',(0.571198664289,-29.53184221583));
#2625 = CARTESIAN_POINT('',(0.642598497325,-29.54425412222));
#2626 = CARTESIAN_POINT('',(0.713998330361,-29.55172521397));
#2627 = CARTESIAN_POINT('',(0.761598219052,-29.55339164711));
#2628 = CARTESIAN_POINT('',(0.785398163397,-29.5533895371));
#2629 = ( GEOMETRIC_REPRESENTATION_CONTEXT(2) 
PARAMETRIC_REPRESENTATION_CONTEXT() REPRESENTATION_CONTEXT('2D SPACE',''
  ) );
#2630 = PCURVE('',#2631,#2636);
#2631 = CYLINDRICAL_SURFACE('',#2632,1.);
#2632 = AXIS2_PLACEMENT_3D('',#2633,#2634,#2635);
#2633 = CARTESIAN_POINT('',(36.149999999999,-49.14949418717,28.5));
#2634 = DIRECTION('',(1.184E-14,-1.,0.));
#2635 = DIRECTION('',(0.707106781187,8.372144289249E-15,0.707106781187)
  );
#2636 = DEFINITIONAL_REPRESENTATION('',(#2637),#2663);
#2637 = B_SPLINE_CURVE_WITH_KNOTS('',3,(#2638,#2639,#2640,#2641,#2642,
    #2643,#2644,#2645,#2646,#2647,#2648,#2649,#2650,#2651,#2652,#2653,
    #2654,#2655,#2656,#2657,#2658,#2659,#2660,#2661,#2662),
  .UNSPECIFIED.,.F.,.F.,(4,1,1,1,1,1,1,1,1,1,1,1,1,1,1,1,1,1,1,1,1,1,4),
  (1.570796326795,1.642196159831,1.713595992867,1.784995825903,
    1.856395658939,1.927795491976,1.999195325012,2.070595158048,
    2.141994991084,2.21339482412,2.284794657156,2.356194490192,
    2.427594323228,2.498994156265,2.570393989301,2.641793822337,
    2.713193655373,2.784593488409,2.855993321445,2.927393154481,
    2.998792987518,3.070192820554,3.14159265359),.QUASI_UNIFORM_KNOTS.);
#2638 = CARTESIAN_POINT('',(5.497787143782,47.52738394538));
#2639 = CARTESIAN_POINT('',(5.521587088128,47.550670419408));
#2640 = CARTESIAN_POINT('',(5.569186976818,47.597242728027));
#2641 = CARTESIAN_POINT('',(5.640586809854,47.666745720186));
#2642 = CARTESIAN_POINT('',(5.711986642891,47.735538419073));
#2643 = CARTESIAN_POINT('',(5.783386475927,47.803270447349));
#2644 = CARTESIAN_POINT('',(5.854786308963,47.86959661137));
#2645 = CARTESIAN_POINT('',(5.926186141999,47.934178940734));
#2646 = CARTESIAN_POINT('',(5.997585975035,47.996688335338));
#2647 = CARTESIAN_POINT('',(6.068985808071,48.056806262535));
#2648 = CARTESIAN_POINT('',(6.140385641107,48.114226374908));
#2649 = CARTESIAN_POINT('',(6.211785474143,48.16865607279));
#2650 = CARTESIAN_POINT('',(6.28318530718,48.219817994897));
#2651 = CARTESIAN_POINT('',(6.354585140216,48.26745143182));
#2652 = CARTESIAN_POINT('',(6.425984973252,48.311313654428));
#2653 = CARTESIAN_POINT('',(6.497384806288,48.351181151089));
#2654 = CARTESIAN_POINT('',(6.568784639324,48.386850765437));
#2655 = CARTESIAN_POINT('',(6.64018447236,48.418140736051));
#2656 = CARTESIAN_POINT('',(6.711584305396,48.444891606131));
#2657 = CARTESIAN_POINT('',(6.782984138432,48.466967097745));
#2658 = CARTESIAN_POINT('',(6.854383971469,48.484254576049));
#2659 = CARTESIAN_POINT('',(6.925783804505,48.496666482441));
#2660 = CARTESIAN_POINT('',(6.997183637541,48.504137574189));
#2661 = CARTESIAN_POINT('',(7.044783526232,48.505804007335));
#2662 = CARTESIAN_POINT('',(7.068583470577,48.505801897322));
#2663 = ( GEOMETRIC_REPRESENTATION_CONTEXT(2) 
PARAMETRIC_REPRESENTATION_CONTEXT() REPRESENTATION_CONTEXT('2D SPACE',''
  ) );
#2664 = ADVANCED_FACE('',(#2665),#2679,.F.);
#2665 = FACE_BOUND('',#2666,.F.);
#2666 = EDGE_LOOP('',(#2667,#2697,#2724,#2725));
#2667 = ORIENTED_EDGE('',*,*,#2668,.T.);
#2668 = EDGE_CURVE('',#2669,#2671,#2673,.T.);
#2669 = VERTEX_POINT('',#2670);
#2670 = CARTESIAN_POINT('',(4.,92.0302961,0.125));
#2671 = VERTEX_POINT('',#2672);
#2672 = CARTESIAN_POINT('',(4.,92.0302961,3.875));
#2673 = SEAM_CURVE('',#2674,(#2678,#2690),.PCURVE_S1.);
#2674 = LINE('',#2675,#2676);
#2675 = CARTESIAN_POINT('',(4.,92.0302961,-0.125));
#2676 = VECTOR('',#2677,1.);
#2677 = DIRECTION('',(0.,0.,1.));
#2678 = PCURVE('',#2679,#2684);
#2679 = CYLINDRICAL_SURFACE('',#2680,4.);
#2680 = AXIS2_PLACEMENT_3D('',#2681,#2682,#2683);
#2681 = CARTESIAN_POINT('',(0.,92.0302961,-0.125));
#2682 = DIRECTION('',(0.,0.,1.));
#2683 = DIRECTION('',(-1.,0.,0.));
#2684 = DEFINITIONAL_REPRESENTATION('',(#2685),#2689);
#2685 = LINE('',#2686,#2687);
#2686 = CARTESIAN_POINT('',(9.424777960769,0.));
#2687 = VECTOR('',#2688,1.);
#2688 = DIRECTION('',(0.,1.));
#2689 = ( GEOMETRIC_REPRESENTATION_CONTEXT(2) 
PARAMETRIC_REPRESENTATION_CONTEXT() REPRESENTATION_CONTEXT('2D SPACE',''
  ) );
#2690 = PCURVE('',#2679,#2691);
#2691 = DEFINITIONAL_REPRESENTATION('',(#2692),#2696);
#2692 = LINE('',#2693,#2694);
#2693 = CARTESIAN_POINT('',(3.14159265359,0.));
#2694 = VECTOR('',#2695,1.);
#2695 = DIRECTION('',(0.,1.));
#2696 = ( GEOMETRIC_REPRESENTATION_CONTEXT(2) 
PARAMETRIC_REPRESENTATION_CONTEXT() REPRESENTATION_CONTEXT('2D SPACE',''
  ) );
#2697 = ORIENTED_EDGE('',*,*,#2698,.F.);
#2698 = EDGE_CURVE('',#2671,#2671,#2699,.T.);
#2699 = SURFACE_CURVE('',#2700,(#2705,#2712),.PCURVE_S1.);
#2700 = CIRCLE('',#2701,4.);
#2701 = AXIS2_PLACEMENT_3D('',#2702,#2703,#2704);
#2702 = CARTESIAN_POINT('',(0.,92.0302961,3.875));
#2703 = DIRECTION('',(0.,0.,1.));
#2704 = DIRECTION('',(-1.,0.,0.));
#2705 = PCURVE('',#2679,#2706);
#2706 = DEFINITIONAL_REPRESENTATION('',(#2707),#2711);
#2707 = LINE('',#2708,#2709);
#2708 = CARTESIAN_POINT('',(0.,4.));
#2709 = VECTOR('',#2710,1.);
#2710 = DIRECTION('',(1.,0.));
#2711 = ( GEOMETRIC_REPRESENTATION_CONTEXT(2) 
PARAMETRIC_REPRESENTATION_CONTEXT() REPRESENTATION_CONTEXT('2D SPACE',''
  ) );
#2712 = PCURVE('',#2713,#2718);
#2713 = PLANE('',#2714);
#2714 = AXIS2_PLACEMENT_3D('',#2715,#2716,#2717);
#2715 = CARTESIAN_POINT('',(0.,92.0302961,3.875));
#2716 = DIRECTION('',(0.,0.,1.));
#2717 = DIRECTION('',(-1.,0.,0.));
#2718 = DEFINITIONAL_REPRESENTATION('',(#2719),#2723);
#2719 = CIRCLE('',#2720,4.);
#2720 = AXIS2_PLACEMENT_2D('',#2721,#2722);
#2721 = CARTESIAN_POINT('',(0.,0.));
#2722 = DIRECTION('',(1.,0.));
#2723 = ( GEOMETRIC_REPRESENTATION_CONTEXT(2) 
PARAMETRIC_REPRESENTATION_CONTEXT() REPRESENTATION_CONTEXT('2D SPACE',''
  ) );
#2724 = ORIENTED_EDGE('',*,*,#2668,.F.);
#2725 = ORIENTED_EDGE('',*,*,#2726,.T.);
#2726 = EDGE_CURVE('',#2669,#2669,#2727,.T.);
#2727 = SURFACE_CURVE('',#2728,(#2733,#2740),.PCURVE_S1.);
#2728 = CIRCLE('',#2729,4.);
#2729 = AXIS2_PLACEMENT_3D('',#2730,#2731,#2732);
#2730 = CARTESIAN_POINT('',(0.,92.0302961,0.125));
#2731 = DIRECTION('',(0.,0.,1.));
#2732 = DIRECTION('',(-1.,0.,0.));
#2733 = PCURVE('',#2679,#2734);
#2734 = DEFINITIONAL_REPRESENTATION('',(#2735),#2739);
#2735 = LINE('',#2736,#2737);
#2736 = CARTESIAN_POINT('',(0.,0.25));
#2737 = VECTOR('',#2738,1.);
#2738 = DIRECTION('',(1.,0.));
#2739 = ( GEOMETRIC_REPRESENTATION_CONTEXT(2) 
PARAMETRIC_REPRESENTATION_CONTEXT() REPRESENTATION_CONTEXT('2D SPACE',''
  ) );
#2740 = PCURVE('',#1868,#2741);
#2741 = DEFINITIONAL_REPRESENTATION('',(#2742),#2750);
#2742 = ( BOUNDED_CURVE() B_SPLINE_CURVE(2,(#2743,#2744,#2745,#2746,
#2747,#2748,#2749),.UNSPECIFIED.,.T.,.F.) B_SPLINE_CURVE_WITH_KNOTS((1,2
    ,2,2,2,1),(-2.094395102393,0.,2.094395102393,4.188790204786,
6.28318530718,8.377580409573),.UNSPECIFIED.) CURVE() 
GEOMETRIC_REPRESENTATION_ITEM() RATIONAL_B_SPLINE_CURVE((1.,0.5,1.,0.5,
1.,0.5,1.)) REPRESENTATION_ITEM('') );
#2743 = CARTESIAN_POINT('',(-4.,3.815460185633));
#2744 = CARTESIAN_POINT('',(-4.,10.743663415909));
#2745 = CARTESIAN_POINT('',(2.,7.279561800771));
#2746 = CARTESIAN_POINT('',(8.,3.815460185633));
#2747 = CARTESIAN_POINT('',(2.,0.351358570495));
#2748 = CARTESIAN_POINT('',(-4.,-3.112743044643));
#2749 = CARTESIAN_POINT('',(-4.,3.815460185633));
#2750 = ( GEOMETRIC_REPRESENTATION_CONTEXT(2) 
PARAMETRIC_REPRESENTATION_CONTEXT() REPRESENTATION_CONTEXT('2D SPACE',''
  ) );
#2751 = ADVANCED_FACE('',(#2752),#647,.F.);
#2752 = FACE_BOUND('',#2753,.T.);
#2753 = EDGE_LOOP('',(#2754,#2755,#2783,#2811));
#2754 = ORIENTED_EDGE('',*,*,#631,.F.);
#2755 = ORIENTED_EDGE('',*,*,#2756,.T.);
#2756 = EDGE_CURVE('',#604,#2757,#2759,.T.);
#2757 = VERTEX_POINT('',#2758);
#2758 = CARTESIAN_POINT('',(44.231307710147,-99.04898837435,29.5));
#2759 = SURFACE_CURVE('',#2760,(#2764,#2771),.PCURVE_S1.);
#2760 = LINE('',#2761,#2762);
#2761 = CARTESIAN_POINT('',(43.125,-99.04898837435,29.5));
#2762 = VECTOR('',#2763,1.);
#2763 = DIRECTION('',(1.,-3.045E-14,0.));
#2764 = PCURVE('',#647,#2765);
#2765 = DEFINITIONAL_REPRESENTATION('',(#2766),#2770);
#2766 = LINE('',#2767,#2768);
#2767 = CARTESIAN_POINT('',(0.,29.5));
#2768 = VECTOR('',#2769,1.);
#2769 = DIRECTION('',(1.,0.));
#2770 = ( GEOMETRIC_REPRESENTATION_CONTEXT(2) 
PARAMETRIC_REPRESENTATION_CONTEXT() REPRESENTATION_CONTEXT('2D SPACE',''
  ) );
#2771 = PCURVE('',#2772,#2777);
#2772 = PLANE('',#2773);
#2773 = AXIS2_PLACEMENT_3D('',#2774,#2775,#2776);
#2774 = CARTESIAN_POINT('',(-45.,6.16E-15,29.5));
#2775 = DIRECTION('',(0.,0.,-1.));
#2776 = DIRECTION('',(-1.,0.,0.));
#2777 = DEFINITIONAL_REPRESENTATION('',(#2778),#2782);
#2778 = LINE('',#2779,#2780);
#2779 = CARTESIAN_POINT('',(-88.125,-99.04898837435));
#2780 = VECTOR('',#2781,1.);
#2781 = DIRECTION('',(-1.,-3.045E-14));
#2782 = ( GEOMETRIC_REPRESENTATION_CONTEXT(2) 
PARAMETRIC_REPRESENTATION_CONTEXT() REPRESENTATION_CONTEXT('2D SPACE',''
  ) );
#2783 = ORIENTED_EDGE('',*,*,#2784,.F.);
#2784 = EDGE_CURVE('',#2785,#2757,#2787,.T.);
#2785 = VERTEX_POINT('',#2786);
#2786 = CARTESIAN_POINT('',(44.875,-99.04898837435,0.));
#2787 = SURFACE_CURVE('',#2788,(#2792,#2799),.PCURVE_S1.);
#2788 = LINE('',#2789,#2790);
#2789 = CARTESIAN_POINT('',(44.874583596942,-99.04898837435,
    1.90834819724E-02));
#2790 = VECTOR('',#2791,1.);
#2791 = DIRECTION('',(-2.181488503456E-02,6.6E-16,0.99976202708));
#2792 = PCURVE('',#647,#2793);
#2793 = DEFINITIONAL_REPRESENTATION('',(#2794),#2798);
#2794 = LINE('',#2795,#2796);
#2795 = CARTESIAN_POINT('',(1.749583596942,1.90834819724E-02));
#2796 = VECTOR('',#2797,1.);
#2797 = DIRECTION('',(-2.181488503456E-02,0.99976202708));
#2798 = ( GEOMETRIC_REPRESENTATION_CONTEXT(2) 
PARAMETRIC_REPRESENTATION_CONTEXT() REPRESENTATION_CONTEXT('2D SPACE',''
  ) );
#2799 = PCURVE('',#2800,#2805);
#2800 = PLANE('',#2801);
#2801 = AXIS2_PLACEMENT_3D('',#2802,#2803,#2804);
#2802 = CARTESIAN_POINT('',(44.875,102.55,0.));
#2803 = DIRECTION('',(0.99976202708,-9.E-17,2.181488503456E-02));
#2804 = DIRECTION('',(9.002141246601E-17,1.,4.672216703809E-22));
#2805 = DEFINITIONAL_REPRESENTATION('',(#2806),#2810);
#2806 = LINE('',#2807,#2808);
#2807 = CARTESIAN_POINT('',(-201.5989883743,1.908802440531E-02));
#2808 = VECTOR('',#2809,1.);
#2809 = DIRECTION('',(6.580366603469E-16,1.));
#2810 = ( GEOMETRIC_REPRESENTATION_CONTEXT(2) 
PARAMETRIC_REPRESENTATION_CONTEXT() REPRESENTATION_CONTEXT('2D SPACE',''
  ) );
#2811 = ORIENTED_EDGE('',*,*,#2812,.F.);
#2812 = EDGE_CURVE('',#632,#2785,#2813,.T.);
#2813 = SURFACE_CURVE('',#2814,(#2818,#2825),.PCURVE_S1.);
#2814 = LINE('',#2815,#2816);
#2815 = CARTESIAN_POINT('',(43.125,-99.04898837435,-4.44E-15));
#2816 = VECTOR('',#2817,1.);
#2817 = DIRECTION('',(1.,0.,0.));
#2818 = PCURVE('',#647,#2819);
#2819 = DEFINITIONAL_REPRESENTATION('',(#2820),#2824);
#2820 = LINE('',#2821,#2822);
#2821 = CARTESIAN_POINT('',(0.,-4.44E-15));
#2822 = VECTOR('',#2823,1.);
#2823 = DIRECTION('',(1.,0.));
#2824 = ( GEOMETRIC_REPRESENTATION_CONTEXT(2) 
PARAMETRIC_REPRESENTATION_CONTEXT() REPRESENTATION_CONTEXT('2D SPACE',''
  ) );
#2825 = PCURVE('',#675,#2826);
#2826 = DEFINITIONAL_REPRESENTATION('',(#2827),#2831);
#2827 = LINE('',#2828,#2829);
#2828 = CARTESIAN_POINT('',(-88.125,-97.67398837435));
#2829 = VECTOR('',#2830,1.);
#2830 = DIRECTION('',(-1.,0.));
#2831 = ( GEOMETRIC_REPRESENTATION_CONTEXT(2) 
PARAMETRIC_REPRESENTATION_CONTEXT() REPRESENTATION_CONTEXT('2D SPACE',''
  ) );
#2832 = ADVANCED_FACE('',(#2833),#2847,.F.);
#2833 = FACE_BOUND('',#2834,.F.);
#2834 = EDGE_LOOP('',(#2835,#2865,#2892,#2893));
#2835 = ORIENTED_EDGE('',*,*,#2836,.T.);
#2836 = EDGE_CURVE('',#2837,#2839,#2841,.T.);
#2837 = VERTEX_POINT('',#2838);
#2838 = CARTESIAN_POINT('',(4.,-92.0302961,0.125));
#2839 = VERTEX_POINT('',#2840);
#2840 = CARTESIAN_POINT('',(4.,-92.0302961,3.875));
#2841 = SEAM_CURVE('',#2842,(#2846,#2858),.PCURVE_S1.);
#2842 = LINE('',#2843,#2844);
#2843 = CARTESIAN_POINT('',(4.,-92.0302961,-0.125));
#2844 = VECTOR('',#2845,1.);
#2845 = DIRECTION('',(0.,0.,1.));
#2846 = PCURVE('',#2847,#2852);
#2847 = CYLINDRICAL_SURFACE('',#2848,4.);
#2848 = AXIS2_PLACEMENT_3D('',#2849,#2850,#2851);
#2849 = CARTESIAN_POINT('',(0.,-92.0302961,-0.125));
#2850 = DIRECTION('',(0.,0.,1.));
#2851 = DIRECTION('',(-1.,0.,0.));
#2852 = DEFINITIONAL_REPRESENTATION('',(#2853),#2857);
#2853 = LINE('',#2854,#2855);
#2854 = CARTESIAN_POINT('',(9.424777960769,0.));
#2855 = VECTOR('',#2856,1.);
#2856 = DIRECTION('',(0.,1.));
#2857 = ( GEOMETRIC_REPRESENTATION_CONTEXT(2) 
PARAMETRIC_REPRESENTATION_CONTEXT() REPRESENTATION_CONTEXT('2D SPACE',''
  ) );
#2858 = PCURVE('',#2847,#2859);
#2859 = DEFINITIONAL_REPRESENTATION('',(#2860),#2864);
#2860 = LINE('',#2861,#2862);
#2861 = CARTESIAN_POINT('',(3.14159265359,0.));
#2862 = VECTOR('',#2863,1.);
#2863 = DIRECTION('',(0.,1.));
#2864 = ( GEOMETRIC_REPRESENTATION_CONTEXT(2) 
PARAMETRIC_REPRESENTATION_CONTEXT() REPRESENTATION_CONTEXT('2D SPACE',''
  ) );
#2865 = ORIENTED_EDGE('',*,*,#2866,.F.);
#2866 = EDGE_CURVE('',#2839,#2839,#2867,.T.);
#2867 = SURFACE_CURVE('',#2868,(#2873,#2880),.PCURVE_S1.);
#2868 = CIRCLE('',#2869,4.);
#2869 = AXIS2_PLACEMENT_3D('',#2870,#2871,#2872);
#2870 = CARTESIAN_POINT('',(0.,-92.0302961,3.875));
#2871 = DIRECTION('',(0.,0.,1.));
#2872 = DIRECTION('',(-1.,0.,0.));
#2873 = PCURVE('',#2847,#2874);
#2874 = DEFINITIONAL_REPRESENTATION('',(#2875),#2879);
#2875 = LINE('',#2876,#2877);
#2876 = CARTESIAN_POINT('',(0.,4.));
#2877 = VECTOR('',#2878,1.);
#2878 = DIRECTION('',(1.,0.));
#2879 = ( GEOMETRIC_REPRESENTATION_CONTEXT(2) 
PARAMETRIC_REPRESENTATION_CONTEXT() REPRESENTATION_CONTEXT('2D SPACE',''
  ) );
#2880 = PCURVE('',#2881,#2886);
#2881 = PLANE('',#2882);
#2882 = AXIS2_PLACEMENT_3D('',#2883,#2884,#2885);
#2883 = CARTESIAN_POINT('',(0.,-92.0302961,3.875));
#2884 = DIRECTION('',(0.,0.,1.));
#2885 = DIRECTION('',(-1.,0.,0.));
#2886 = DEFINITIONAL_REPRESENTATION('',(#2887),#2891);
#2887 = CIRCLE('',#2888,4.);
#2888 = AXIS2_PLACEMENT_2D('',#2889,#2890);
#2889 = CARTESIAN_POINT('',(0.,0.));
#2890 = DIRECTION('',(1.,0.));
#2891 = ( GEOMETRIC_REPRESENTATION_CONTEXT(2) 
PARAMETRIC_REPRESENTATION_CONTEXT() REPRESENTATION_CONTEXT('2D SPACE',''
  ) );
#2892 = ORIENTED_EDGE('',*,*,#2836,.F.);
#2893 = ORIENTED_EDGE('',*,*,#2894,.T.);
#2894 = EDGE_CURVE('',#2837,#2837,#2895,.T.);
#2895 = SURFACE_CURVE('',#2896,(#2901,#2908),.PCURVE_S1.);
#2896 = CIRCLE('',#2897,4.);
#2897 = AXIS2_PLACEMENT_3D('',#2898,#2899,#2900);
#2898 = CARTESIAN_POINT('',(0.,-92.0302961,0.125));
#2899 = DIRECTION('',(0.,0.,1.));
#2900 = DIRECTION('',(-1.,0.,0.));
#2901 = PCURVE('',#2847,#2902);
#2902 = DEFINITIONAL_REPRESENTATION('',(#2903),#2907);
#2903 = LINE('',#2904,#2905);
#2904 = CARTESIAN_POINT('',(0.,0.25));
#2905 = VECTOR('',#2906,1.);
#2906 = DIRECTION('',(1.,0.));
#2907 = ( GEOMETRIC_REPRESENTATION_CONTEXT(2) 
PARAMETRIC_REPRESENTATION_CONTEXT() REPRESENTATION_CONTEXT('2D SPACE',''
  ) );
#2908 = PCURVE('',#2909,#2914);
#2909 = PLANE('',#2910);
#2910 = AXIS2_PLACEMENT_3D('',#2911,#2912,#2913);
#2911 = CARTESIAN_POINT('',(0.,-92.0302961,0.125));
#2912 = DIRECTION('',(0.,0.,-1.));
#2913 = DIRECTION('',(1.,0.,0.));
#2914 = DEFINITIONAL_REPRESENTATION('',(#2915),#2923);
#2915 = ( BOUNDED_CURVE() B_SPLINE_CURVE(2,(#2916,#2917,#2918,#2919,
#2920,#2921,#2922),.UNSPECIFIED.,.T.,.F.) B_SPLINE_CURVE_WITH_KNOTS((1,2
    ,2,2,2,1),(-2.094395102393,0.,2.094395102393,4.188790204786,
6.28318530718,8.377580409573),.UNSPECIFIED.) CURVE() 
GEOMETRIC_REPRESENTATION_ITEM() RATIONAL_B_SPLINE_CURVE((1.,0.5,1.,0.5,
1.,0.5,1.)) REPRESENTATION_ITEM('') );
#2916 = CARTESIAN_POINT('',(-4.,0.));
#2917 = CARTESIAN_POINT('',(-4.,6.928203230276));
#2918 = CARTESIAN_POINT('',(2.,3.464101615138));
#2919 = CARTESIAN_POINT('',(8.,9.797174393179E-16));
#2920 = CARTESIAN_POINT('',(2.,-3.464101615138));
#2921 = CARTESIAN_POINT('',(-4.,-6.928203230276));
#2922 = CARTESIAN_POINT('',(-4.,0.));
#2923 = ( GEOMETRIC_REPRESENTATION_CONTEXT(2) 
PARAMETRIC_REPRESENTATION_CONTEXT() REPRESENTATION_CONTEXT('2D SPACE',''
  ) );
#2924 = ADVANCED_FACE('',(#2925),#2939,.F.);
#2925 = FACE_BOUND('',#2926,.T.);
#2926 = EDGE_LOOP('',(#2927,#2957,#2985,#3008));
#2927 = ORIENTED_EDGE('',*,*,#2928,.T.);
#2928 = EDGE_CURVE('',#2929,#2931,#2933,.T.);
#2929 = VERTEX_POINT('',#2930);
#2930 = CARTESIAN_POINT('',(-40.55,-99.8,29.5));
#2931 = VERTEX_POINT('',#2932);
#2932 = CARTESIAN_POINT('',(-40.55,99.8,29.5));
#2933 = SURFACE_CURVE('',#2934,(#2938,#2950),.PCURVE_S1.);
#2934 = LINE('',#2935,#2936);
#2935 = CARTESIAN_POINT('',(-40.55,-99.8,29.5));
#2936 = VECTOR('',#2937,1.);
#2937 = DIRECTION('',(0.,1.,0.));
#2938 = PCURVE('',#2939,#2944);
#2939 = PLANE('',#2940);
#2940 = AXIS2_PLACEMENT_3D('',#2941,#2942,#2943);
#2941 = CARTESIAN_POINT('',(45.,6.16E-15,29.5));
#2942 = DIRECTION('',(0.,0.,1.));
#2943 = DIRECTION('',(1.,0.,0.));
#2944 = DEFINITIONAL_REPRESENTATION('',(#2945),#2949);
#2945 = LINE('',#2946,#2947);
#2946 = CARTESIAN_POINT('',(-85.55,-99.8));
#2947 = VECTOR('',#2948,1.);
#2948 = DIRECTION('',(0.,1.));
#2949 = ( GEOMETRIC_REPRESENTATION_CONTEXT(2) 
PARAMETRIC_REPRESENTATION_CONTEXT() REPRESENTATION_CONTEXT('2D SPACE',''
  ) );
#2950 = PCURVE('',#1053,#2951);
#2951 = DEFINITIONAL_REPRESENTATION('',(#2952),#2956);
#2952 = LINE('',#2953,#2954);
#2953 = CARTESIAN_POINT('',(-0.75101162565,0.));
#2954 = VECTOR('',#2955,1.);
#2955 = DIRECTION('',(1.,0.));
#2956 = ( GEOMETRIC_REPRESENTATION_CONTEXT(2) 
PARAMETRIC_REPRESENTATION_CONTEXT() REPRESENTATION_CONTEXT('2D SPACE',''
  ) );
#2957 = ORIENTED_EDGE('',*,*,#2958,.T.);
#2958 = EDGE_CURVE('',#2931,#2959,#2961,.T.);
#2959 = VERTEX_POINT('',#2960);
#2960 = CARTESIAN_POINT('',(-38.65,99.8,29.5));
#2961 = SURFACE_CURVE('',#2962,(#2966,#2973),.PCURVE_S1.);
#2962 = LINE('',#2963,#2964);
#2963 = CARTESIAN_POINT('',(-40.55,99.8,29.5));
#2964 = VECTOR('',#2965,1.);
#2965 = DIRECTION('',(1.,0.,0.));
#2966 = PCURVE('',#2939,#2967);
#2967 = DEFINITIONAL_REPRESENTATION('',(#2968),#2972);
#2968 = LINE('',#2969,#2970);
#2969 = CARTESIAN_POINT('',(-85.55,99.8));
#2970 = VECTOR('',#2971,1.);
#2971 = DIRECTION('',(1.,0.));
#2972 = ( GEOMETRIC_REPRESENTATION_CONTEXT(2) 
PARAMETRIC_REPRESENTATION_CONTEXT() REPRESENTATION_CONTEXT('2D SPACE',''
  ) );
#2973 = PCURVE('',#2974,#2979);
#2974 = PLANE('',#2975);
#2975 = AXIS2_PLACEMENT_3D('',#2976,#2977,#2978);
#2976 = CARTESIAN_POINT('',(-40.55,99.8,0.));
#2977 = DIRECTION('',(0.,-1.,0.));
#2978 = DIRECTION('',(1.,0.,0.));
#2979 = DEFINITIONAL_REPRESENTATION('',(#2980),#2984);
#2980 = LINE('',#2981,#2982);
#2981 = CARTESIAN_POINT('',(0.,29.5));
#2982 = VECTOR('',#2983,1.);
#2983 = DIRECTION('',(1.,0.));
#2984 = ( GEOMETRIC_REPRESENTATION_CONTEXT(2) 
PARAMETRIC_REPRESENTATION_CONTEXT() REPRESENTATION_CONTEXT('2D SPACE',''
  ) );
#2985 = ORIENTED_EDGE('',*,*,#2986,.F.);
#2986 = EDGE_CURVE('',#2987,#2959,#2989,.T.);
#2987 = VERTEX_POINT('',#2988);
#2988 = CARTESIAN_POINT('',(-38.65,-99.8,29.5));
#2989 = SURFACE_CURVE('',#2990,(#2994,#3001),.PCURVE_S1.);
#2990 = LINE('',#2991,#2992);
#2991 = CARTESIAN_POINT('',(-38.65,-1.36E-15,29.5));
#2992 = VECTOR('',#2993,1.);
#2993 = DIRECTION('',(0.,1.,0.));
#2994 = PCURVE('',#2939,#2995);
#2995 = DEFINITIONAL_REPRESENTATION('',(#2996),#3000);
#2996 = LINE('',#2997,#2998);
#2997 = CARTESIAN_POINT('',(-83.65,-7.52E-15));
#2998 = VECTOR('',#2999,1.);
#2999 = DIRECTION('',(0.,1.));
#3000 = ( GEOMETRIC_REPRESENTATION_CONTEXT(2) 
PARAMETRIC_REPRESENTATION_CONTEXT() REPRESENTATION_CONTEXT('2D SPACE',''
  ) );
#3001 = PCURVE('',#1109,#3002);
#3002 = DEFINITIONAL_REPRESENTATION('',(#3003),#3007);
#3003 = LINE('',#3004,#3005);
#3004 = CARTESIAN_POINT('',(14.315597796627,7.52E-15));
#3005 = VECTOR('',#3006,1.);
#3006 = DIRECTION('',(0.,1.));
#3007 = ( GEOMETRIC_REPRESENTATION_CONTEXT(2) 
PARAMETRIC_REPRESENTATION_CONTEXT() REPRESENTATION_CONTEXT('2D SPACE',''
  ) );
#3008 = ORIENTED_EDGE('',*,*,#3009,.T.);
#3009 = EDGE_CURVE('',#2987,#2929,#3010,.T.);
#3010 = SURFACE_CURVE('',#3011,(#3015,#3022),.PCURVE_S1.);
#3011 = LINE('',#3012,#3013);
#3012 = CARTESIAN_POINT('',(-38.65,-99.8,29.5));
#3013 = VECTOR('',#3014,1.);
#3014 = DIRECTION('',(-1.,0.,0.));
#3015 = PCURVE('',#2939,#3016);
#3016 = DEFINITIONAL_REPRESENTATION('',(#3017),#3021);
#3017 = LINE('',#3018,#3019);
#3018 = CARTESIAN_POINT('',(-83.65,-99.8));
#3019 = VECTOR('',#3020,1.);
#3020 = DIRECTION('',(-1.,0.));
#3021 = ( GEOMETRIC_REPRESENTATION_CONTEXT(2) 
PARAMETRIC_REPRESENTATION_CONTEXT() REPRESENTATION_CONTEXT('2D SPACE',''
  ) );
#3022 = PCURVE('',#1081,#3023);
#3023 = DEFINITIONAL_REPRESENTATION('',(#3024),#3028);
#3024 = LINE('',#3025,#3026);
#3025 = CARTESIAN_POINT('',(0.,29.5));
#3026 = VECTOR('',#3027,1.);
#3027 = DIRECTION('',(1.,0.));
#3028 = ( GEOMETRIC_REPRESENTATION_CONTEXT(2) 
PARAMETRIC_REPRESENTATION_CONTEXT() REPRESENTATION_CONTEXT('2D SPACE',''
  ) );
#3029 = ADVANCED_FACE('',(#3030),#3044,.T.);
#3030 = FACE_BOUND('',#3031,.T.);
#3031 = EDGE_LOOP('',(#3032,#3062,#3090,#3113));
#3032 = ORIENTED_EDGE('',*,*,#3033,.F.);
#3033 = EDGE_CURVE('',#3034,#3036,#3038,.T.);
#3034 = VERTEX_POINT('',#3035);
#3035 = CARTESIAN_POINT('',(20.4,-96.15529608449,29.5));
#3036 = VERTEX_POINT('',#3037);
#3037 = CARTESIAN_POINT('',(18.65,-96.15529608449,29.5));
#3038 = SURFACE_CURVE('',#3039,(#3043,#3055),.PCURVE_S1.);
#3039 = LINE('',#3040,#3041);
#3040 = CARTESIAN_POINT('',(20.4,-96.15529608449,29.5));
#3041 = VECTOR('',#3042,1.);
#3042 = DIRECTION('',(-1.,0.,0.));
#3043 = PCURVE('',#3044,#3049);
#3044 = PLANE('',#3045);
#3045 = AXIS2_PLACEMENT_3D('',#3046,#3047,#3048);
#3046 = CARTESIAN_POINT('',(18.65,-96.79898837435,1.051E-14));
#3047 = DIRECTION('',(-2.03E-14,0.99976202708,-2.181488503456E-02));
#3048 = DIRECTION('',(4.930380657631E-32,2.181488503456E-02,
    0.99976202708));
#3049 = DEFINITIONAL_REPRESENTATION('',(#3050),#3054);
#3050 = LINE('',#3051,#3052);
#3051 = CARTESIAN_POINT('',(29.507021872158,1.75));
#3052 = VECTOR('',#3053,1.);
#3053 = DIRECTION('',(0.,-1.));
#3054 = ( GEOMETRIC_REPRESENTATION_CONTEXT(2) 
PARAMETRIC_REPRESENTATION_CONTEXT() REPRESENTATION_CONTEXT('2D SPACE',''
  ) );
#3055 = PCURVE('',#67,#3056);
#3056 = DEFINITIONAL_REPRESENTATION('',(#3057),#3061);
#3057 = LINE('',#3058,#3059);
#3058 = CARTESIAN_POINT('',(65.4,96.155296084497));
#3059 = VECTOR('',#3060,1.);
#3060 = DIRECTION('',(-1.,0.));
#3061 = ( GEOMETRIC_REPRESENTATION_CONTEXT(2) 
PARAMETRIC_REPRESENTATION_CONTEXT() REPRESENTATION_CONTEXT('2D SPACE',''
  ) );
#3062 = ORIENTED_EDGE('',*,*,#3063,.F.);
#3063 = EDGE_CURVE('',#3064,#3034,#3066,.T.);
#3064 = VERTEX_POINT('',#3065);
#3065 = CARTESIAN_POINT('',(20.4,-96.79898837435,1.1E-14));
#3066 = SURFACE_CURVE('',#3067,(#3071,#3078),.PCURVE_S1.);
#3067 = LINE('',#3068,#3069);
#3068 = CARTESIAN_POINT('',(20.4,-96.79898837435,1.051E-14));
#3069 = VECTOR('',#3070,1.);
#3070 = DIRECTION('',(0.,2.181488503456E-02,0.99976202708));
#3071 = PCURVE('',#3044,#3072);
#3072 = DEFINITIONAL_REPRESENTATION('',(#3073),#3077);
#3073 = LINE('',#3074,#3075);
#3074 = CARTESIAN_POINT('',(-1.547730443668E-16,1.75));
#3075 = VECTOR('',#3076,1.);
#3076 = DIRECTION('',(1.,-9.860761315263E-32));
#3077 = ( GEOMETRIC_REPRESENTATION_CONTEXT(2) 
PARAMETRIC_REPRESENTATION_CONTEXT() REPRESENTATION_CONTEXT('2D SPACE',''
  ) );
#3078 = PCURVE('',#3079,#3084);
#3079 = PLANE('',#3080);
#3080 = AXIS2_PLACEMENT_3D('',#3081,#3082,#3083);
#3081 = CARTESIAN_POINT('',(20.4,-96.79898837435,1.051E-14));
#3082 = DIRECTION('',(1.,0.,0.));
#3083 = DIRECTION('',(0.,0.,1.));
#3084 = DEFINITIONAL_REPRESENTATION('',(#3085),#3089);
#3085 = LINE('',#3086,#3087);
#3086 = CARTESIAN_POINT('',(0.,0.));
#3087 = VECTOR('',#3088,1.);
#3088 = DIRECTION('',(0.99976202708,-2.181488503456E-02));
#3089 = ( GEOMETRIC_REPRESENTATION_CONTEXT(2) 
PARAMETRIC_REPRESENTATION_CONTEXT() REPRESENTATION_CONTEXT('2D SPACE',''
  ) );
#3090 = ORIENTED_EDGE('',*,*,#3091,.T.);
#3091 = EDGE_CURVE('',#3064,#3092,#3094,.T.);
#3092 = VERTEX_POINT('',#3093);
#3093 = CARTESIAN_POINT('',(18.65,-96.79898837435,1.1E-14));
#3094 = SURFACE_CURVE('',#3095,(#3099,#3106),.PCURVE_S1.);
#3095 = LINE('',#3096,#3097);
#3096 = CARTESIAN_POINT('',(20.4,-96.79898837435,1.051E-14));
#3097 = VECTOR('',#3098,1.);
#3098 = DIRECTION('',(-1.,0.,0.));
#3099 = PCURVE('',#3044,#3100);
#3100 = DEFINITIONAL_REPRESENTATION('',(#3101),#3105);
#3101 = LINE('',#3102,#3103);
#3102 = CARTESIAN_POINT('',(-1.547730443668E-16,1.75));
#3103 = VECTOR('',#3104,1.);
#3104 = DIRECTION('',(0.,-1.));
#3105 = ( GEOMETRIC_REPRESENTATION_CONTEXT(2) 
PARAMETRIC_REPRESENTATION_CONTEXT() REPRESENTATION_CONTEXT('2D SPACE',''
  ) );
#3106 = PCURVE('',#675,#3107);
#3107 = DEFINITIONAL_REPRESENTATION('',(#3108),#3112);
#3108 = LINE('',#3109,#3110);
#3109 = CARTESIAN_POINT('',(-65.4,-95.42398837435));
#3110 = VECTOR('',#3111,1.);
#3111 = DIRECTION('',(1.,0.));
#3112 = ( GEOMETRIC_REPRESENTATION_CONTEXT(2) 
PARAMETRIC_REPRESENTATION_CONTEXT() REPRESENTATION_CONTEXT('2D SPACE',''
  ) );
#3113 = ORIENTED_EDGE('',*,*,#3114,.T.);
#3114 = EDGE_CURVE('',#3092,#3036,#3115,.T.);
#3115 = SURFACE_CURVE('',#3116,(#3120,#3127),.PCURVE_S1.);
#3116 = LINE('',#3117,#3118);
#3117 = CARTESIAN_POINT('',(18.65,-96.79898837435,1.051E-14));
#3118 = VECTOR('',#3119,1.);
#3119 = DIRECTION('',(0.,2.181488503456E-02,0.99976202708));
#3120 = PCURVE('',#3044,#3121);
#3121 = DEFINITIONAL_REPRESENTATION('',(#3122),#3126);
#3122 = LINE('',#3123,#3124);
#3123 = CARTESIAN_POINT('',(0.,0.));
#3124 = VECTOR('',#3125,1.);
#3125 = DIRECTION('',(1.,-9.860761315263E-32));
#3126 = ( GEOMETRIC_REPRESENTATION_CONTEXT(2) 
PARAMETRIC_REPRESENTATION_CONTEXT() REPRESENTATION_CONTEXT('2D SPACE',''
  ) );
#3127 = PCURVE('',#3128,#3133);
#3128 = PLANE('',#3129);
#3129 = AXIS2_PLACEMENT_3D('',#3130,#3131,#3132);
#3130 = CARTESIAN_POINT('',(18.65,-98.29898837435,1.051E-14));
#3131 = DIRECTION('',(-1.,0.,0.));
#3132 = DIRECTION('',(0.,0.,-1.));
#3133 = DEFINITIONAL_REPRESENTATION('',(#3134),#3138);
#3134 = LINE('',#3135,#3136);
#3135 = CARTESIAN_POINT('',(0.,-1.5));
#3136 = VECTOR('',#3137,1.);
#3137 = DIRECTION('',(-0.99976202708,-2.181488503456E-02));
#3138 = ( GEOMETRIC_REPRESENTATION_CONTEXT(2) 
PARAMETRIC_REPRESENTATION_CONTEXT() REPRESENTATION_CONTEXT('2D SPACE',''
  ) );
#3139 = ADVANCED_FACE('',(#3140),#3154,.F.);
#3140 = FACE_BOUND('',#3141,.T.);
#3141 = EDGE_LOOP('',(#3142,#3172,#3195,#3218));
#3142 = ORIENTED_EDGE('',*,*,#3143,.T.);
#3143 = EDGE_CURVE('',#3144,#3146,#3148,.T.);
#3144 = VERTEX_POINT('',#3145);
#3145 = CARTESIAN_POINT('',(-22.45,97.655296084497,29.5));
#3146 = VERTEX_POINT('',#3147);
#3147 = CARTESIAN_POINT('',(-22.45,98.29898837435,1.1E-14));
#3148 = SURFACE_CURVE('',#3149,(#3153,#3165),.PCURVE_S1.);
#3149 = LINE('',#3150,#3151);
#3150 = CARTESIAN_POINT('',(-22.45,97.655296084497,29.5));
#3151 = VECTOR('',#3152,1.);
#3152 = DIRECTION('',(0.,2.181488503456E-02,-0.99976202708));
#3153 = PCURVE('',#3154,#3159);
#3154 = PLANE('',#3155);
#3155 = AXIS2_PLACEMENT_3D('',#3156,#3157,#3158);
#3156 = CARTESIAN_POINT('',(-44.875,98.30101138491,-9.271326139688E-02)
  );
#3157 = DIRECTION('',(0.,0.99976202708,2.181488503456E-02));
#3158 = DIRECTION('',(-1.,0.,0.));
#3159 = DEFINITIONAL_REPRESENTATION('',(#3160),#3164);
#3160 = LINE('',#3161,#3162);
#3161 = CARTESIAN_POINT('',(-22.425,29.599757202052));
#3162 = VECTOR('',#3163,1.);
#3163 = DIRECTION('',(0.,-1.));
#3164 = ( GEOMETRIC_REPRESENTATION_CONTEXT(2) 
PARAMETRIC_REPRESENTATION_CONTEXT() REPRESENTATION_CONTEXT('2D SPACE',''
  ) );
#3165 = PCURVE('',#811,#3166);
#3166 = DEFINITIONAL_REPRESENTATION('',(#3167),#3171);
#3167 = LINE('',#3168,#3169);
#3168 = CARTESIAN_POINT('',(-29.5,-0.643692289853));
#3169 = VECTOR('',#3170,1.);
#3170 = DIRECTION('',(0.99976202708,2.181488503456E-02));
#3171 = ( GEOMETRIC_REPRESENTATION_CONTEXT(2) 
PARAMETRIC_REPRESENTATION_CONTEXT() REPRESENTATION_CONTEXT('2D SPACE',''
  ) );
#3172 = ORIENTED_EDGE('',*,*,#3173,.F.);
#3173 = EDGE_CURVE('',#3174,#3146,#3176,.T.);
#3174 = VERTEX_POINT('',#3175);
#3175 = CARTESIAN_POINT('',(-20.4,98.29898837435,1.1E-14));
#3176 = SURFACE_CURVE('',#3177,(#3181,#3188),.PCURVE_S1.);
#3177 = LINE('',#3178,#3179);
#3178 = CARTESIAN_POINT('',(-20.4,98.29898837435,1.051E-14));
#3179 = VECTOR('',#3180,1.);
#3180 = DIRECTION('',(-1.,0.,0.));
#3181 = PCURVE('',#3154,#3182);
#3182 = DEFINITIONAL_REPRESENTATION('',(#3183),#3187);
#3183 = LINE('',#3184,#3185);
#3184 = CARTESIAN_POINT('',(-24.475,9.273532989414E-02));
#3185 = VECTOR('',#3186,1.);
#3186 = DIRECTION('',(1.,0.));
#3187 = ( GEOMETRIC_REPRESENTATION_CONTEXT(2) 
PARAMETRIC_REPRESENTATION_CONTEXT() REPRESENTATION_CONTEXT('2D SPACE',''
  ) );
#3188 = PCURVE('',#527,#3189);
#3189 = DEFINITIONAL_REPRESENTATION('',(#3190),#3194);
#3190 = LINE('',#3191,#3192);
#3191 = CARTESIAN_POINT('',(65.4,99.67398837435));
#3192 = VECTOR('',#3193,1.);
#3193 = DIRECTION('',(1.,0.));
#3194 = ( GEOMETRIC_REPRESENTATION_CONTEXT(2) 
PARAMETRIC_REPRESENTATION_CONTEXT() REPRESENTATION_CONTEXT('2D SPACE',''
  ) );
#3195 = ORIENTED_EDGE('',*,*,#3196,.T.);
#3196 = EDGE_CURVE('',#3174,#3197,#3199,.T.);
#3197 = VERTEX_POINT('',#3198);
#3198 = CARTESIAN_POINT('',(-20.4,97.655296084497,29.5));
#3199 = SURFACE_CURVE('',#3200,(#3204,#3211),.PCURVE_S1.);
#3200 = LINE('',#3201,#3202);
#3201 = CARTESIAN_POINT('',(-20.4,98.29898837435,1.051E-14));
#3202 = VECTOR('',#3203,1.);
#3203 = DIRECTION('',(0.,-2.181488503456E-02,0.99976202708));
#3204 = PCURVE('',#3154,#3205);
#3205 = DEFINITIONAL_REPRESENTATION('',(#3206),#3210);
#3206 = LINE('',#3207,#3208);
#3207 = CARTESIAN_POINT('',(-24.475,9.273532989414E-02));
#3208 = VECTOR('',#3209,1.);
#3209 = DIRECTION('',(0.,1.));
#3210 = ( GEOMETRIC_REPRESENTATION_CONTEXT(2) 
PARAMETRIC_REPRESENTATION_CONTEXT() REPRESENTATION_CONTEXT('2D SPACE',''
  ) );
#3211 = PCURVE('',#499,#3212);
#3212 = DEFINITIONAL_REPRESENTATION('',(#3213),#3217);
#3213 = LINE('',#3214,#3215);
#3214 = CARTESIAN_POINT('',(0.,1.5));
#3215 = VECTOR('',#3216,1.);
#3216 = DIRECTION('',(0.99976202708,-2.181488503456E-02));
#3217 = ( GEOMETRIC_REPRESENTATION_CONTEXT(2) 
PARAMETRIC_REPRESENTATION_CONTEXT() REPRESENTATION_CONTEXT('2D SPACE',''
  ) );
#3218 = ORIENTED_EDGE('',*,*,#3219,.T.);
#3219 = EDGE_CURVE('',#3197,#3144,#3220,.T.);
#3220 = SURFACE_CURVE('',#3221,(#3225,#3232),.PCURVE_S1.);
#3221 = LINE('',#3222,#3223);
#3222 = CARTESIAN_POINT('',(-20.4,97.655296084497,29.5));
#3223 = VECTOR('',#3224,1.);
#3224 = DIRECTION('',(-1.,0.,0.));
#3225 = PCURVE('',#3154,#3226);
#3226 = DEFINITIONAL_REPRESENTATION('',(#3227),#3231);
#3227 = LINE('',#3228,#3229);
#3228 = CARTESIAN_POINT('',(-24.475,29.599757202052));
#3229 = VECTOR('',#3230,1.);
#3230 = DIRECTION('',(1.,0.));
#3231 = ( GEOMETRIC_REPRESENTATION_CONTEXT(2) 
PARAMETRIC_REPRESENTATION_CONTEXT() REPRESENTATION_CONTEXT('2D SPACE',''
  ) );
#3232 = PCURVE('',#275,#3233);
#3233 = DEFINITIONAL_REPRESENTATION('',(#3234),#3238);
#3234 = LINE('',#3235,#3236);
#3235 = CARTESIAN_POINT('',(-65.4,-97.65529608449));
#3236 = VECTOR('',#3237,1.);
#3237 = DIRECTION('',(-1.,0.));
#3238 = ( GEOMETRIC_REPRESENTATION_CONTEXT(2) 
PARAMETRIC_REPRESENTATION_CONTEXT() REPRESENTATION_CONTEXT('2D SPACE',''
  ) );
#3239 = ADVANCED_FACE('',(#3240),#591,.T.);
#3240 = FACE_BOUND('',#3241,.T.);
#3241 = EDGE_LOOP('',(#3242,#3272,#3300,#3321,#3322,#3345));
#3242 = ORIENTED_EDGE('',*,*,#3243,.F.);
#3243 = EDGE_CURVE('',#3244,#3246,#3248,.T.);
#3244 = VERTEX_POINT('',#3245);
#3245 = CARTESIAN_POINT('',(41.05,97.45,27.902633583067));
#3246 = VERTEX_POINT('',#3247);
#3247 = CARTESIAN_POINT('',(40.55,97.45,27.902633583067));
#3248 = SURFACE_CURVE('',#3249,(#3253,#3260),.PCURVE_S1.);
#3249 = LINE('',#3250,#3251);
#3250 = CARTESIAN_POINT('',(41.058086094385,97.45,27.902633583067));
#3251 = VECTOR('',#3252,1.);
#3252 = DIRECTION('',(-1.,0.,0.));
#3253 = PCURVE('',#591,#3254);
#3254 = DEFINITIONAL_REPRESENTATION('',(#3255),#3259);
#3255 = LINE('',#3256,#3257);
#3256 = CARTESIAN_POINT('',(8.086094384396E-03,197.25));
#3257 = VECTOR('',#3258,1.);
#3258 = DIRECTION('',(1.,0.));
#3259 = ( GEOMETRIC_REPRESENTATION_CONTEXT(2) 
PARAMETRIC_REPRESENTATION_CONTEXT() REPRESENTATION_CONTEXT('2D SPACE',''
  ) );
#3260 = PCURVE('',#3261,#3266);
#3261 = PLANE('',#3262);
#3262 = AXIS2_PLACEMENT_3D('',#3263,#3264,#3265);
#3263 = CARTESIAN_POINT('',(41.05,97.45,29.5));
#3264 = DIRECTION('',(0.,-1.,0.));
#3265 = DIRECTION('',(-1.,0.,0.));
#3266 = DEFINITIONAL_REPRESENTATION('',(#3267),#3271);
#3267 = LINE('',#3268,#3269);
#3268 = CARTESIAN_POINT('',(-8.08609438451E-03,1.597366416933));
#3269 = VECTOR('',#3270,1.);
#3270 = DIRECTION('',(1.,0.));
#3271 = ( GEOMETRIC_REPRESENTATION_CONTEXT(2) 
PARAMETRIC_REPRESENTATION_CONTEXT() REPRESENTATION_CONTEXT('2D SPACE',''
  ) );
#3272 = ORIENTED_EDGE('',*,*,#3273,.F.);
#3273 = EDGE_CURVE('',#3274,#3244,#3276,.T.);
#3274 = VERTEX_POINT('',#3275);
#3275 = CARTESIAN_POINT('',(41.066172188769,97.462459327459,
    27.902633583067));
#3276 = SURFACE_CURVE('',#3277,(#3281,#3288),.PCURVE_S1.);
#3277 = LINE('',#3278,#3279);
#3278 = CARTESIAN_POINT('',(-5.588610785297,61.518826284442,
    27.902633583067));
#3279 = VECTOR('',#3280,1.);
#3280 = DIRECTION('',(-0.792169681219,-0.61030090624,0.));
#3281 = PCURVE('',#591,#3282);
#3282 = DEFINITIONAL_REPRESENTATION('',(#3283),#3287);
#3283 = LINE('',#3284,#3285);
#3284 = CARTESIAN_POINT('',(46.654782974066,161.31882628444));
#3285 = VECTOR('',#3286,1.);
#3286 = DIRECTION('',(0.792169681219,-0.61030090624));
#3287 = ( GEOMETRIC_REPRESENTATION_CONTEXT(2) 
PARAMETRIC_REPRESENTATION_CONTEXT() REPRESENTATION_CONTEXT('2D SPACE',''
  ) );
#3288 = PCURVE('',#3289,#3294);
#3289 = PLANE('',#3290);
#3290 = AXIS2_PLACEMENT_3D('',#3291,#3292,#3293);
#3291 = CARTESIAN_POINT('',(43.125484564793,99.04898837435,29.5));
#3292 = DIRECTION('',(0.61030090624,-0.792169681219,0.));
#3293 = DIRECTION('',(-0.792169681219,-0.61030090624,0.));
#3294 = DEFINITIONAL_REPRESENTATION('',(#3295),#3299);
#3295 = LINE('',#3296,#3297);
#3296 = CARTESIAN_POINT('',(61.494521319158,1.597366416933));
#3297 = VECTOR('',#3298,1.);
#3298 = DIRECTION('',(1.,0.));
#3299 = ( GEOMETRIC_REPRESENTATION_CONTEXT(2) 
PARAMETRIC_REPRESENTATION_CONTEXT() REPRESENTATION_CONTEXT('2D SPACE',''
  ) );
#3300 = ORIENTED_EDGE('',*,*,#3301,.F.);
#3301 = EDGE_CURVE('',#571,#3274,#3302,.T.);
#3302 = SURFACE_CURVE('',#3303,(#3307,#3314),.PCURVE_S1.);
#3303 = LINE('',#3304,#3305);
#3304 = CARTESIAN_POINT('',(41.066172188769,-99.8,27.902633583067));
#3305 = VECTOR('',#3306,1.);
#3306 = DIRECTION('',(0.,1.,0.));
#3307 = PCURVE('',#591,#3308);
#3308 = DEFINITIONAL_REPRESENTATION('',(#3309),#3313);
#3309 = LINE('',#3310,#3311);
#3310 = CARTESIAN_POINT('',(0.,0.));
#3311 = VECTOR('',#3312,1.);
#3312 = DIRECTION('',(0.,1.));
#3313 = ( GEOMETRIC_REPRESENTATION_CONTEXT(2) 
PARAMETRIC_REPRESENTATION_CONTEXT() REPRESENTATION_CONTEXT('2D SPACE',''
  ) );
#3314 = PCURVE('',#619,#3315);
#3315 = DEFINITIONAL_REPRESENTATION('',(#3316),#3320);
#3316 = LINE('',#3317,#3318);
#3317 = CARTESIAN_POINT('',(2.606213140169,0.));
#3318 = VECTOR('',#3319,1.);
#3319 = DIRECTION('',(0.,1.));
#3320 = ( GEOMETRIC_REPRESENTATION_CONTEXT(2) 
PARAMETRIC_REPRESENTATION_CONTEXT() REPRESENTATION_CONTEXT('2D SPACE',''
  ) );
#3321 = ORIENTED_EDGE('',*,*,#568,.F.);
#3322 = ORIENTED_EDGE('',*,*,#3323,.F.);
#3323 = EDGE_CURVE('',#3324,#569,#3326,.T.);
#3324 = VERTEX_POINT('',#3325);
#3325 = CARTESIAN_POINT('',(40.55,-97.45,27.902633583067));
#3326 = SURFACE_CURVE('',#3327,(#3331,#3338),.PCURVE_S1.);
#3327 = LINE('',#3328,#3329);
#3328 = CARTESIAN_POINT('',(40.808086094385,-97.45,27.902633583067));
#3329 = VECTOR('',#3330,1.);
#3330 = DIRECTION('',(1.,0.,0.));
#3331 = PCURVE('',#591,#3332);
#3332 = DEFINITIONAL_REPRESENTATION('',(#3333),#3337);
#3333 = LINE('',#3334,#3335);
#3334 = CARTESIAN_POINT('',(0.258086094384,2.35));
#3335 = VECTOR('',#3336,1.);
#3336 = DIRECTION('',(-1.,0.));
#3337 = ( GEOMETRIC_REPRESENTATION_CONTEXT(2) 
PARAMETRIC_REPRESENTATION_CONTEXT() REPRESENTATION_CONTEXT('2D SPACE',''
  ) );
#3338 = PCURVE('',#701,#3339);
#3339 = DEFINITIONAL_REPRESENTATION('',(#3340),#3344);
#3340 = LINE('',#3341,#3342);
#3341 = CARTESIAN_POINT('',(0.258086094385,1.597366416933));
#3342 = VECTOR('',#3343,1.);
#3343 = DIRECTION('',(1.,0.));
#3344 = ( GEOMETRIC_REPRESENTATION_CONTEXT(2) 
PARAMETRIC_REPRESENTATION_CONTEXT() REPRESENTATION_CONTEXT('2D SPACE',''
  ) );
#3345 = ORIENTED_EDGE('',*,*,#3346,.T.);
#3346 = EDGE_CURVE('',#3324,#3246,#3347,.T.);
#3347 = SURFACE_CURVE('',#3348,(#3352,#3359),.PCURVE_S1.);
#3348 = LINE('',#3349,#3350);
#3349 = CARTESIAN_POINT('',(40.55,-99.8,27.902633583067));
#3350 = VECTOR('',#3351,1.);
#3351 = DIRECTION('',(0.,1.,0.));
#3352 = PCURVE('',#591,#3353);
#3353 = DEFINITIONAL_REPRESENTATION('',(#3354),#3358);
#3354 = LINE('',#3355,#3356);
#3355 = CARTESIAN_POINT('',(0.516172188769,0.));
#3356 = VECTOR('',#3357,1.);
#3357 = DIRECTION('',(0.,1.));
#3358 = ( GEOMETRIC_REPRESENTATION_CONTEXT(2) 
PARAMETRIC_REPRESENTATION_CONTEXT() REPRESENTATION_CONTEXT('2D SPACE',''
  ) );
#3359 = PCURVE('',#3360,#3365);
#3360 = PLANE('',#3361);
#3361 = AXIS2_PLACEMENT_3D('',#3362,#3363,#3364);
#3362 = CARTESIAN_POINT('',(40.55,-99.04898837435,29.5));
#3363 = DIRECTION('',(-1.,0.,0.));
#3364 = DIRECTION('',(0.,1.,0.));
#3365 = DEFINITIONAL_REPRESENTATION('',(#3366),#3370);
#3366 = LINE('',#3367,#3368);
#3367 = CARTESIAN_POINT('',(-0.75101162565,1.597366416933));
#3368 = VECTOR('',#3369,1.);
#3369 = DIRECTION('',(1.,0.));
#3370 = ( GEOMETRIC_REPRESENTATION_CONTEXT(2) 
PARAMETRIC_REPRESENTATION_CONTEXT() REPRESENTATION_CONTEXT('2D SPACE',''
  ) );
#3371 = ADVANCED_FACE('',(#3372),#3386,.F.);
#3372 = FACE_BOUND('',#3373,.T.);
#3373 = EDGE_LOOP('',(#3374,#3409,#3432,#3460));
#3374 = ORIENTED_EDGE('',*,*,#3375,.T.);
#3375 = EDGE_CURVE('',#3376,#3378,#3380,.T.);
#3376 = VERTEX_POINT('',#3377);
#3377 = CARTESIAN_POINT('',(-28.,98.29898837435,1.1E-14));
#3378 = VERTEX_POINT('',#3379);
#3379 = CARTESIAN_POINT('',(-28.,97.655296084497,29.5));
#3380 = SURFACE_CURVE('',#3381,(#3385,#3397),.PCURVE_S1.);
#3381 = LINE('',#3382,#3383);
#3382 = CARTESIAN_POINT('',(-28.,98.29898837435,1.051E-14));
#3383 = VECTOR('',#3384,1.);
#3384 = DIRECTION('',(0.,-2.181488503456E-02,0.99976202708));
#3385 = PCURVE('',#3386,#3391);
#3386 = PLANE('',#3387);
#3387 = AXIS2_PLACEMENT_3D('',#3388,#3389,#3390);
#3388 = CARTESIAN_POINT('',(-44.875,98.30101138491,-9.271326139688E-02)
  );
#3389 = DIRECTION('',(0.,0.99976202708,2.181488503456E-02));
#3390 = DIRECTION('',(-1.,0.,0.));
#3391 = DEFINITIONAL_REPRESENTATION('',(#3392),#3396);
#3392 = LINE('',#3393,#3394);
#3393 = CARTESIAN_POINT('',(-16.875,9.273532989414E-02));
#3394 = VECTOR('',#3395,1.);
#3395 = DIRECTION('',(0.,1.));
#3396 = ( GEOMETRIC_REPRESENTATION_CONTEXT(2) 
PARAMETRIC_REPRESENTATION_CONTEXT() REPRESENTATION_CONTEXT('2D SPACE',''
  ) );
#3397 = PCURVE('',#3398,#3403);
#3398 = PLANE('',#3399);
#3399 = AXIS2_PLACEMENT_3D('',#3400,#3401,#3402);
#3400 = CARTESIAN_POINT('',(-28.,96.79898837435,1.051E-14));
#3401 = DIRECTION('',(-1.,0.,0.));
#3402 = DIRECTION('',(0.,0.,1.));
#3403 = DEFINITIONAL_REPRESENTATION('',(#3404),#3408);
#3404 = LINE('',#3405,#3406);
#3405 = CARTESIAN_POINT('',(0.,1.5));
#3406 = VECTOR('',#3407,1.);
#3407 = DIRECTION('',(0.99976202708,-2.181488503456E-02));
#3408 = ( GEOMETRIC_REPRESENTATION_CONTEXT(2) 
PARAMETRIC_REPRESENTATION_CONTEXT() REPRESENTATION_CONTEXT('2D SPACE',''
  ) );
#3409 = ORIENTED_EDGE('',*,*,#3410,.T.);
#3410 = EDGE_CURVE('',#3378,#3411,#3413,.T.);
#3411 = VERTEX_POINT('',#3412);
#3412 = CARTESIAN_POINT('',(-36.14999999999,97.655296084497,29.5));
#3413 = SURFACE_CURVE('',#3414,(#3418,#3425),.PCURVE_S1.);
#3414 = LINE('',#3415,#3416);
#3415 = CARTESIAN_POINT('',(-28.,97.655296084497,29.5));
#3416 = VECTOR('',#3417,1.);
#3417 = DIRECTION('',(-1.,0.,0.));
#3418 = PCURVE('',#3386,#3419);
#3419 = DEFINITIONAL_REPRESENTATION('',(#3420),#3424);
#3420 = LINE('',#3421,#3422);
#3421 = CARTESIAN_POINT('',(-16.875,29.599757202052));
#3422 = VECTOR('',#3423,1.);
#3423 = DIRECTION('',(1.,0.));
#3424 = ( GEOMETRIC_REPRESENTATION_CONTEXT(2) 
PARAMETRIC_REPRESENTATION_CONTEXT() REPRESENTATION_CONTEXT('2D SPACE',''
  ) );
#3425 = PCURVE('',#275,#3426);
#3426 = DEFINITIONAL_REPRESENTATION('',(#3427),#3431);
#3427 = LINE('',#3428,#3429);
#3428 = CARTESIAN_POINT('',(-73.,-97.65529608449));
#3429 = VECTOR('',#3430,1.);
#3430 = DIRECTION('',(-1.,0.));
#3431 = ( GEOMETRIC_REPRESENTATION_CONTEXT(2) 
PARAMETRIC_REPRESENTATION_CONTEXT() REPRESENTATION_CONTEXT('2D SPACE',''
  ) );
#3432 = ORIENTED_EDGE('',*,*,#3433,.F.);
#3433 = EDGE_CURVE('',#3434,#3411,#3436,.T.);
#3434 = VERTEX_POINT('',#3435);
#3435 = CARTESIAN_POINT('',(-36.14999999999,98.29898837435,1.1E-14));
#3436 = SURFACE_CURVE('',#3437,(#3441,#3448),.PCURVE_S1.);
#3437 = LINE('',#3438,#3439);
#3438 = CARTESIAN_POINT('',(-36.14999999999,98.29898837435,1.065E-14));
#3439 = VECTOR('',#3440,1.);
#3440 = DIRECTION('',(4.8E-16,-2.181488503456E-02,0.99976202708));
#3441 = PCURVE('',#3386,#3442);
#3442 = DEFINITIONAL_REPRESENTATION('',(#3443),#3447);
#3443 = LINE('',#3444,#3445);
#3444 = CARTESIAN_POINT('',(-8.725000000002,9.273532989414E-02));
#3445 = VECTOR('',#3446,1.);
#3446 = DIRECTION('',(-4.8E-16,1.));
#3447 = ( GEOMETRIC_REPRESENTATION_CONTEXT(2) 
PARAMETRIC_REPRESENTATION_CONTEXT() REPRESENTATION_CONTEXT('2D SPACE',''
  ) );
#3448 = PCURVE('',#3449,#3454);
#3449 = CYLINDRICAL_SURFACE('',#3450,1.);
#3450 = AXIS2_PLACEMENT_3D('',#3451,#3452,#3453);
#3451 = CARTESIAN_POINT('',(-36.14999999999,97.25345842472,
    2.075699310028));
#3452 = DIRECTION('',(4.6E-16,2.181488503456E-02,-0.99976202708));
#3453 = DIRECTION('',(-0.707106781187,0.706938508921,1.542545313874E-02)
  );
#3454 = DEFINITIONAL_REPRESENTATION('',(#3455),#3459);
#3455 = LINE('',#3456,#3457);
#3456 = CARTESIAN_POINT('',(0.785398163397,2.098013465453));
#3457 = VECTOR('',#3458,1.);
#3458 = DIRECTION('',(7.7E-16,-1.));
#3459 = ( GEOMETRIC_REPRESENTATION_CONTEXT(2) 
PARAMETRIC_REPRESENTATION_CONTEXT() REPRESENTATION_CONTEXT('2D SPACE',''
  ) );
#3460 = ORIENTED_EDGE('',*,*,#3461,.F.);
#3461 = EDGE_CURVE('',#3376,#3434,#3462,.T.);
#3462 = SURFACE_CURVE('',#3463,(#3467,#3474),.PCURVE_S1.);
#3463 = LINE('',#3464,#3465);
#3464 = CARTESIAN_POINT('',(-28.,98.29898837435,1.051E-14));
#3465 = VECTOR('',#3466,1.);
#3466 = DIRECTION('',(-1.,0.,0.));
#3467 = PCURVE('',#3386,#3468);
#3468 = DEFINITIONAL_REPRESENTATION('',(#3469),#3473);
#3469 = LINE('',#3470,#3471);
#3470 = CARTESIAN_POINT('',(-16.875,9.273532989414E-02));
#3471 = VECTOR('',#3472,1.);
#3472 = DIRECTION('',(1.,0.));
#3473 = ( GEOMETRIC_REPRESENTATION_CONTEXT(2) 
PARAMETRIC_REPRESENTATION_CONTEXT() REPRESENTATION_CONTEXT('2D SPACE',''
  ) );
#3474 = PCURVE('',#527,#3475);
#3475 = DEFINITIONAL_REPRESENTATION('',(#3476),#3480);
#3476 = LINE('',#3477,#3478);
#3477 = CARTESIAN_POINT('',(73.,99.67398837435));
#3478 = VECTOR('',#3479,1.);
#3479 = DIRECTION('',(1.,0.));
#3480 = ( GEOMETRIC_REPRESENTATION_CONTEXT(2) 
PARAMETRIC_REPRESENTATION_CONTEXT() REPRESENTATION_CONTEXT('2D SPACE',''
  ) );
#3481 = ADVANCED_FACE('',(#3482),#3496,.T.);
#3482 = FACE_BOUND('',#3483,.T.);
#3483 = EDGE_LOOP('',(#3484,#3514,#3542,#3565));
#3484 = ORIENTED_EDGE('',*,*,#3485,.F.);
#3485 = EDGE_CURVE('',#3486,#3488,#3490,.T.);
#3486 = VERTEX_POINT('',#3487);
#3487 = CARTESIAN_POINT('',(-26.25,96.155296084497,29.5));
#3488 = VERTEX_POINT('',#3489);
#3489 = CARTESIAN_POINT('',(-26.25,97.655296084497,29.5));
#3490 = SURFACE_CURVE('',#3491,(#3495,#3507),.PCURVE_S1.);
#3491 = LINE('',#3492,#3493);
#3492 = CARTESIAN_POINT('',(-26.25,96.155296084497,29.5));
#3493 = VECTOR('',#3494,1.);
#3494 = DIRECTION('',(0.,1.,0.));
#3495 = PCURVE('',#3496,#3501);
#3496 = PLANE('',#3497);
#3497 = AXIS2_PLACEMENT_3D('',#3498,#3499,#3500);
#3498 = CARTESIAN_POINT('',(-26.25,98.29898837435,1.051E-14));
#3499 = DIRECTION('',(1.,0.,0.));
#3500 = DIRECTION('',(0.,0.,-1.));
#3501 = DEFINITIONAL_REPRESENTATION('',(#3502),#3506);
#3502 = LINE('',#3503,#3504);
#3503 = CARTESIAN_POINT('',(-29.5,-2.143692289853));
#3504 = VECTOR('',#3505,1.);
#3505 = DIRECTION('',(0.,1.));
#3506 = ( GEOMETRIC_REPRESENTATION_CONTEXT(2) 
PARAMETRIC_REPRESENTATION_CONTEXT() REPRESENTATION_CONTEXT('2D SPACE',''
  ) );
#3507 = PCURVE('',#275,#3508);
#3508 = DEFINITIONAL_REPRESENTATION('',(#3509),#3513);
#3509 = LINE('',#3510,#3511);
#3510 = CARTESIAN_POINT('',(-71.25,-96.15529608449));
#3511 = VECTOR('',#3512,1.);
#3512 = DIRECTION('',(0.,-1.));
#3513 = ( GEOMETRIC_REPRESENTATION_CONTEXT(2) 
PARAMETRIC_REPRESENTATION_CONTEXT() REPRESENTATION_CONTEXT('2D SPACE',''
  ) );
#3514 = ORIENTED_EDGE('',*,*,#3515,.F.);
#3515 = EDGE_CURVE('',#3516,#3486,#3518,.T.);
#3516 = VERTEX_POINT('',#3517);
#3517 = CARTESIAN_POINT('',(-26.25,96.79898837435,1.1E-14));
#3518 = SURFACE_CURVE('',#3519,(#3523,#3530),.PCURVE_S1.);
#3519 = LINE('',#3520,#3521);
#3520 = CARTESIAN_POINT('',(-26.25,96.79898837435,1.051E-14));
#3521 = VECTOR('',#3522,1.);
#3522 = DIRECTION('',(0.,-2.181488503456E-02,0.99976202708));
#3523 = PCURVE('',#3496,#3524);
#3524 = DEFINITIONAL_REPRESENTATION('',(#3525),#3529);
#3525 = LINE('',#3526,#3527);
#3526 = CARTESIAN_POINT('',(0.,-1.5));
#3527 = VECTOR('',#3528,1.);
#3528 = DIRECTION('',(-0.99976202708,-2.181488503456E-02));
#3529 = ( GEOMETRIC_REPRESENTATION_CONTEXT(2) 
PARAMETRIC_REPRESENTATION_CONTEXT() REPRESENTATION_CONTEXT('2D SPACE',''
  ) );
#3530 = PCURVE('',#3531,#3536);
#3531 = PLANE('',#3532);
#3532 = AXIS2_PLACEMENT_3D('',#3533,#3534,#3535);
#3533 = CARTESIAN_POINT('',(-26.25,96.79898837435,1.051E-14));
#3534 = DIRECTION('',(2.03E-14,-0.99976202708,-2.181488503456E-02));
#3535 = DIRECTION('',(-4.930380657631E-32,-2.181488503456E-02,
    0.99976202708));
#3536 = DEFINITIONAL_REPRESENTATION('',(#3537),#3541);
#3537 = LINE('',#3538,#3539);
#3538 = CARTESIAN_POINT('',(0.,-0.));
#3539 = VECTOR('',#3540,1.);
#3540 = DIRECTION('',(1.,-9.860761315263E-32));
#3541 = ( GEOMETRIC_REPRESENTATION_CONTEXT(2) 
PARAMETRIC_REPRESENTATION_CONTEXT() REPRESENTATION_CONTEXT('2D SPACE',''
  ) );
#3542 = ORIENTED_EDGE('',*,*,#3543,.T.);
#3543 = EDGE_CURVE('',#3516,#3544,#3546,.T.);
#3544 = VERTEX_POINT('',#3545);
#3545 = CARTESIAN_POINT('',(-26.25,98.29898837435,1.1E-14));
#3546 = SURFACE_CURVE('',#3547,(#3551,#3558),.PCURVE_S1.);
#3547 = LINE('',#3548,#3549);
#3548 = CARTESIAN_POINT('',(-26.25,96.79898837435,1.051E-14));
#3549 = VECTOR('',#3550,1.);
#3550 = DIRECTION('',(0.,1.,0.));
#3551 = PCURVE('',#3496,#3552);
#3552 = DEFINITIONAL_REPRESENTATION('',(#3553),#3557);
#3553 = LINE('',#3554,#3555);
#3554 = CARTESIAN_POINT('',(0.,-1.5));
#3555 = VECTOR('',#3556,1.);
#3556 = DIRECTION('',(0.,1.));
#3557 = ( GEOMETRIC_REPRESENTATION_CONTEXT(2) 
PARAMETRIC_REPRESENTATION_CONTEXT() REPRESENTATION_CONTEXT('2D SPACE',''
  ) );
#3558 = PCURVE('',#527,#3559);
#3559 = DEFINITIONAL_REPRESENTATION('',(#3560),#3564);
#3560 = LINE('',#3561,#3562);
#3561 = CARTESIAN_POINT('',(71.25,98.17398837435));
#3562 = VECTOR('',#3563,1.);
#3563 = DIRECTION('',(0.,1.));
#3564 = ( GEOMETRIC_REPRESENTATION_CONTEXT(2) 
PARAMETRIC_REPRESENTATION_CONTEXT() REPRESENTATION_CONTEXT('2D SPACE',''
  ) );
#3565 = ORIENTED_EDGE('',*,*,#3566,.F.);
#3566 = EDGE_CURVE('',#3488,#3544,#3567,.T.);
#3567 = SURFACE_CURVE('',#3568,(#3572,#3579),.PCURVE_S1.);
#3568 = LINE('',#3569,#3570);
#3569 = CARTESIAN_POINT('',(-26.25,97.655296084497,29.5));
#3570 = VECTOR('',#3571,1.);
#3571 = DIRECTION('',(0.,2.181488503456E-02,-0.99976202708));
#3572 = PCURVE('',#3496,#3573);
#3573 = DEFINITIONAL_REPRESENTATION('',(#3574),#3578);
#3574 = LINE('',#3575,#3576);
#3575 = CARTESIAN_POINT('',(-29.5,-0.643692289853));
#3576 = VECTOR('',#3577,1.);
#3577 = DIRECTION('',(0.99976202708,2.181488503456E-02));
#3578 = ( GEOMETRIC_REPRESENTATION_CONTEXT(2) 
PARAMETRIC_REPRESENTATION_CONTEXT() REPRESENTATION_CONTEXT('2D SPACE',''
  ) );
#3579 = PCURVE('',#3580,#3585);
#3580 = PLANE('',#3581);
#3581 = AXIS2_PLACEMENT_3D('',#3582,#3583,#3584);
#3582 = CARTESIAN_POINT('',(-44.875,98.30101138491,-9.271326139688E-02)
  );
#3583 = DIRECTION('',(0.,0.99976202708,2.181488503456E-02));
#3584 = DIRECTION('',(-1.,0.,0.));
#3585 = DEFINITIONAL_REPRESENTATION('',(#3586),#3590);
#3586 = LINE('',#3587,#3588);
#3587 = CARTESIAN_POINT('',(-18.625,29.599757202052));
#3588 = VECTOR('',#3589,1.);
#3589 = DIRECTION('',(0.,-1.));
#3590 = ( GEOMETRIC_REPRESENTATION_CONTEXT(2) 
PARAMETRIC_REPRESENTATION_CONTEXT() REPRESENTATION_CONTEXT('2D SPACE',''
  ) );
#3591 = ADVANCED_FACE('',(#3592),#3605,.F.);
#3592 = FACE_BOUND('',#3593,.T.);
#3593 = EDGE_LOOP('',(#3594));
#3594 = ORIENTED_EDGE('',*,*,#3595,.F.);
#3595 = EDGE_CURVE('',#3596,#3596,#3598,.T.);
#3596 = VERTEX_POINT('',#3597);
#3597 = CARTESIAN_POINT('',(17.425,24.9,30.35));
#3598 = SURFACE_CURVE('',#3599,(#3604,#3616),.PCURVE_S1.);
#3599 = CIRCLE('',#3600,2.35);
#3600 = AXIS2_PLACEMENT_3D('',#3601,#3602,#3603);
#3601 = CARTESIAN_POINT('',(15.075,24.9,30.35));
#3602 = DIRECTION('',(0.,0.,1.));
#3603 = DIRECTION('',(-1.,0.,0.));
#3604 = PCURVE('',#3605,#3610);
#3605 = PLANE('',#3606);
#3606 = AXIS2_PLACEMENT_3D('',#3607,#3608,#3609);
#3607 = CARTESIAN_POINT('',(15.075,24.9,30.35));
#3608 = DIRECTION('',(0.,0.,1.));
#3609 = DIRECTION('',(-1.,0.,0.));
#3610 = DEFINITIONAL_REPRESENTATION('',(#3611),#3615);
#3611 = CIRCLE('',#3612,2.35);
#3612 = AXIS2_PLACEMENT_2D('',#3613,#3614);
#3613 = CARTESIAN_POINT('',(0.,0.));
#3614 = DIRECTION('',(1.,0.));
#3615 = ( GEOMETRIC_REPRESENTATION_CONTEXT(2) 
PARAMETRIC_REPRESENTATION_CONTEXT() REPRESENTATION_CONTEXT('2D SPACE',''
  ) );
#3616 = PCURVE('',#3617,#3622);
#3617 = CYLINDRICAL_SURFACE('',#3618,2.35);
#3618 = AXIS2_PLACEMENT_3D('',#3619,#3620,#3621);
#3619 = CARTESIAN_POINT('',(15.075,24.9,28.));
#3620 = DIRECTION('',(0.,0.,1.));
#3621 = DIRECTION('',(-1.,0.,0.));
#3622 = DEFINITIONAL_REPRESENTATION('',(#3623),#3627);
#3623 = LINE('',#3624,#3625);
#3624 = CARTESIAN_POINT('',(0.,2.35));
#3625 = VECTOR('',#3626,1.);
#3626 = DIRECTION('',(1.,0.));
#3627 = ( GEOMETRIC_REPRESENTATION_CONTEXT(2) 
PARAMETRIC_REPRESENTATION_CONTEXT() REPRESENTATION_CONTEXT('2D SPACE',''
  ) );
#3628 = ADVANCED_FACE('',(#3629,#3632),#2713,.F.);
#3629 = FACE_BOUND('',#3630,.T.);
#3630 = EDGE_LOOP('',(#3631));
#3631 = ORIENTED_EDGE('',*,*,#2698,.F.);
#3632 = FACE_BOUND('',#3633,.T.);
#3633 = EDGE_LOOP('',(#3634));
#3634 = ORIENTED_EDGE('',*,*,#3635,.F.);
#3635 = EDGE_CURVE('',#3636,#3636,#3638,.T.);
#3636 = VERTEX_POINT('',#3637);
#3637 = CARTESIAN_POINT('',(2.35,92.0302961,3.875));
#3638 = SURFACE_CURVE('',#3639,(#3644,#3655),.PCURVE_S1.);
#3639 = CIRCLE('',#3640,2.35);
#3640 = AXIS2_PLACEMENT_3D('',#3641,#3642,#3643);
#3641 = CARTESIAN_POINT('',(0.,92.0302961,3.875));
#3642 = DIRECTION('',(0.,0.,-1.));
#3643 = DIRECTION('',(-1.,0.,0.));
#3644 = PCURVE('',#2713,#3645);
#3645 = DEFINITIONAL_REPRESENTATION('',(#3646),#3654);
#3646 = ( BOUNDED_CURVE() B_SPLINE_CURVE(2,(#3647,#3648,#3649,#3650,
#3651,#3652,#3653),.UNSPECIFIED.,.T.,.F.) B_SPLINE_CURVE_WITH_KNOTS((1,2
    ,2,2,2,1),(-2.094395102393,0.,2.094395102393,4.188790204786,
6.28318530718,8.377580409573),.UNSPECIFIED.) CURVE() 
GEOMETRIC_REPRESENTATION_ITEM() RATIONAL_B_SPLINE_CURVE((1.,0.5,1.,0.5,
1.,0.5,1.)) REPRESENTATION_ITEM('') );
#3647 = CARTESIAN_POINT('',(2.35,0.));
#3648 = CARTESIAN_POINT('',(2.35,-4.070319397787));
#3649 = CARTESIAN_POINT('',(-1.175,-2.035159698893));
#3650 = CARTESIAN_POINT('',(-4.7,-5.755839955993E-16));
#3651 = CARTESIAN_POINT('',(-1.175,2.035159698893));
#3652 = CARTESIAN_POINT('',(2.35,4.070319397787));
#3653 = CARTESIAN_POINT('',(2.35,0.));
#3654 = ( GEOMETRIC_REPRESENTATION_CONTEXT(2) 
PARAMETRIC_REPRESENTATION_CONTEXT() REPRESENTATION_CONTEXT('2D SPACE',''
  ) );
#3655 = PCURVE('',#3656,#3661);
#3656 = CYLINDRICAL_SURFACE('',#3657,2.35);
#3657 = AXIS2_PLACEMENT_3D('',#3658,#3659,#3660);
#3658 = CARTESIAN_POINT('',(0.,92.0302961,2.475));
#3659 = DIRECTION('',(0.,0.,1.));
#3660 = DIRECTION('',(-1.,0.,0.));
#3661 = DEFINITIONAL_REPRESENTATION('',(#3662),#3666);
#3662 = LINE('',#3663,#3664);
#3663 = CARTESIAN_POINT('',(6.28318530718,1.4));
#3664 = VECTOR('',#3665,1.);
#3665 = DIRECTION('',(-1.,0.));
#3666 = ( GEOMETRIC_REPRESENTATION_CONTEXT(2) 
PARAMETRIC_REPRESENTATION_CONTEXT() REPRESENTATION_CONTEXT('2D SPACE',''
  ) );
#3667 = ADVANCED_FACE('',(#3668),#3289,.T.);
#3668 = FACE_BOUND('',#3669,.T.);
#3669 = EDGE_LOOP('',(#3670,#3671,#3694,#3717,#3745));
#3670 = ORIENTED_EDGE('',*,*,#3273,.T.);
#3671 = ORIENTED_EDGE('',*,*,#3672,.T.);
#3672 = EDGE_CURVE('',#3244,#3673,#3675,.T.);
#3673 = VERTEX_POINT('',#3674);
#3674 = CARTESIAN_POINT('',(41.05,97.45,0.));
#3675 = SURFACE_CURVE('',#3676,(#3680,#3687),.PCURVE_S1.);
#3676 = LINE('',#3677,#3678);
#3677 = CARTESIAN_POINT('',(41.05,97.45,29.5));
#3678 = VECTOR('',#3679,1.);
#3679 = DIRECTION('',(0.,0.,-1.));
#3680 = PCURVE('',#3289,#3681);
#3681 = DEFINITIONAL_REPRESENTATION('',(#3682),#3686);
#3682 = LINE('',#3683,#3684);
#3683 = CARTESIAN_POINT('',(2.62,0.));
#3684 = VECTOR('',#3685,1.);
#3685 = DIRECTION('',(-0.,1.));
#3686 = ( GEOMETRIC_REPRESENTATION_CONTEXT(2) 
PARAMETRIC_REPRESENTATION_CONTEXT() REPRESENTATION_CONTEXT('2D SPACE',''
  ) );
#3687 = PCURVE('',#3261,#3688);
#3688 = DEFINITIONAL_REPRESENTATION('',(#3689),#3693);
#3689 = LINE('',#3690,#3691);
#3690 = CARTESIAN_POINT('',(0.,-0.));
#3691 = VECTOR('',#3692,1.);
#3692 = DIRECTION('',(0.,1.));
#3693 = ( GEOMETRIC_REPRESENTATION_CONTEXT(2) 
PARAMETRIC_REPRESENTATION_CONTEXT() REPRESENTATION_CONTEXT('2D SPACE',''
  ) );
#3694 = ORIENTED_EDGE('',*,*,#3695,.F.);
#3695 = EDGE_CURVE('',#3696,#3673,#3698,.T.);
#3696 = VERTEX_POINT('',#3697);
#3697 = CARTESIAN_POINT('',(43.125484564793,99.04898837435,0.));
#3698 = SURFACE_CURVE('',#3699,(#3703,#3710),.PCURVE_S1.);
#3699 = LINE('',#3700,#3701);
#3700 = CARTESIAN_POINT('',(41.05,97.45,0.));
#3701 = VECTOR('',#3702,1.);
#3702 = DIRECTION('',(-0.792169681219,-0.61030090624,0.));
#3703 = PCURVE('',#3289,#3704);
#3704 = DEFINITIONAL_REPRESENTATION('',(#3705),#3709);
#3705 = LINE('',#3706,#3707);
#3706 = CARTESIAN_POINT('',(2.62,29.5));
#3707 = VECTOR('',#3708,1.);
#3708 = DIRECTION('',(1.,0.));
#3709 = ( GEOMETRIC_REPRESENTATION_CONTEXT(2) 
PARAMETRIC_REPRESENTATION_CONTEXT() REPRESENTATION_CONTEXT('2D SPACE',''
  ) );
#3710 = PCURVE('',#2501,#3711);
#3711 = DEFINITIONAL_REPRESENTATION('',(#3712),#3716);
#3712 = LINE('',#3713,#3714);
#3713 = CARTESIAN_POINT('',(-86.05,98.825));
#3714 = VECTOR('',#3715,1.);
#3715 = DIRECTION('',(0.792169681219,-0.61030090624));
#3716 = ( GEOMETRIC_REPRESENTATION_CONTEXT(2) 
PARAMETRIC_REPRESENTATION_CONTEXT() REPRESENTATION_CONTEXT('2D SPACE',''
  ) );
#3717 = ORIENTED_EDGE('',*,*,#3718,.F.);
#3718 = EDGE_CURVE('',#3719,#3696,#3721,.T.);
#3719 = VERTEX_POINT('',#3720);
#3720 = CARTESIAN_POINT('',(43.125484564793,99.04898837435,29.5));
#3721 = SURFACE_CURVE('',#3722,(#3726,#3733),.PCURVE_S1.);
#3722 = LINE('',#3723,#3724);
#3723 = CARTESIAN_POINT('',(43.125484564793,99.04898837435,29.5));
#3724 = VECTOR('',#3725,1.);
#3725 = DIRECTION('',(0.,0.,-1.));
#3726 = PCURVE('',#3289,#3727);
#3727 = DEFINITIONAL_REPRESENTATION('',(#3728),#3732);
#3728 = LINE('',#3729,#3730);
#3729 = CARTESIAN_POINT('',(0.,0.));
#3730 = VECTOR('',#3731,1.);
#3731 = DIRECTION('',(-0.,1.));
#3732 = ( GEOMETRIC_REPRESENTATION_CONTEXT(2) 
PARAMETRIC_REPRESENTATION_CONTEXT() REPRESENTATION_CONTEXT('2D SPACE',''
  ) );
#3733 = PCURVE('',#3734,#3739);
#3734 = PLANE('',#3735);
#3735 = AXIS2_PLACEMENT_3D('',#3736,#3737,#3738);
#3736 = CARTESIAN_POINT('',(44.875,99.04898837435,0.));
#3737 = DIRECTION('',(0.,1.,0.));
#3738 = DIRECTION('',(-1.,0.,0.));
#3739 = DEFINITIONAL_REPRESENTATION('',(#3740),#3744);
#3740 = LINE('',#3741,#3742);
#3741 = CARTESIAN_POINT('',(1.749515435207,29.5));
#3742 = VECTOR('',#3743,1.);
#3743 = DIRECTION('',(0.,-1.));
#3744 = ( GEOMETRIC_REPRESENTATION_CONTEXT(2) 
PARAMETRIC_REPRESENTATION_CONTEXT() REPRESENTATION_CONTEXT('2D SPACE',''
  ) );
#3745 = ORIENTED_EDGE('',*,*,#3746,.T.);
#3746 = EDGE_CURVE('',#3719,#3274,#3747,.T.);
#3747 = SURFACE_CURVE('',#3748,(#3752,#3759),.PCURVE_S1.);
#3748 = LINE('',#3749,#3750);
#3749 = CARTESIAN_POINT('',(8.232271655534,72.166667622812,
    2.434049671596));
#3750 = VECTOR('',#3751,1.);
#3751 = DIRECTION('',(-0.674933346593,-0.519980053319,-0.523531968276));
#3752 = PCURVE('',#3289,#3753);
#3753 = DEFINITIONAL_REPRESENTATION('',(#3754),#3758);
#3754 = LINE('',#3755,#3756);
#3755 = CARTESIAN_POINT('',(44.047650063533,27.065950328404));
#3756 = VECTOR('',#3757,1.);
#3757 = DIRECTION('',(0.852006031782,0.523531968276));
#3758 = ( GEOMETRIC_REPRESENTATION_CONTEXT(2) 
PARAMETRIC_REPRESENTATION_CONTEXT() REPRESENTATION_CONTEXT('2D SPACE',''
  ) );
#3759 = PCURVE('',#619,#3760);
#3760 = DEFINITIONAL_REPRESENTATION('',(#3761),#3765);
#3761 = LINE('',#3762,#3763);
#3762 = CARTESIAN_POINT('',(44.159958948243,171.96666762281));
#3763 = VECTOR('',#3764,1.);
#3764 = DIRECTION('',(0.854178402999,-0.519980053319));
#3765 = ( GEOMETRIC_REPRESENTATION_CONTEXT(2) 
PARAMETRIC_REPRESENTATION_CONTEXT() REPRESENTATION_CONTEXT('2D SPACE',''
  ) );
#3766 = ADVANCED_FACE('',(#3767),#3781,.T.);
#3767 = FACE_BOUND('',#3768,.T.);
#3768 = EDGE_LOOP('',(#3769,#3799,#3827,#3850));
#3769 = ORIENTED_EDGE('',*,*,#3770,.F.);
#3770 = EDGE_CURVE('',#3771,#3773,#3775,.T.);
#3771 = VERTEX_POINT('',#3772);
#3772 = CARTESIAN_POINT('',(18.65,96.155296084497,29.5));
#3773 = VERTEX_POINT('',#3774);
#3774 = CARTESIAN_POINT('',(20.4,96.155296084497,29.5));
#3775 = SURFACE_CURVE('',#3776,(#3780,#3792),.PCURVE_S1.);
#3776 = LINE('',#3777,#3778);
#3777 = CARTESIAN_POINT('',(18.65,96.155296084497,29.5));
#3778 = VECTOR('',#3779,1.);
#3779 = DIRECTION('',(1.,0.,0.));
#3780 = PCURVE('',#3781,#3786);
#3781 = PLANE('',#3782);
#3782 = AXIS2_PLACEMENT_3D('',#3783,#3784,#3785);
#3783 = CARTESIAN_POINT('',(20.4,96.477142229423,14.75));
#3784 = DIRECTION('',(-1.016E-14,-0.99976202708,-2.181488503456E-02));
#3785 = DIRECTION('',(0.,2.181488503456E-02,-0.99976202708));
#3786 = DEFINITIONAL_REPRESENTATION('',(#3787),#3791);
#3787 = LINE('',#3788,#3789);
#3788 = CARTESIAN_POINT('',(-14.75351093607,-1.75));
#3789 = VECTOR('',#3790,1.);
#3790 = DIRECTION('',(0.,1.));
#3791 = ( GEOMETRIC_REPRESENTATION_CONTEXT(2) 
PARAMETRIC_REPRESENTATION_CONTEXT() REPRESENTATION_CONTEXT('2D SPACE',''
  ) );
#3792 = PCURVE('',#67,#3793);
#3793 = DEFINITIONAL_REPRESENTATION('',(#3794),#3798);
#3794 = LINE('',#3795,#3796);
#3795 = CARTESIAN_POINT('',(63.65,-96.15529608449));
#3796 = VECTOR('',#3797,1.);
#3797 = DIRECTION('',(1.,0.));
#3798 = ( GEOMETRIC_REPRESENTATION_CONTEXT(2) 
PARAMETRIC_REPRESENTATION_CONTEXT() REPRESENTATION_CONTEXT('2D SPACE',''
  ) );
#3799 = ORIENTED_EDGE('',*,*,#3800,.F.);
#3800 = EDGE_CURVE('',#3801,#3771,#3803,.T.);
#3801 = VERTEX_POINT('',#3802);
#3802 = CARTESIAN_POINT('',(18.65,96.79898837435,1.1E-14));
#3803 = SURFACE_CURVE('',#3804,(#3808,#3815),.PCURVE_S1.);
#3804 = LINE('',#3805,#3806);
#3805 = CARTESIAN_POINT('',(18.65,96.79898837435,1.051E-14));
#3806 = VECTOR('',#3807,1.);
#3807 = DIRECTION('',(0.,-2.181488503456E-02,0.99976202708));
#3808 = PCURVE('',#3781,#3809);
#3809 = DEFINITIONAL_REPRESENTATION('',(#3810),#3814);
#3810 = LINE('',#3811,#3812);
#3811 = CARTESIAN_POINT('',(14.753510936079,-1.75));
#3812 = VECTOR('',#3813,1.);
#3813 = DIRECTION('',(-1.,-4.092215945834E-30));
#3814 = ( GEOMETRIC_REPRESENTATION_CONTEXT(2) 
PARAMETRIC_REPRESENTATION_CONTEXT() REPRESENTATION_CONTEXT('2D SPACE',''
  ) );
#3815 = PCURVE('',#3816,#3821);
#3816 = PLANE('',#3817);
#3817 = AXIS2_PLACEMENT_3D('',#3818,#3819,#3820);
#3818 = CARTESIAN_POINT('',(18.65,98.29898837435,14.75));
#3819 = DIRECTION('',(-1.,0.,0.));
#3820 = DIRECTION('',(0.,0.,-1.));
#3821 = DEFINITIONAL_REPRESENTATION('',(#3822),#3826);
#3822 = LINE('',#3823,#3824);
#3823 = CARTESIAN_POINT('',(14.75,1.5));
#3824 = VECTOR('',#3825,1.);
#3825 = DIRECTION('',(-0.99976202708,2.181488503456E-02));
#3826 = ( GEOMETRIC_REPRESENTATION_CONTEXT(2) 
PARAMETRIC_REPRESENTATION_CONTEXT() REPRESENTATION_CONTEXT('2D SPACE',''
  ) );
#3827 = ORIENTED_EDGE('',*,*,#3828,.F.);
#3828 = EDGE_CURVE('',#3829,#3801,#3831,.T.);
#3829 = VERTEX_POINT('',#3830);
#3830 = CARTESIAN_POINT('',(20.4,96.79898837435,1.1E-14));
#3831 = SURFACE_CURVE('',#3832,(#3836,#3843),.PCURVE_S1.);
#3832 = LINE('',#3833,#3834);
#3833 = CARTESIAN_POINT('',(20.4,96.79898837435,1.051E-14));
#3834 = VECTOR('',#3835,1.);
#3835 = DIRECTION('',(-1.,0.,0.));
#3836 = PCURVE('',#3781,#3837);
#3837 = DEFINITIONAL_REPRESENTATION('',(#3838),#3842);
#3838 = LINE('',#3839,#3840);
#3839 = CARTESIAN_POINT('',(14.753510936079,-9.947598300641E-14));
#3840 = VECTOR('',#3841,1.);
#3841 = DIRECTION('',(0.,-1.));
#3842 = ( GEOMETRIC_REPRESENTATION_CONTEXT(2) 
PARAMETRIC_REPRESENTATION_CONTEXT() REPRESENTATION_CONTEXT('2D SPACE',''
  ) );
#3843 = PCURVE('',#2501,#3844);
#3844 = DEFINITIONAL_REPRESENTATION('',(#3845),#3849);
#3845 = LINE('',#3846,#3847);
#3846 = CARTESIAN_POINT('',(-65.4,98.17398837435));
#3847 = VECTOR('',#3848,1.);
#3848 = DIRECTION('',(1.,0.));
#3849 = ( GEOMETRIC_REPRESENTATION_CONTEXT(2) 
PARAMETRIC_REPRESENTATION_CONTEXT() REPRESENTATION_CONTEXT('2D SPACE',''
  ) );
#3850 = ORIENTED_EDGE('',*,*,#3851,.T.);
#3851 = EDGE_CURVE('',#3829,#3773,#3852,.T.);
#3852 = SURFACE_CURVE('',#3853,(#3857,#3864),.PCURVE_S1.);
#3853 = LINE('',#3854,#3855);
#3854 = CARTESIAN_POINT('',(20.4,96.79898837435,1.051E-14));
#3855 = VECTOR('',#3856,1.);
#3856 = DIRECTION('',(0.,-2.181488503456E-02,0.99976202708));
#3857 = PCURVE('',#3781,#3858);
#3858 = DEFINITIONAL_REPRESENTATION('',(#3859),#3863);
#3859 = LINE('',#3860,#3861);
#3860 = CARTESIAN_POINT('',(14.753510936079,-9.947598300641E-14));
#3861 = VECTOR('',#3862,1.);
#3862 = DIRECTION('',(-1.,-4.092215945834E-30));
#3863 = ( GEOMETRIC_REPRESENTATION_CONTEXT(2) 
PARAMETRIC_REPRESENTATION_CONTEXT() REPRESENTATION_CONTEXT('2D SPACE',''
  ) );
#3864 = PCURVE('',#3865,#3870);
#3865 = PLANE('',#3866);
#3866 = AXIS2_PLACEMENT_3D('',#3867,#3868,#3869);
#3867 = CARTESIAN_POINT('',(20.4,98.29898837435,14.75));
#3868 = DIRECTION('',(1.,0.,0.));
#3869 = DIRECTION('',(0.,0.,1.));
#3870 = DEFINITIONAL_REPRESENTATION('',(#3871),#3875);
#3871 = LINE('',#3872,#3873);
#3872 = CARTESIAN_POINT('',(-14.75,1.5));
#3873 = VECTOR('',#3874,1.);
#3874 = DIRECTION('',(0.99976202708,2.181488503456E-02));
#3875 = ( GEOMETRIC_REPRESENTATION_CONTEXT(2) 
PARAMETRIC_REPRESENTATION_CONTEXT() REPRESENTATION_CONTEXT('2D SPACE',''
  ) );
#3876 = ADVANCED_FACE('',(#3877),#3531,.T.);
#3877 = FACE_BOUND('',#3878,.T.);
#3878 = EDGE_LOOP('',(#3879,#3902,#3925,#3946));
#3879 = ORIENTED_EDGE('',*,*,#3880,.F.);
#3880 = EDGE_CURVE('',#3881,#3486,#3883,.T.);
#3881 = VERTEX_POINT('',#3882);
#3882 = CARTESIAN_POINT('',(-28.,96.155296084497,29.5));
#3883 = SURFACE_CURVE('',#3884,(#3888,#3895),.PCURVE_S1.);
#3884 = LINE('',#3885,#3886);
#3885 = CARTESIAN_POINT('',(-28.,96.155296084497,29.5));
#3886 = VECTOR('',#3887,1.);
#3887 = DIRECTION('',(1.,0.,0.));
#3888 = PCURVE('',#3531,#3889);
#3889 = DEFINITIONAL_REPRESENTATION('',(#3890),#3894);
#3890 = LINE('',#3891,#3892);
#3891 = CARTESIAN_POINT('',(29.507021872158,1.75));
#3892 = VECTOR('',#3893,1.);
#3893 = DIRECTION('',(0.,-1.));
#3894 = ( GEOMETRIC_REPRESENTATION_CONTEXT(2) 
PARAMETRIC_REPRESENTATION_CONTEXT() REPRESENTATION_CONTEXT('2D SPACE',''
  ) );
#3895 = PCURVE('',#275,#3896);
#3896 = DEFINITIONAL_REPRESENTATION('',(#3897),#3901);
#3897 = LINE('',#3898,#3899);
#3898 = CARTESIAN_POINT('',(-73.,-96.15529608449));
#3899 = VECTOR('',#3900,1.);
#3900 = DIRECTION('',(1.,0.));
#3901 = ( GEOMETRIC_REPRESENTATION_CONTEXT(2) 
PARAMETRIC_REPRESENTATION_CONTEXT() REPRESENTATION_CONTEXT('2D SPACE',''
  ) );
#3902 = ORIENTED_EDGE('',*,*,#3903,.F.);
#3903 = EDGE_CURVE('',#3904,#3881,#3906,.T.);
#3904 = VERTEX_POINT('',#3905);
#3905 = CARTESIAN_POINT('',(-28.,96.79898837435,1.1E-14));
#3906 = SURFACE_CURVE('',#3907,(#3911,#3918),.PCURVE_S1.);
#3907 = LINE('',#3908,#3909);
#3908 = CARTESIAN_POINT('',(-28.,96.79898837435,1.051E-14));
#3909 = VECTOR('',#3910,1.);
#3910 = DIRECTION('',(0.,-2.181488503456E-02,0.99976202708));
#3911 = PCURVE('',#3531,#3912);
#3912 = DEFINITIONAL_REPRESENTATION('',(#3913),#3917);
#3913 = LINE('',#3914,#3915);
#3914 = CARTESIAN_POINT('',(-1.547730443668E-16,1.75));
#3915 = VECTOR('',#3916,1.);
#3916 = DIRECTION('',(1.,-9.860761315263E-32));
#3917 = ( GEOMETRIC_REPRESENTATION_CONTEXT(2) 
PARAMETRIC_REPRESENTATION_CONTEXT() REPRESENTATION_CONTEXT('2D SPACE',''
  ) );
#3918 = PCURVE('',#3398,#3919);
#3919 = DEFINITIONAL_REPRESENTATION('',(#3920),#3924);
#3920 = LINE('',#3921,#3922);
#3921 = CARTESIAN_POINT('',(0.,0.));
#3922 = VECTOR('',#3923,1.);
#3923 = DIRECTION('',(0.99976202708,-2.181488503456E-02));
#3924 = ( GEOMETRIC_REPRESENTATION_CONTEXT(2) 
PARAMETRIC_REPRESENTATION_CONTEXT() REPRESENTATION_CONTEXT('2D SPACE',''
  ) );
#3925 = ORIENTED_EDGE('',*,*,#3926,.T.);
#3926 = EDGE_CURVE('',#3904,#3516,#3927,.T.);
#3927 = SURFACE_CURVE('',#3928,(#3932,#3939),.PCURVE_S1.);
#3928 = LINE('',#3929,#3930);
#3929 = CARTESIAN_POINT('',(-28.,96.79898837435,1.051E-14));
#3930 = VECTOR('',#3931,1.);
#3931 = DIRECTION('',(1.,0.,0.));
#3932 = PCURVE('',#3531,#3933);
#3933 = DEFINITIONAL_REPRESENTATION('',(#3934),#3938);
#3934 = LINE('',#3935,#3936);
#3935 = CARTESIAN_POINT('',(-1.547730443668E-16,1.75));
#3936 = VECTOR('',#3937,1.);
#3937 = DIRECTION('',(0.,-1.));
#3938 = ( GEOMETRIC_REPRESENTATION_CONTEXT(2) 
PARAMETRIC_REPRESENTATION_CONTEXT() REPRESENTATION_CONTEXT('2D SPACE',''
  ) );
#3939 = PCURVE('',#527,#3940);
#3940 = DEFINITIONAL_REPRESENTATION('',(#3941),#3945);
#3941 = LINE('',#3942,#3943);
#3942 = CARTESIAN_POINT('',(73.,98.17398837435));
#3943 = VECTOR('',#3944,1.);
#3944 = DIRECTION('',(-1.,0.));
#3945 = ( GEOMETRIC_REPRESENTATION_CONTEXT(2) 
PARAMETRIC_REPRESENTATION_CONTEXT() REPRESENTATION_CONTEXT('2D SPACE',''
  ) );
#3946 = ORIENTED_EDGE('',*,*,#3515,.T.);
#3947 = ADVANCED_FACE('',(#3948),#3962,.F.);
#3948 = FACE_BOUND('',#3949,.F.);
#3949 = EDGE_LOOP('',(#3950,#3980,#4007,#4008));
#3950 = ORIENTED_EDGE('',*,*,#3951,.T.);
#3951 = EDGE_CURVE('',#3952,#3954,#3956,.T.);
#3952 = VERTEX_POINT('',#3953);
#3953 = CARTESIAN_POINT('',(17.425,74.9,25.65));
#3954 = VERTEX_POINT('',#3955);
#3955 = CARTESIAN_POINT('',(17.425,74.9,30.35));
#3956 = SEAM_CURVE('',#3957,(#3961,#3973),.PCURVE_S1.);
#3957 = LINE('',#3958,#3959);
#3958 = CARTESIAN_POINT('',(17.425,74.9,28.));
#3959 = VECTOR('',#3960,1.);
#3960 = DIRECTION('',(0.,0.,1.));
#3961 = PCURVE('',#3962,#3967);
#3962 = CYLINDRICAL_SURFACE('',#3963,2.35);
#3963 = AXIS2_PLACEMENT_3D('',#3964,#3965,#3966);
#3964 = CARTESIAN_POINT('',(15.075,74.9,28.));
#3965 = DIRECTION('',(0.,0.,1.));
#3966 = DIRECTION('',(-1.,0.,0.));
#3967 = DEFINITIONAL_REPRESENTATION('',(#3968),#3972);
#3968 = LINE('',#3969,#3970);
#3969 = CARTESIAN_POINT('',(9.424777960769,0.));
#3970 = VECTOR('',#3971,1.);
#3971 = DIRECTION('',(0.,1.));
#3972 = ( GEOMETRIC_REPRESENTATION_CONTEXT(2) 
PARAMETRIC_REPRESENTATION_CONTEXT() REPRESENTATION_CONTEXT('2D SPACE',''
  ) );
#3973 = PCURVE('',#3962,#3974);
#3974 = DEFINITIONAL_REPRESENTATION('',(#3975),#3979);
#3975 = LINE('',#3976,#3977);
#3976 = CARTESIAN_POINT('',(3.14159265359,0.));
#3977 = VECTOR('',#3978,1.);
#3978 = DIRECTION('',(0.,1.));
#3979 = ( GEOMETRIC_REPRESENTATION_CONTEXT(2) 
PARAMETRIC_REPRESENTATION_CONTEXT() REPRESENTATION_CONTEXT('2D SPACE',''
  ) );
#3980 = ORIENTED_EDGE('',*,*,#3981,.F.);
#3981 = EDGE_CURVE('',#3954,#3954,#3982,.T.);
#3982 = SURFACE_CURVE('',#3983,(#3988,#3995),.PCURVE_S1.);
#3983 = CIRCLE('',#3984,2.35);
#3984 = AXIS2_PLACEMENT_3D('',#3985,#3986,#3987);
#3985 = CARTESIAN_POINT('',(15.075,74.9,30.35));
#3986 = DIRECTION('',(0.,0.,1.));
#3987 = DIRECTION('',(-1.,0.,0.));
#3988 = PCURVE('',#3962,#3989);
#3989 = DEFINITIONAL_REPRESENTATION('',(#3990),#3994);
#3990 = LINE('',#3991,#3992);
#3991 = CARTESIAN_POINT('',(0.,2.35));
#3992 = VECTOR('',#3993,1.);
#3993 = DIRECTION('',(1.,0.));
#3994 = ( GEOMETRIC_REPRESENTATION_CONTEXT(2) 
PARAMETRIC_REPRESENTATION_CONTEXT() REPRESENTATION_CONTEXT('2D SPACE',''
  ) );
#3995 = PCURVE('',#3996,#4001);
#3996 = PLANE('',#3997);
#3997 = AXIS2_PLACEMENT_3D('',#3998,#3999,#4000);
#3998 = CARTESIAN_POINT('',(15.075,74.9,30.35));
#3999 = DIRECTION('',(0.,0.,1.));
#4000 = DIRECTION('',(-1.,0.,0.));
#4001 = DEFINITIONAL_REPRESENTATION('',(#4002),#4006);
#4002 = CIRCLE('',#4003,2.35);
#4003 = AXIS2_PLACEMENT_2D('',#4004,#4005);
#4004 = CARTESIAN_POINT('',(0.,0.));
#4005 = DIRECTION('',(1.,0.));
#4006 = ( GEOMETRIC_REPRESENTATION_CONTEXT(2) 
PARAMETRIC_REPRESENTATION_CONTEXT() REPRESENTATION_CONTEXT('2D SPACE',''
  ) );
#4007 = ORIENTED_EDGE('',*,*,#3951,.F.);
#4008 = ORIENTED_EDGE('',*,*,#4009,.T.);
#4009 = EDGE_CURVE('',#3952,#3952,#4010,.T.);
#4010 = SURFACE_CURVE('',#4011,(#4016,#4023),.PCURVE_S1.);
#4011 = CIRCLE('',#4012,2.35);
#4012 = AXIS2_PLACEMENT_3D('',#4013,#4014,#4015);
#4013 = CARTESIAN_POINT('',(15.075,74.9,25.65));
#4014 = DIRECTION('',(0.,0.,1.));
#4015 = DIRECTION('',(-1.,0.,0.));
#4016 = PCURVE('',#3962,#4017);
#4017 = DEFINITIONAL_REPRESENTATION('',(#4018),#4022);
#4018 = LINE('',#4019,#4020);
#4019 = CARTESIAN_POINT('',(0.,-2.35));
#4020 = VECTOR('',#4021,1.);
#4021 = DIRECTION('',(1.,0.));
#4022 = ( GEOMETRIC_REPRESENTATION_CONTEXT(2) 
PARAMETRIC_REPRESENTATION_CONTEXT() REPRESENTATION_CONTEXT('2D SPACE',''
  ) );
#4023 = PCURVE('',#4024,#4029);
#4024 = PLANE('',#4025);
#4025 = AXIS2_PLACEMENT_3D('',#4026,#4027,#4028);
#4026 = CARTESIAN_POINT('',(15.075,74.9,25.65));
#4027 = DIRECTION('',(0.,0.,1.));
#4028 = DIRECTION('',(-1.,0.,0.));
#4029 = DEFINITIONAL_REPRESENTATION('',(#4030),#4034);
#4030 = CIRCLE('',#4031,2.35);
#4031 = AXIS2_PLACEMENT_2D('',#4032,#4033);
#4032 = CARTESIAN_POINT('',(0.,0.));
#4033 = DIRECTION('',(1.,0.));
#4034 = ( GEOMETRIC_REPRESENTATION_CONTEXT(2) 
PARAMETRIC_REPRESENTATION_CONTEXT() REPRESENTATION_CONTEXT('2D SPACE',''
  ) );
#4035 = ADVANCED_FACE('',(#4036),#4050,.T.);
#4036 = FACE_BOUND('',#4037,.T.);
#4037 = EDGE_LOOP('',(#4038,#4073,#4101,#4129));
#4038 = ORIENTED_EDGE('',*,*,#4039,.T.);
#4039 = EDGE_CURVE('',#4040,#4042,#4044,.T.);
#4040 = VERTEX_POINT('',#4041);
#4041 = CARTESIAN_POINT('',(33.25,99.69898837435,1.75));
#4042 = VERTEX_POINT('',#4043);
#4043 = CARTESIAN_POINT('',(9.,99.69898837435,1.75));
#4044 = SURFACE_CURVE('',#4045,(#4049,#4061),.PCURVE_S1.);
#4045 = LINE('',#4046,#4047);
#4046 = CARTESIAN_POINT('',(33.25,99.69898837435,1.75));
#4047 = VECTOR('',#4048,1.);
#4048 = DIRECTION('',(-1.,0.,0.));
#4049 = PCURVE('',#4050,#4055);
#4050 = PLANE('',#4051);
#4051 = AXIS2_PLACEMENT_3D('',#4052,#4053,#4054);
#4052 = CARTESIAN_POINT('',(-45.,100.44898837435,1.75));
#4053 = DIRECTION('',(0.,0.,-1.));
#4054 = DIRECTION('',(1.,0.,0.));
#4055 = DEFINITIONAL_REPRESENTATION('',(#4056),#4060);
#4056 = LINE('',#4057,#4058);
#4057 = CARTESIAN_POINT('',(78.25,0.75));
#4058 = VECTOR('',#4059,1.);
#4059 = DIRECTION('',(-1.,0.));
#4060 = ( GEOMETRIC_REPRESENTATION_CONTEXT(2) 
PARAMETRIC_REPRESENTATION_CONTEXT() REPRESENTATION_CONTEXT('2D SPACE',''
  ) );
#4061 = PCURVE('',#4062,#4067);
#4062 = PLANE('',#4063);
#4063 = AXIS2_PLACEMENT_3D('',#4064,#4065,#4066);
#4064 = CARTESIAN_POINT('',(33.25,99.69898837435,1.051E-14));
#4065 = DIRECTION('',(0.,-1.,0.));
#4066 = DIRECTION('',(0.,0.,-1.));
#4067 = DEFINITIONAL_REPRESENTATION('',(#4068),#4072);
#4068 = LINE('',#4069,#4070);
#4069 = CARTESIAN_POINT('',(-1.75,0.));
#4070 = VECTOR('',#4071,1.);
#4071 = DIRECTION('',(0.,-1.));
#4072 = ( GEOMETRIC_REPRESENTATION_CONTEXT(2) 
PARAMETRIC_REPRESENTATION_CONTEXT() REPRESENTATION_CONTEXT('2D SPACE',''
  ) );
#4073 = ORIENTED_EDGE('',*,*,#4074,.T.);
#4074 = EDGE_CURVE('',#4042,#4075,#4077,.T.);
#4075 = VERTEX_POINT('',#4076);
#4076 = CARTESIAN_POINT('',(9.,101.19898837435,1.75));
#4077 = SURFACE_CURVE('',#4078,(#4082,#4089),.PCURVE_S1.);
#4078 = LINE('',#4079,#4080);
#4079 = CARTESIAN_POINT('',(9.,-9.775505812825,1.75));
#4080 = VECTOR('',#4081,1.);
#4081 = DIRECTION('',(0.,1.,0.));
#4082 = PCURVE('',#4050,#4083);
#4083 = DEFINITIONAL_REPRESENTATION('',(#4084),#4088);
#4084 = LINE('',#4085,#4086);
#4085 = CARTESIAN_POINT('',(54.,110.22449418717));
#4086 = VECTOR('',#4087,1.);
#4087 = DIRECTION('',(0.,-1.));
#4088 = ( GEOMETRIC_REPRESENTATION_CONTEXT(2) 
PARAMETRIC_REPRESENTATION_CONTEXT() REPRESENTATION_CONTEXT('2D SPACE',''
  ) );
#4089 = PCURVE('',#4090,#4095);
#4090 = PLANE('',#4091);
#4091 = AXIS2_PLACEMENT_3D('',#4092,#4093,#4094);
#4092 = CARTESIAN_POINT('',(-4.44E-15,100.44898837435,1.75));
#4093 = DIRECTION('',(0.,0.,-1.));
#4094 = DIRECTION('',(1.,0.,0.));
#4095 = DEFINITIONAL_REPRESENTATION('',(#4096),#4100);
#4096 = LINE('',#4097,#4098);
#4097 = CARTESIAN_POINT('',(9.,110.22449418717));
#4098 = VECTOR('',#4099,1.);
#4099 = DIRECTION('',(0.,-1.));
#4100 = ( GEOMETRIC_REPRESENTATION_CONTEXT(2) 
PARAMETRIC_REPRESENTATION_CONTEXT() REPRESENTATION_CONTEXT('2D SPACE',''
  ) );
#4101 = ORIENTED_EDGE('',*,*,#4102,.T.);
#4102 = EDGE_CURVE('',#4075,#4103,#4105,.T.);
#4103 = VERTEX_POINT('',#4104);
#4104 = CARTESIAN_POINT('',(33.25,101.19898837435,1.75));
#4105 = SURFACE_CURVE('',#4106,(#4110,#4117),.PCURVE_S1.);
#4106 = LINE('',#4107,#4108);
#4107 = CARTESIAN_POINT('',(-123.25,101.19898837435,1.75));
#4108 = VECTOR('',#4109,1.);
#4109 = DIRECTION('',(1.,0.,0.));
#4110 = PCURVE('',#4050,#4111);
#4111 = DEFINITIONAL_REPRESENTATION('',(#4112),#4116);
#4112 = LINE('',#4113,#4114);
#4113 = CARTESIAN_POINT('',(-78.25,-0.75));
#4114 = VECTOR('',#4115,1.);
#4115 = DIRECTION('',(1.,0.));
#4116 = ( GEOMETRIC_REPRESENTATION_CONTEXT(2) 
PARAMETRIC_REPRESENTATION_CONTEXT() REPRESENTATION_CONTEXT('2D SPACE',''
  ) );
#4117 = PCURVE('',#4118,#4123);
#4118 = PLANE('',#4119);
#4119 = AXIS2_PLACEMENT_3D('',#4120,#4121,#4122);
#4120 = CARTESIAN_POINT('',(-123.25,101.19898837435,1.051E-14));
#4121 = DIRECTION('',(0.,1.,0.));
#4122 = DIRECTION('',(0.,0.,1.));
#4123 = DEFINITIONAL_REPRESENTATION('',(#4124),#4128);
#4124 = LINE('',#4125,#4126);
#4125 = CARTESIAN_POINT('',(1.75,0.));
#4126 = VECTOR('',#4127,1.);
#4127 = DIRECTION('',(0.,1.));
#4128 = ( GEOMETRIC_REPRESENTATION_CONTEXT(2) 
PARAMETRIC_REPRESENTATION_CONTEXT() REPRESENTATION_CONTEXT('2D SPACE',''
  ) );
#4129 = ORIENTED_EDGE('',*,*,#4130,.T.);
#4130 = EDGE_CURVE('',#4103,#4040,#4131,.T.);
#4131 = SURFACE_CURVE('',#4132,(#4136,#4143),.PCURVE_S1.);
#4132 = LINE('',#4133,#4134);
#4133 = CARTESIAN_POINT('',(33.25,101.19898837435,1.75));
#4134 = VECTOR('',#4135,1.);
#4135 = DIRECTION('',(0.,-1.,0.));
#4136 = PCURVE('',#4050,#4137);
#4137 = DEFINITIONAL_REPRESENTATION('',(#4138),#4142);
#4138 = LINE('',#4139,#4140);
#4139 = CARTESIAN_POINT('',(78.25,-0.75));
#4140 = VECTOR('',#4141,1.);
#4141 = DIRECTION('',(0.,1.));
#4142 = ( GEOMETRIC_REPRESENTATION_CONTEXT(2) 
PARAMETRIC_REPRESENTATION_CONTEXT() REPRESENTATION_CONTEXT('2D SPACE',''
  ) );
#4143 = PCURVE('',#4144,#4149);
#4144 = PLANE('',#4145);
#4145 = AXIS2_PLACEMENT_3D('',#4146,#4147,#4148);
#4146 = CARTESIAN_POINT('',(33.25,101.19898837435,1.051E-14));
#4147 = DIRECTION('',(1.,0.,0.));
#4148 = DIRECTION('',(0.,0.,1.));
#4149 = DEFINITIONAL_REPRESENTATION('',(#4150),#4154);
#4150 = LINE('',#4151,#4152);
#4151 = CARTESIAN_POINT('',(1.75,0.));
#4152 = VECTOR('',#4153,1.);
#4153 = DIRECTION('',(0.,1.));
#4154 = ( GEOMETRIC_REPRESENTATION_CONTEXT(2) 
PARAMETRIC_REPRESENTATION_CONTEXT() REPRESENTATION_CONTEXT('2D SPACE',''
  ) );
#4155 = ADVANCED_FACE('',(#4156),#4170,.F.);
#4156 = FACE_BOUND('',#4157,.T.);
#4157 = EDGE_LOOP('',(#4158,#4193,#4216,#4239));
#4158 = ORIENTED_EDGE('',*,*,#4159,.T.);
#4159 = EDGE_CURVE('',#4160,#4162,#4164,.T.);
#4160 = VERTEX_POINT('',#4161);
#4161 = CARTESIAN_POINT('',(22.45,-97.65529608449,29.5));
#4162 = VERTEX_POINT('',#4163);
#4163 = CARTESIAN_POINT('',(22.45,-98.29898837435,1.1E-14));
#4164 = SURFACE_CURVE('',#4165,(#4169,#4181),.PCURVE_S1.);
#4165 = LINE('',#4166,#4167);
#4166 = CARTESIAN_POINT('',(22.45,-97.65529608449,29.5));
#4167 = VECTOR('',#4168,1.);
#4168 = DIRECTION('',(0.,-2.181488503456E-02,-0.99976202708));
#4169 = PCURVE('',#4170,#4175);
#4170 = PLANE('',#4171);
#4171 = AXIS2_PLACEMENT_3D('',#4172,#4173,#4174);
#4172 = CARTESIAN_POINT('',(44.875,-98.30101138491,-9.271326139688E-02)
  );
#4173 = DIRECTION('',(0.,-0.99976202708,2.181488503456E-02));
#4174 = DIRECTION('',(1.,0.,0.));
#4175 = DEFINITIONAL_REPRESENTATION('',(#4176),#4180);
#4176 = LINE('',#4177,#4178);
#4177 = CARTESIAN_POINT('',(-22.425,29.599757202052));
#4178 = VECTOR('',#4179,1.);
#4179 = DIRECTION('',(0.,-1.));
#4180 = ( GEOMETRIC_REPRESENTATION_CONTEXT(2) 
PARAMETRIC_REPRESENTATION_CONTEXT() REPRESENTATION_CONTEXT('2D SPACE',''
  ) );
#4181 = PCURVE('',#4182,#4187);
#4182 = PLANE('',#4183);
#4183 = AXIS2_PLACEMENT_3D('',#4184,#4185,#4186);
#4184 = CARTESIAN_POINT('',(22.45,-98.29898837435,1.051E-14));
#4185 = DIRECTION('',(-1.,0.,0.));
#4186 = DIRECTION('',(0.,0.,-1.));
#4187 = DEFINITIONAL_REPRESENTATION('',(#4188),#4192);
#4188 = LINE('',#4189,#4190);
#4189 = CARTESIAN_POINT('',(-29.5,-0.643692289853));
#4190 = VECTOR('',#4191,1.);
#4191 = DIRECTION('',(0.99976202708,2.181488503456E-02));
#4192 = ( GEOMETRIC_REPRESENTATION_CONTEXT(2) 
PARAMETRIC_REPRESENTATION_CONTEXT() REPRESENTATION_CONTEXT('2D SPACE',''
  ) );
#4193 = ORIENTED_EDGE('',*,*,#4194,.F.);
#4194 = EDGE_CURVE('',#4195,#4162,#4197,.T.);
#4195 = VERTEX_POINT('',#4196);
#4196 = CARTESIAN_POINT('',(20.4,-98.29898837435,1.1E-14));
#4197 = SURFACE_CURVE('',#4198,(#4202,#4209),.PCURVE_S1.);
#4198 = LINE('',#4199,#4200);
#4199 = CARTESIAN_POINT('',(20.4,-98.29898837435,1.051E-14));
#4200 = VECTOR('',#4201,1.);
#4201 = DIRECTION('',(1.,0.,0.));
#4202 = PCURVE('',#4170,#4203);
#4203 = DEFINITIONAL_REPRESENTATION('',(#4204),#4208);
#4204 = LINE('',#4205,#4206);
#4205 = CARTESIAN_POINT('',(-24.475,9.273532989414E-02));
#4206 = VECTOR('',#4207,1.);
#4207 = DIRECTION('',(1.,0.));
#4208 = ( GEOMETRIC_REPRESENTATION_CONTEXT(2) 
PARAMETRIC_REPRESENTATION_CONTEXT() REPRESENTATION_CONTEXT('2D SPACE',''
  ) );
#4209 = PCURVE('',#675,#4210);
#4210 = DEFINITIONAL_REPRESENTATION('',(#4211),#4215);
#4211 = LINE('',#4212,#4213);
#4212 = CARTESIAN_POINT('',(-65.4,-96.92398837435));
#4213 = VECTOR('',#4214,1.);
#4214 = DIRECTION('',(-1.,0.));
#4215 = ( GEOMETRIC_REPRESENTATION_CONTEXT(2) 
PARAMETRIC_REPRESENTATION_CONTEXT() REPRESENTATION_CONTEXT('2D SPACE',''
  ) );
#4216 = ORIENTED_EDGE('',*,*,#4217,.T.);
#4217 = EDGE_CURVE('',#4195,#4218,#4220,.T.);
#4218 = VERTEX_POINT('',#4219);
#4219 = CARTESIAN_POINT('',(20.4,-97.65529608449,29.5));
#4220 = SURFACE_CURVE('',#4221,(#4225,#4232),.PCURVE_S1.);
#4221 = LINE('',#4222,#4223);
#4222 = CARTESIAN_POINT('',(20.4,-98.29898837435,1.051E-14));
#4223 = VECTOR('',#4224,1.);
#4224 = DIRECTION('',(0.,2.181488503456E-02,0.99976202708));
#4225 = PCURVE('',#4170,#4226);
#4226 = DEFINITIONAL_REPRESENTATION('',(#4227),#4231);
#4227 = LINE('',#4228,#4229);
#4228 = CARTESIAN_POINT('',(-24.475,9.273532989414E-02));
#4229 = VECTOR('',#4230,1.);
#4230 = DIRECTION('',(0.,1.));
#4231 = ( GEOMETRIC_REPRESENTATION_CONTEXT(2) 
PARAMETRIC_REPRESENTATION_CONTEXT() REPRESENTATION_CONTEXT('2D SPACE',''
  ) );
#4232 = PCURVE('',#3079,#4233);
#4233 = DEFINITIONAL_REPRESENTATION('',(#4234),#4238);
#4234 = LINE('',#4235,#4236);
#4235 = CARTESIAN_POINT('',(0.,1.5));
#4236 = VECTOR('',#4237,1.);
#4237 = DIRECTION('',(0.99976202708,-2.181488503456E-02));
#4238 = ( GEOMETRIC_REPRESENTATION_CONTEXT(2) 
PARAMETRIC_REPRESENTATION_CONTEXT() REPRESENTATION_CONTEXT('2D SPACE',''
  ) );
#4239 = ORIENTED_EDGE('',*,*,#4240,.T.);
#4240 = EDGE_CURVE('',#4218,#4160,#4241,.T.);
#4241 = SURFACE_CURVE('',#4242,(#4246,#4253),.PCURVE_S1.);
#4242 = LINE('',#4243,#4244);
#4243 = CARTESIAN_POINT('',(20.4,-97.65529608449,29.5));
#4244 = VECTOR('',#4245,1.);
#4245 = DIRECTION('',(1.,0.,0.));
#4246 = PCURVE('',#4170,#4247);
#4247 = DEFINITIONAL_REPRESENTATION('',(#4248),#4252);
#4248 = LINE('',#4249,#4250);
#4249 = CARTESIAN_POINT('',(-24.475,29.599757202052));
#4250 = VECTOR('',#4251,1.);
#4251 = DIRECTION('',(1.,0.));
#4252 = ( GEOMETRIC_REPRESENTATION_CONTEXT(2) 
PARAMETRIC_REPRESENTATION_CONTEXT() REPRESENTATION_CONTEXT('2D SPACE',''
  ) );
#4253 = PCURVE('',#67,#4254);
#4254 = DEFINITIONAL_REPRESENTATION('',(#4255),#4259);
#4255 = LINE('',#4256,#4257);
#4256 = CARTESIAN_POINT('',(65.4,97.655296084497));
#4257 = VECTOR('',#4258,1.);
#4258 = DIRECTION('',(1.,0.));
#4259 = ( GEOMETRIC_REPRESENTATION_CONTEXT(2) 
PARAMETRIC_REPRESENTATION_CONTEXT() REPRESENTATION_CONTEXT('2D SPACE',''
  ) );
#4260 = ADVANCED_FACE('',(#4261),#4275,.F.);
#4261 = FACE_BOUND('',#4262,.F.);
#4262 = EDGE_LOOP('',(#4263,#4298,#4326,#4354));
#4263 = ORIENTED_EDGE('',*,*,#4264,.F.);
#4264 = EDGE_CURVE('',#4265,#4267,#4269,.T.);
#4265 = VERTEX_POINT('',#4266);
#4266 = CARTESIAN_POINT('',(9.,-98.66098913346,32.5));
#4267 = VERTEX_POINT('',#4268);
#4268 = CARTESIAN_POINT('',(9.,98.660989133467,32.5));
#4269 = SURFACE_CURVE('',#4270,(#4274,#4286),.PCURVE_S1.);
#4270 = LINE('',#4271,#4272);
#4271 = CARTESIAN_POINT('',(9.,-60.,32.5));
#4272 = VECTOR('',#4273,1.);
#4273 = DIRECTION('',(0.,1.,0.));
#4274 = PCURVE('',#4275,#4280);
#4275 = PLANE('',#4276);
#4276 = AXIS2_PLACEMENT_3D('',#4277,#4278,#4279);
#4277 = CARTESIAN_POINT('',(0.,6.16E-15,32.5));
#4278 = DIRECTION('',(0.,0.,-1.));
#4279 = DIRECTION('',(-1.,0.,0.));
#4280 = DEFINITIONAL_REPRESENTATION('',(#4281),#4285);
#4281 = LINE('',#4282,#4283);
#4282 = CARTESIAN_POINT('',(-9.,-60.));
#4283 = VECTOR('',#4284,1.);
#4284 = DIRECTION('',(0.,1.));
#4285 = ( GEOMETRIC_REPRESENTATION_CONTEXT(2) 
PARAMETRIC_REPRESENTATION_CONTEXT() REPRESENTATION_CONTEXT('2D SPACE',''
  ) );
#4286 = PCURVE('',#4287,#4292);
#4287 = PLANE('',#4288);
#4288 = AXIS2_PLACEMENT_3D('',#4289,#4290,#4291);
#4289 = CARTESIAN_POINT('',(-45.,6.16E-15,32.5));
#4290 = DIRECTION('',(0.,0.,-1.));
#4291 = DIRECTION('',(-1.,0.,0.));
#4292 = DEFINITIONAL_REPRESENTATION('',(#4293),#4297);
#4293 = LINE('',#4294,#4295);
#4294 = CARTESIAN_POINT('',(-54.,-60.));
#4295 = VECTOR('',#4296,1.);
#4296 = DIRECTION('',(0.,1.));
#4297 = ( GEOMETRIC_REPRESENTATION_CONTEXT(2) 
PARAMETRIC_REPRESENTATION_CONTEXT() REPRESENTATION_CONTEXT('2D SPACE',''
  ) );
#4298 = ORIENTED_EDGE('',*,*,#4299,.T.);
#4299 = EDGE_CURVE('',#4265,#4300,#4302,.T.);
#4300 = VERTEX_POINT('',#4301);
#4301 = CARTESIAN_POINT('',(-9.,-98.66098913346,32.5));
#4302 = SURFACE_CURVE('',#4303,(#4307,#4314),.PCURVE_S1.);
#4303 = LINE('',#4304,#4305);
#4304 = CARTESIAN_POINT('',(44.9375,-98.66098913346,32.5));
#4305 = VECTOR('',#4306,1.);
#4306 = DIRECTION('',(-1.,0.,0.));
#4307 = PCURVE('',#4275,#4308);
#4308 = DEFINITIONAL_REPRESENTATION('',(#4309),#4313);
#4309 = LINE('',#4310,#4311);
#4310 = CARTESIAN_POINT('',(-44.9375,-98.66098913346));
#4311 = VECTOR('',#4312,1.);
#4312 = DIRECTION('',(1.,0.));
#4313 = ( GEOMETRIC_REPRESENTATION_CONTEXT(2) 
PARAMETRIC_REPRESENTATION_CONTEXT() REPRESENTATION_CONTEXT('2D SPACE',''
  ) );
#4314 = PCURVE('',#4315,#4320);
#4315 = CYLINDRICAL_SURFACE('',#4316,3.25);
#4316 = AXIS2_PLACEMENT_3D('',#4317,#4318,#4319);
#4317 = CARTESIAN_POINT('',(44.9375,-98.66098913346,29.25));
#4318 = DIRECTION('',(-1.,0.,0.));
#4319 = DIRECTION('',(0.,-0.699351526403,0.714777897334));
#4320 = DEFINITIONAL_REPRESENTATION('',(#4321),#4325);
#4321 = LINE('',#4322,#4323);
#4322 = CARTESIAN_POINT('',(0.774489855572,0.));
#4323 = VECTOR('',#4324,1.);
#4324 = DIRECTION('',(0.,1.));
#4325 = ( GEOMETRIC_REPRESENTATION_CONTEXT(2) 
PARAMETRIC_REPRESENTATION_CONTEXT() REPRESENTATION_CONTEXT('2D SPACE',''
  ) );
#4326 = ORIENTED_EDGE('',*,*,#4327,.T.);
#4327 = EDGE_CURVE('',#4300,#4328,#4330,.T.);
#4328 = VERTEX_POINT('',#4329);
#4329 = CARTESIAN_POINT('',(-9.,98.660989133467,32.5));
#4330 = SURFACE_CURVE('',#4331,(#4335,#4342),.PCURVE_S1.);
#4331 = LINE('',#4332,#4333);
#4332 = CARTESIAN_POINT('',(-9.,62.537187078898,32.5));
#4333 = VECTOR('',#4334,1.);
#4334 = DIRECTION('',(0.,1.,0.));
#4335 = PCURVE('',#4275,#4336);
#4336 = DEFINITIONAL_REPRESENTATION('',(#4337),#4341);
#4337 = LINE('',#4338,#4339);
#4338 = CARTESIAN_POINT('',(9.,62.537187078898));
#4339 = VECTOR('',#4340,1.);
#4340 = DIRECTION('',(0.,1.));
#4341 = ( GEOMETRIC_REPRESENTATION_CONTEXT(2) 
PARAMETRIC_REPRESENTATION_CONTEXT() REPRESENTATION_CONTEXT('2D SPACE',''
  ) );
#4342 = PCURVE('',#4343,#4348);
#4343 = PLANE('',#4344);
#4344 = AXIS2_PLACEMENT_3D('',#4345,#4346,#4347);
#4345 = CARTESIAN_POINT('',(45.,6.16E-15,32.5));
#4346 = DIRECTION('',(0.,0.,-1.));
#4347 = DIRECTION('',(-1.,0.,0.));
#4348 = DEFINITIONAL_REPRESENTATION('',(#4349),#4353);
#4349 = LINE('',#4350,#4351);
#4350 = CARTESIAN_POINT('',(54.,62.537187078898));
#4351 = VECTOR('',#4352,1.);
#4352 = DIRECTION('',(0.,1.));
#4353 = ( GEOMETRIC_REPRESENTATION_CONTEXT(2) 
PARAMETRIC_REPRESENTATION_CONTEXT() REPRESENTATION_CONTEXT('2D SPACE',''
  ) );
#4354 = ORIENTED_EDGE('',*,*,#4355,.T.);
#4355 = EDGE_CURVE('',#4328,#4267,#4356,.T.);
#4356 = SURFACE_CURVE('',#4357,(#4361,#4368),.PCURVE_S1.);
#4357 = LINE('',#4358,#4359);
#4358 = CARTESIAN_POINT('',(-44.9375,98.660989133467,32.5));
#4359 = VECTOR('',#4360,1.);
#4360 = DIRECTION('',(1.,0.,0.));
#4361 = PCURVE('',#4275,#4362);
#4362 = DEFINITIONAL_REPRESENTATION('',(#4363),#4367);
#4363 = LINE('',#4364,#4365);
#4364 = CARTESIAN_POINT('',(44.9375,98.660989133467));
#4365 = VECTOR('',#4366,1.);
#4366 = DIRECTION('',(-1.,0.));
#4367 = ( GEOMETRIC_REPRESENTATION_CONTEXT(2) 
PARAMETRIC_REPRESENTATION_CONTEXT() REPRESENTATION_CONTEXT('2D SPACE',''
  ) );
#4368 = PCURVE('',#4369,#4374);
#4369 = CYLINDRICAL_SURFACE('',#4370,3.25);
#4370 = AXIS2_PLACEMENT_3D('',#4371,#4372,#4373);
#4371 = CARTESIAN_POINT('',(-44.9375,98.660989133467,29.25));
#4372 = DIRECTION('',(-1.,0.,0.));
#4373 = DIRECTION('',(0.,0.699351526403,0.714777897334));
#4374 = DEFINITIONAL_REPRESENTATION('',(#4375),#4379);
#4375 = LINE('',#4376,#4377);
#4376 = CARTESIAN_POINT('',(5.508695451607,0.));
#4377 = VECTOR('',#4378,1.);
#4378 = DIRECTION('',(0.,-1.));
#4379 = ( GEOMETRIC_REPRESENTATION_CONTEXT(2) 
PARAMETRIC_REPRESENTATION_CONTEXT() REPRESENTATION_CONTEXT('2D SPACE',''
  ) );
#4380 = ADVANCED_FACE('',(#4381),#4395,.F.);
#4381 = FACE_BOUND('',#4382,.F.);
#4382 = EDGE_LOOP('',(#4383,#4413,#4440,#4441));
#4383 = ORIENTED_EDGE('',*,*,#4384,.T.);
#4384 = EDGE_CURVE('',#4385,#4387,#4389,.T.);
#4385 = VERTEX_POINT('',#4386);
#4386 = CARTESIAN_POINT('',(17.425,-75.1,25.65));
#4387 = VERTEX_POINT('',#4388);
#4388 = CARTESIAN_POINT('',(17.425,-75.1,30.35));
#4389 = SEAM_CURVE('',#4390,(#4394,#4406),.PCURVE_S1.);
#4390 = LINE('',#4391,#4392);
#4391 = CARTESIAN_POINT('',(17.425,-75.1,28.));
#4392 = VECTOR('',#4393,1.);
#4393 = DIRECTION('',(0.,0.,1.));
#4394 = PCURVE('',#4395,#4400);
#4395 = CYLINDRICAL_SURFACE('',#4396,2.35);
#4396 = AXIS2_PLACEMENT_3D('',#4397,#4398,#4399);
#4397 = CARTESIAN_POINT('',(15.075,-75.1,28.));
#4398 = DIRECTION('',(0.,0.,1.));
#4399 = DIRECTION('',(-1.,0.,0.));
#4400 = DEFINITIONAL_REPRESENTATION('',(#4401),#4405);
#4401 = LINE('',#4402,#4403);
#4402 = CARTESIAN_POINT('',(9.424777960769,0.));
#4403 = VECTOR('',#4404,1.);
#4404 = DIRECTION('',(0.,1.));
#4405 = ( GEOMETRIC_REPRESENTATION_CONTEXT(2) 
PARAMETRIC_REPRESENTATION_CONTEXT() REPRESENTATION_CONTEXT('2D SPACE',''
  ) );
#4406 = PCURVE('',#4395,#4407);
#4407 = DEFINITIONAL_REPRESENTATION('',(#4408),#4412);
#4408 = LINE('',#4409,#4410);
#4409 = CARTESIAN_POINT('',(3.14159265359,0.));
#4410 = VECTOR('',#4411,1.);
#4411 = DIRECTION('',(0.,1.));
#4412 = ( GEOMETRIC_REPRESENTATION_CONTEXT(2) 
PARAMETRIC_REPRESENTATION_CONTEXT() REPRESENTATION_CONTEXT('2D SPACE',''
  ) );
#4413 = ORIENTED_EDGE('',*,*,#4414,.F.);
#4414 = EDGE_CURVE('',#4387,#4387,#4415,.T.);
#4415 = SURFACE_CURVE('',#4416,(#4421,#4428),.PCURVE_S1.);
#4416 = CIRCLE('',#4417,2.35);
#4417 = AXIS2_PLACEMENT_3D('',#4418,#4419,#4420);
#4418 = CARTESIAN_POINT('',(15.075,-75.1,30.35));
#4419 = DIRECTION('',(0.,0.,1.));
#4420 = DIRECTION('',(-1.,0.,0.));
#4421 = PCURVE('',#4395,#4422);
#4422 = DEFINITIONAL_REPRESENTATION('',(#4423),#4427);
#4423 = LINE('',#4424,#4425);
#4424 = CARTESIAN_POINT('',(0.,2.35));
#4425 = VECTOR('',#4426,1.);
#4426 = DIRECTION('',(1.,0.));
#4427 = ( GEOMETRIC_REPRESENTATION_CONTEXT(2) 
PARAMETRIC_REPRESENTATION_CONTEXT() REPRESENTATION_CONTEXT('2D SPACE',''
  ) );
#4428 = PCURVE('',#4429,#4434);
#4429 = PLANE('',#4430);
#4430 = AXIS2_PLACEMENT_3D('',#4431,#4432,#4433);
#4431 = CARTESIAN_POINT('',(15.075,-75.1,30.35));
#4432 = DIRECTION('',(0.,0.,1.));
#4433 = DIRECTION('',(-1.,0.,0.));
#4434 = DEFINITIONAL_REPRESENTATION('',(#4435),#4439);
#4435 = CIRCLE('',#4436,2.35);
#4436 = AXIS2_PLACEMENT_2D('',#4437,#4438);
#4437 = CARTESIAN_POINT('',(0.,0.));
#4438 = DIRECTION('',(1.,0.));
#4439 = ( GEOMETRIC_REPRESENTATION_CONTEXT(2) 
PARAMETRIC_REPRESENTATION_CONTEXT() REPRESENTATION_CONTEXT('2D SPACE',''
  ) );
#4440 = ORIENTED_EDGE('',*,*,#4384,.F.);
#4441 = ORIENTED_EDGE('',*,*,#4442,.T.);
#4442 = EDGE_CURVE('',#4385,#4385,#4443,.T.);
#4443 = SURFACE_CURVE('',#4444,(#4449,#4456),.PCURVE_S1.);
#4444 = CIRCLE('',#4445,2.35);
#4445 = AXIS2_PLACEMENT_3D('',#4446,#4447,#4448);
#4446 = CARTESIAN_POINT('',(15.075,-75.1,25.65));
#4447 = DIRECTION('',(0.,0.,1.));
#4448 = DIRECTION('',(-1.,0.,0.));
#4449 = PCURVE('',#4395,#4450);
#4450 = DEFINITIONAL_REPRESENTATION('',(#4451),#4455);
#4451 = LINE('',#4452,#4453);
#4452 = CARTESIAN_POINT('',(0.,-2.35));
#4453 = VECTOR('',#4454,1.);
#4454 = DIRECTION('',(1.,0.));
#4455 = ( GEOMETRIC_REPRESENTATION_CONTEXT(2) 
PARAMETRIC_REPRESENTATION_CONTEXT() REPRESENTATION_CONTEXT('2D SPACE',''
  ) );
#4456 = PCURVE('',#1783,#4457);
#4457 = DEFINITIONAL_REPRESENTATION('',(#4458),#4462);
#4458 = CIRCLE('',#4459,2.35);
#4459 = AXIS2_PLACEMENT_2D('',#4460,#4461);
#4460 = CARTESIAN_POINT('',(0.,0.));
#4461 = DIRECTION('',(1.,0.));
#4462 = ( GEOMETRIC_REPRESENTATION_CONTEXT(2) 
PARAMETRIC_REPRESENTATION_CONTEXT() REPRESENTATION_CONTEXT('2D SPACE',''
  ) );
#4463 = ADVANCED_FACE('',(#4464),#365,.T.);
#4464 = FACE_BOUND('',#4465,.T.);
#4465 = EDGE_LOOP('',(#4466,#4490,#4491,#4492));
#4466 = ORIENTED_EDGE('',*,*,#4467,.F.);
#4467 = EDGE_CURVE('',#1850,#4468,#4470,.T.);
#4468 = VERTEX_POINT('',#4469);
#4469 = CARTESIAN_POINT('',(-6.26869227435,92.0302961,0.125));
#4470 = SURFACE_CURVE('',#4471,(#4476,#4483),.PCURVE_S1.);
#4471 = CIRCLE('',#4472,6.26869227435);
#4472 = AXIS2_PLACEMENT_3D('',#4473,#4474,#4475);
#4473 = CARTESIAN_POINT('',(0.,92.0302961,0.125));
#4474 = DIRECTION('',(0.,0.,-1.));
#4475 = DIRECTION('',(1.,0.,0.));
#4476 = PCURVE('',#365,#4477);
#4477 = DEFINITIONAL_REPRESENTATION('',(#4478),#4482);
#4478 = LINE('',#4479,#4480);
#4479 = CARTESIAN_POINT('',(6.28318530718,0.));
#4480 = VECTOR('',#4481,1.);
#4481 = DIRECTION('',(-1.,0.));
#4482 = ( GEOMETRIC_REPRESENTATION_CONTEXT(2) 
PARAMETRIC_REPRESENTATION_CONTEXT() REPRESENTATION_CONTEXT('2D SPACE',''
  ) );
#4483 = PCURVE('',#1868,#4484);
#4484 = DEFINITIONAL_REPRESENTATION('',(#4485),#4489);
#4485 = CIRCLE('',#4486,6.26869227435);
#4486 = AXIS2_PLACEMENT_2D('',#4487,#4488);
#4487 = CARTESIAN_POINT('',(5.6E-16,3.815460185633));
#4488 = DIRECTION('',(1.,0.));
#4489 = ( GEOMETRIC_REPRESENTATION_CONTEXT(2) 
PARAMETRIC_REPRESENTATION_CONTEXT() REPRESENTATION_CONTEXT('2D SPACE',''
  ) );
#4490 = ORIENTED_EDGE('',*,*,#1880,.T.);
#4491 = ORIENTED_EDGE('',*,*,#344,.F.);
#4492 = ORIENTED_EDGE('',*,*,#4493,.F.);
#4493 = EDGE_CURVE('',#4468,#316,#4494,.T.);
#4494 = SURFACE_CURVE('',#4495,(#4499,#4506),.PCURVE_S1.);
#4495 = LINE('',#4496,#4497);
#4496 = CARTESIAN_POINT('',(-6.26869227435,92.0302961,0.125));
#4497 = VECTOR('',#4498,1.);
#4498 = DIRECTION('',(0.,0.,1.));
#4499 = PCURVE('',#365,#4500);
#4500 = DEFINITIONAL_REPRESENTATION('',(#4501),#4505);
#4501 = LINE('',#4502,#4503);
#4502 = CARTESIAN_POINT('',(3.14159265359,0.));
#4503 = VECTOR('',#4504,1.);
#4504 = DIRECTION('',(0.,1.));
#4505 = ( GEOMETRIC_REPRESENTATION_CONTEXT(2) 
PARAMETRIC_REPRESENTATION_CONTEXT() REPRESENTATION_CONTEXT('2D SPACE',''
  ) );
#4506 = PCURVE('',#332,#4507);
#4507 = DEFINITIONAL_REPRESENTATION('',(#4508),#4512);
#4508 = LINE('',#4509,#4510);
#4509 = CARTESIAN_POINT('',(5.51972472619,0.));
#4510 = VECTOR('',#4511,1.);
#4511 = DIRECTION('',(0.,1.));
#4512 = ( GEOMETRIC_REPRESENTATION_CONTEXT(2) 
PARAMETRIC_REPRESENTATION_CONTEXT() REPRESENTATION_CONTEXT('2D SPACE',''
  ) );
#4513 = ADVANCED_FACE('',(#4514),#4528,.T.);
#4514 = FACE_BOUND('',#4515,.T.);
#4515 = EDGE_LOOP('',(#4516,#4551,#4574,#4602));
#4516 = ORIENTED_EDGE('',*,*,#4517,.T.);
#4517 = EDGE_CURVE('',#4518,#4520,#4522,.T.);
#4518 = VERTEX_POINT('',#4519);
#4519 = CARTESIAN_POINT('',(9.,-101.9102157214,29.320898376362));
#4520 = VERTEX_POINT('',#4521);
#4521 = CARTESIAN_POINT('',(9.,-102.55,0.));
#4522 = SURFACE_CURVE('',#4523,(#4527,#4539),.PCURVE_S1.);
#4523 = LINE('',#4524,#4525);
#4524 = CARTESIAN_POINT('',(9.,-103.535588349,-45.16887456297));
#4525 = VECTOR('',#4526,1.);
#4526 = DIRECTION('',(-2.2E-16,-2.181488503456E-02,-0.99976202708));
#4527 = PCURVE('',#4528,#4533);
#4528 = PLANE('',#4529);
#4529 = AXIS2_PLACEMENT_3D('',#4530,#4531,#4532);
#4530 = CARTESIAN_POINT('',(44.875,-102.55,0.));
#4531 = DIRECTION('',(0.,-0.99976202708,2.181488503456E-02));
#4532 = DIRECTION('',(1.,0.,0.));
#4533 = DEFINITIONAL_REPRESENTATION('',(#4534),#4538);
#4534 = LINE('',#4535,#4536);
#4535 = CARTESIAN_POINT('',(-35.875,-45.17962609052));
#4536 = VECTOR('',#4537,1.);
#4537 = DIRECTION('',(-2.2E-16,-1.));
#4538 = ( GEOMETRIC_REPRESENTATION_CONTEXT(2) 
PARAMETRIC_REPRESENTATION_CONTEXT() REPRESENTATION_CONTEXT('2D SPACE',''
  ) );
#4539 = PCURVE('',#4540,#4545);
#4540 = PLANE('',#4541);
#4541 = AXIS2_PLACEMENT_3D('',#4542,#4543,#4544);
#4542 = CARTESIAN_POINT('',(89.875,-102.55,0.));
#4543 = DIRECTION('',(0.,-0.99976202708,2.181488503456E-02));
#4544 = DIRECTION('',(1.,0.,0.));
#4545 = DEFINITIONAL_REPRESENTATION('',(#4546),#4550);
#4546 = LINE('',#4547,#4548);
#4547 = CARTESIAN_POINT('',(-80.875,-45.17962609052));
#4548 = VECTOR('',#4549,1.);
#4549 = DIRECTION('',(-2.2E-16,-1.));
#4550 = ( GEOMETRIC_REPRESENTATION_CONTEXT(2) 
PARAMETRIC_REPRESENTATION_CONTEXT() REPRESENTATION_CONTEXT('2D SPACE',''
  ) );
#4551 = ORIENTED_EDGE('',*,*,#4552,.F.);
#4552 = EDGE_CURVE('',#4553,#4520,#4555,.T.);
#4553 = VERTEX_POINT('',#4554);
#4554 = CARTESIAN_POINT('',(42.87547594584,-102.55,0.));
#4555 = SURFACE_CURVE('',#4556,(#4560,#4567),.PCURVE_S1.);
#4556 = LINE('',#4557,#4558);
#4557 = CARTESIAN_POINT('',(-6.25E-02,-102.55,0.));
#4558 = VECTOR('',#4559,1.);
#4559 = DIRECTION('',(-1.,0.,0.));
#4560 = PCURVE('',#4528,#4561);
#4561 = DEFINITIONAL_REPRESENTATION('',(#4562),#4566);
#4562 = LINE('',#4563,#4564);
#4563 = CARTESIAN_POINT('',(-44.9375,0.));
#4564 = VECTOR('',#4565,1.);
#4565 = DIRECTION('',(-1.,0.));
#4566 = ( GEOMETRIC_REPRESENTATION_CONTEXT(2) 
PARAMETRIC_REPRESENTATION_CONTEXT() REPRESENTATION_CONTEXT('2D SPACE',''
  ) );
#4567 = PCURVE('',#675,#4568);
#4568 = DEFINITIONAL_REPRESENTATION('',(#4569),#4573);
#4569 = LINE('',#4570,#4571);
#4570 = CARTESIAN_POINT('',(-44.9375,-101.175));
#4571 = VECTOR('',#4572,1.);
#4572 = DIRECTION('',(1.,0.));
#4573 = ( GEOMETRIC_REPRESENTATION_CONTEXT(2) 
PARAMETRIC_REPRESENTATION_CONTEXT() REPRESENTATION_CONTEXT('2D SPACE',''
  ) );
#4574 = ORIENTED_EDGE('',*,*,#4575,.F.);
#4575 = EDGE_CURVE('',#4576,#4553,#4578,.T.);
#4576 = VERTEX_POINT('',#4577);
#4577 = CARTESIAN_POINT('',(42.235691667317,-101.9102157214,
    29.320898376362));
#4578 = SURFACE_CURVE('',#4579,(#4583,#4590),.PCURVE_S1.);
#4579 = LINE('',#4580,#4581);
#4580 = CARTESIAN_POINT('',(42.827647820259,-102.5021718744,
    2.191931963257));
#4581 = VECTOR('',#4582,1.);
#4582 = DIRECTION('',(2.180969615229E-02,-2.180969615229E-02,
    -0.999524223972));
#4583 = PCURVE('',#4528,#4584);
#4584 = DEFINITIONAL_REPRESENTATION('',(#4585),#4589);
#4585 = LINE('',#4586,#4587);
#4586 = CARTESIAN_POINT('',(-2.047352179741,2.192453707868));
#4587 = VECTOR('',#4588,1.);
#4588 = DIRECTION('',(2.180969615229E-02,-0.999762140288));
#4589 = ( GEOMETRIC_REPRESENTATION_CONTEXT(2) 
PARAMETRIC_REPRESENTATION_CONTEXT() REPRESENTATION_CONTEXT('2D SPACE',''
  ) );
#4590 = PCURVE('',#4591,#4596);
#4591 = CYLINDRICAL_SURFACE('',#4592,2.);
#4592 = AXIS2_PLACEMENT_3D('',#4593,#4594,#4595);
#4593 = CARTESIAN_POINT('',(42.827647820259,-100.5026478202,
    2.148302193188));
#4594 = DIRECTION('',(2.180969615229E-02,-2.180969615229E-02,
    -0.999524223972));
#4595 = DIRECTION('',(0.706770356731,-0.706770356731,3.084356808981E-02)
  );
#4596 = DEFINITIONAL_REPRESENTATION('',(#4597),#4601);
#4597 = LINE('',#4598,#4599);
#4598 = CARTESIAN_POINT('',(0.785160218784,7.11E-15));
#4599 = VECTOR('',#4600,1.);
#4600 = DIRECTION('',(2.6E-16,1.));
#4601 = ( GEOMETRIC_REPRESENTATION_CONTEXT(2) 
PARAMETRIC_REPRESENTATION_CONTEXT() REPRESENTATION_CONTEXT('2D SPACE',''
  ) );
#4602 = ORIENTED_EDGE('',*,*,#4603,.F.);
#4603 = EDGE_CURVE('',#4518,#4576,#4604,.T.);
#4604 = SURFACE_CURVE('',#4605,(#4609,#4616),.PCURVE_S1.);
#4605 = LINE('',#4606,#4607);
#4606 = CARTESIAN_POINT('',(-6.25E-02,-101.9102157214,29.320898376362));
#4607 = VECTOR('',#4608,1.);
#4608 = DIRECTION('',(1.,0.,0.));
#4609 = PCURVE('',#4528,#4610);
#4610 = DEFINITIONAL_REPRESENTATION('',(#4611),#4615);
#4611 = LINE('',#4612,#4613);
#4612 = CARTESIAN_POINT('',(-44.9375,29.327877617039));
#4613 = VECTOR('',#4614,1.);
#4614 = DIRECTION('',(1.,0.));
#4615 = ( GEOMETRIC_REPRESENTATION_CONTEXT(2) 
PARAMETRIC_REPRESENTATION_CONTEXT() REPRESENTATION_CONTEXT('2D SPACE',''
  ) );
#4616 = PCURVE('',#4617,#4622);
#4617 = CYLINDRICAL_SURFACE('',#4618,3.25);
#4618 = AXIS2_PLACEMENT_3D('',#4619,#4620,#4621);
#4619 = CARTESIAN_POINT('',(-6.25E-02,-98.66098913346,29.25));
#4620 = DIRECTION('',(-1.,0.,0.));
#4621 = DIRECTION('',(0.,-0.699351526403,0.714777897334));
#4622 = DEFINITIONAL_REPRESENTATION('',(#4623),#4627);
#4623 = LINE('',#4624,#4625);
#4624 = CARTESIAN_POINT('',(-0.774489855572,0.));
#4625 = VECTOR('',#4626,1.);
#4626 = DIRECTION('',(0.,-1.));
#4627 = ( GEOMETRIC_REPRESENTATION_CONTEXT(2) 
PARAMETRIC_REPRESENTATION_CONTEXT() REPRESENTATION_CONTEXT('2D SPACE',''
  ) );
#4628 = ADVANCED_FACE('',(#4629),#1613,.T.);
#4629 = FACE_BOUND('',#4630,.T.);
#4630 = EDGE_LOOP('',(#4631,#4659,#4687,#4708));
#4631 = ORIENTED_EDGE('',*,*,#4632,.F.);
#4632 = EDGE_CURVE('',#4633,#1570,#4635,.T.);
#4633 = VERTEX_POINT('',#4634);
#4634 = CARTESIAN_POINT('',(-9.,-99.69898837435,-1.25));
#4635 = SURFACE_CURVE('',#4636,(#4640,#4647),.PCURVE_S1.);
#4636 = LINE('',#4637,#4638);
#4637 = CARTESIAN_POINT('',(-9.,-99.69898837435,-28.38045381863));
#4638 = VECTOR('',#4639,1.);
#4639 = DIRECTION('',(-6.E-17,0.,1.));
#4640 = PCURVE('',#1613,#4641);
#4641 = DEFINITIONAL_REPRESENTATION('',(#4642),#4646);
#4642 = LINE('',#4643,#4644);
#4643 = CARTESIAN_POINT('',(-28.38045381863,-132.));
#4644 = VECTOR('',#4645,1.);
#4645 = DIRECTION('',(1.,-6.E-17));
#4646 = ( GEOMETRIC_REPRESENTATION_CONTEXT(2) 
PARAMETRIC_REPRESENTATION_CONTEXT() REPRESENTATION_CONTEXT('2D SPACE',''
  ) );
#4647 = PCURVE('',#4648,#4653);
#4648 = PLANE('',#4649);
#4649 = AXIS2_PLACEMENT_3D('',#4650,#4651,#4652);
#4650 = CARTESIAN_POINT('',(78.,-99.69898837435,1.051E-14));
#4651 = DIRECTION('',(0.,1.,0.));
#4652 = DIRECTION('',(0.,0.,1.));
#4653 = DEFINITIONAL_REPRESENTATION('',(#4654),#4658);
#4654 = LINE('',#4655,#4656);
#4655 = CARTESIAN_POINT('',(-28.38045381863,-87.));
#4656 = VECTOR('',#4657,1.);
#4657 = DIRECTION('',(1.,-6.E-17));
#4658 = ( GEOMETRIC_REPRESENTATION_CONTEXT(2) 
PARAMETRIC_REPRESENTATION_CONTEXT() REPRESENTATION_CONTEXT('2D SPACE',''
  ) );
#4659 = ORIENTED_EDGE('',*,*,#4660,.T.);
#4660 = EDGE_CURVE('',#4633,#4661,#4663,.T.);
#4661 = VERTEX_POINT('',#4662);
#4662 = CARTESIAN_POINT('',(-33.,-99.69898837435,-1.25));
#4663 = SURFACE_CURVE('',#4664,(#4668,#4675),.PCURVE_S1.);
#4664 = LINE('',#4665,#4666);
#4665 = CARTESIAN_POINT('',(123.,-99.69898837435,-1.25));
#4666 = VECTOR('',#4667,1.);
#4667 = DIRECTION('',(-1.,0.,0.));
#4668 = PCURVE('',#1613,#4669);
#4669 = DEFINITIONAL_REPRESENTATION('',(#4670),#4674);
#4670 = LINE('',#4671,#4672);
#4671 = CARTESIAN_POINT('',(-1.25,0.));
#4672 = VECTOR('',#4673,1.);
#4673 = DIRECTION('',(0.,-1.));
#4674 = ( GEOMETRIC_REPRESENTATION_CONTEXT(2) 
PARAMETRIC_REPRESENTATION_CONTEXT() REPRESENTATION_CONTEXT('2D SPACE',''
  ) );
#4675 = PCURVE('',#4676,#4681);
#4676 = PLANE('',#4677);
#4677 = AXIS2_PLACEMENT_3D('',#4678,#4679,#4680);
#4678 = CARTESIAN_POINT('',(45.,-100.2989883743,-1.25));
#4679 = DIRECTION('',(0.,0.,-1.));
#4680 = DIRECTION('',(1.,0.,0.));
#4681 = DEFINITIONAL_REPRESENTATION('',(#4682),#4686);
#4682 = LINE('',#4683,#4684);
#4683 = CARTESIAN_POINT('',(78.,-0.6));
#4684 = VECTOR('',#4685,1.);
#4685 = DIRECTION('',(-1.,0.));
#4686 = ( GEOMETRIC_REPRESENTATION_CONTEXT(2) 
PARAMETRIC_REPRESENTATION_CONTEXT() REPRESENTATION_CONTEXT('2D SPACE',''
  ) );
#4687 = ORIENTED_EDGE('',*,*,#4688,.F.);
#4688 = EDGE_CURVE('',#1598,#4661,#4689,.T.);
#4689 = SURFACE_CURVE('',#4690,(#4694,#4701),.PCURVE_S1.);
#4690 = LINE('',#4691,#4692);
#4691 = CARTESIAN_POINT('',(-33.,-99.69898837435,1.051E-14));
#4692 = VECTOR('',#4693,1.);
#4693 = DIRECTION('',(0.,0.,-1.));
#4694 = PCURVE('',#1613,#4695);
#4695 = DEFINITIONAL_REPRESENTATION('',(#4696),#4700);
#4696 = LINE('',#4697,#4698);
#4697 = CARTESIAN_POINT('',(0.,-156.));
#4698 = VECTOR('',#4699,1.);
#4699 = DIRECTION('',(-1.,0.));
#4700 = ( GEOMETRIC_REPRESENTATION_CONTEXT(2) 
PARAMETRIC_REPRESENTATION_CONTEXT() REPRESENTATION_CONTEXT('2D SPACE',''
  ) );
#4701 = PCURVE('',#1641,#4702);
#4702 = DEFINITIONAL_REPRESENTATION('',(#4703),#4707);
#4703 = LINE('',#4704,#4705);
#4704 = CARTESIAN_POINT('',(0.,-0.));
#4705 = VECTOR('',#4706,1.);
#4706 = DIRECTION('',(1.,0.));
#4707 = ( GEOMETRIC_REPRESENTATION_CONTEXT(2) 
PARAMETRIC_REPRESENTATION_CONTEXT() REPRESENTATION_CONTEXT('2D SPACE',''
  ) );
#4708 = ORIENTED_EDGE('',*,*,#1597,.F.);
#4709 = ADVANCED_FACE('',(#4710),#4724,.T.);
#4710 = FACE_BOUND('',#4711,.T.);
#4711 = EDGE_LOOP('',(#4712,#4742,#4770,#4798));
#4712 = ORIENTED_EDGE('',*,*,#4713,.T.);
#4713 = EDGE_CURVE('',#4714,#4716,#4718,.T.);
#4714 = VERTEX_POINT('',#4715);
#4715 = CARTESIAN_POINT('',(37.15,96.79898837435,1.1E-14));
#4716 = VERTEX_POINT('',#4717);
#4717 = CARTESIAN_POINT('',(38.65,96.79898837435,1.1E-14));
#4718 = SURFACE_CURVE('',#4719,(#4723,#4735),.PCURVE_S1.);
#4719 = LINE('',#4720,#4721);
#4720 = CARTESIAN_POINT('',(37.15,96.79898837435,1.051E-14));
#4721 = VECTOR('',#4722,1.);
#4722 = DIRECTION('',(1.,0.,0.));
#4723 = PCURVE('',#4724,#4729);
#4724 = PLANE('',#4725);
#4725 = AXIS2_PLACEMENT_3D('',#4726,#4727,#4728);
#4726 = CARTESIAN_POINT('',(37.15,96.156723752124,29.434570918952));
#4727 = DIRECTION('',(-1.184E-14,-0.99976202708,-2.181488503456E-02));
#4728 = DIRECTION('',(4.930380657631E-32,2.181488503456E-02,
    -0.99976202708));
#4729 = DEFINITIONAL_REPRESENTATION('',(#4730),#4734);
#4730 = LINE('',#4731,#4732);
#4731 = CARTESIAN_POINT('',(29.441577217054,-1.104405267309E-29));
#4732 = VECTOR('',#4733,1.);
#4733 = DIRECTION('',(0.,1.));
#4734 = ( GEOMETRIC_REPRESENTATION_CONTEXT(2) 
PARAMETRIC_REPRESENTATION_CONTEXT() REPRESENTATION_CONTEXT('2D SPACE',''
  ) );
#4735 = PCURVE('',#2501,#4736);
#4736 = DEFINITIONAL_REPRESENTATION('',(#4737),#4741);
#4737 = LINE('',#4738,#4739);
#4738 = CARTESIAN_POINT('',(-82.15,98.17398837435));
#4739 = VECTOR('',#4740,1.);
#4740 = DIRECTION('',(-1.,0.));
#4741 = ( GEOMETRIC_REPRESENTATION_CONTEXT(2) 
PARAMETRIC_REPRESENTATION_CONTEXT() REPRESENTATION_CONTEXT('2D SPACE',''
  ) );
#4742 = ORIENTED_EDGE('',*,*,#4743,.F.);
#4743 = EDGE_CURVE('',#4744,#4716,#4746,.T.);
#4744 = VERTEX_POINT('',#4745);
#4745 = CARTESIAN_POINT('',(38.65,96.188018412049,28.00035695938));
#4746 = SURFACE_CURVE('',#4747,(#4751,#4758),.PCURVE_S1.);
#4747 = LINE('',#4748,#4749);
#4748 = CARTESIAN_POINT('',(38.65,96.188018412049,28.00035695938));
#4749 = VECTOR('',#4750,1.);
#4750 = DIRECTION('',(0.,2.181488503456E-02,-0.99976202708));
#4751 = PCURVE('',#4724,#4752);
#4752 = DEFINITIONAL_REPRESENTATION('',(#4753),#4757);
#4753 = LINE('',#4754,#4755);
#4754 = CARTESIAN_POINT('',(1.434555344896,1.5));
#4755 = VECTOR('',#4756,1.);
#4756 = DIRECTION('',(1.,-9.860761315263E-32));
#4757 = ( GEOMETRIC_REPRESENTATION_CONTEXT(2) 
PARAMETRIC_REPRESENTATION_CONTEXT() REPRESENTATION_CONTEXT('2D SPACE',''
  ) );
#4758 = PCURVE('',#4759,#4764);
#4759 = PLANE('',#4760);
#4760 = AXIS2_PLACEMENT_3D('',#4761,#4762,#4763);
#4761 = CARTESIAN_POINT('',(38.65,-96.79898837435,1.051E-14));
#4762 = DIRECTION('',(1.,0.,0.));
#4763 = DIRECTION('',(0.,0.,1.));
#4764 = DEFINITIONAL_REPRESENTATION('',(#4765),#4769);
#4765 = LINE('',#4766,#4767);
#4766 = CARTESIAN_POINT('',(28.00035695938,-192.9870067863));
#4767 = VECTOR('',#4768,1.);
#4768 = DIRECTION('',(-0.99976202708,-2.181488503456E-02));
#4769 = ( GEOMETRIC_REPRESENTATION_CONTEXT(2) 
PARAMETRIC_REPRESENTATION_CONTEXT() REPRESENTATION_CONTEXT('2D SPACE',''
  ) );
#4770 = ORIENTED_EDGE('',*,*,#4771,.F.);
#4771 = EDGE_CURVE('',#4772,#4744,#4774,.T.);
#4772 = VERTEX_POINT('',#4773);
#4773 = CARTESIAN_POINT('',(37.15,96.188018412049,28.00035695938));
#4774 = SURFACE_CURVE('',#4775,(#4779,#4786),.PCURVE_S1.);
#4775 = LINE('',#4776,#4777);
#4776 = CARTESIAN_POINT('',(37.15,96.188018412049,28.00035695938));
#4777 = VECTOR('',#4778,1.);
#4778 = DIRECTION('',(1.,0.,0.));
#4779 = PCURVE('',#4724,#4780);
#4780 = DEFINITIONAL_REPRESENTATION('',(#4781),#4785);
#4781 = LINE('',#4782,#4783);
#4782 = CARTESIAN_POINT('',(1.434555344896,1.084683744679E-29));
#4783 = VECTOR('',#4784,1.);
#4784 = DIRECTION('',(0.,1.));
#4785 = ( GEOMETRIC_REPRESENTATION_CONTEXT(2) 
PARAMETRIC_REPRESENTATION_CONTEXT() REPRESENTATION_CONTEXT('2D SPACE',''
  ) );
#4786 = PCURVE('',#4787,#4792);
#4787 = PLANE('',#4788);
#4788 = AXIS2_PLACEMENT_3D('',#4789,#4790,#4791);
#4789 = CARTESIAN_POINT('',(37.15,-97.62257375694,28.00035695938));
#4790 = DIRECTION('',(0.,0.,-1.));
#4791 = DIRECTION('',(1.,0.,0.));
#4792 = DEFINITIONAL_REPRESENTATION('',(#4793),#4797);
#4793 = LINE('',#4794,#4795);
#4794 = CARTESIAN_POINT('',(0.,-193.8105921689));
#4795 = VECTOR('',#4796,1.);
#4796 = DIRECTION('',(1.,0.));
#4797 = ( GEOMETRIC_REPRESENTATION_CONTEXT(2) 
PARAMETRIC_REPRESENTATION_CONTEXT() REPRESENTATION_CONTEXT('2D SPACE',''
  ) );
#4798 = ORIENTED_EDGE('',*,*,#4799,.T.);
#4799 = EDGE_CURVE('',#4772,#4714,#4800,.T.);
#4800 = SURFACE_CURVE('',#4801,(#4805,#4812),.PCURVE_S1.);
#4801 = LINE('',#4802,#4803);
#4802 = CARTESIAN_POINT('',(37.15,96.188018412049,28.00035695938));
#4803 = VECTOR('',#4804,1.);
#4804 = DIRECTION('',(0.,2.181488503456E-02,-0.99976202708));
#4805 = PCURVE('',#4724,#4806);
#4806 = DEFINITIONAL_REPRESENTATION('',(#4807),#4811);
#4807 = LINE('',#4808,#4809);
#4808 = CARTESIAN_POINT('',(1.434555344896,1.084683744679E-29));
#4809 = VECTOR('',#4810,1.);
#4810 = DIRECTION('',(1.,-1.203012880462E-29));
#4811 = ( GEOMETRIC_REPRESENTATION_CONTEXT(2) 
PARAMETRIC_REPRESENTATION_CONTEXT() REPRESENTATION_CONTEXT('2D SPACE',''
  ) );
#4812 = PCURVE('',#2582,#4813);
#4813 = DEFINITIONAL_REPRESENTATION('',(#4814),#4818);
#4814 = LINE('',#4815,#4816);
#4815 = CARTESIAN_POINT('',(-28.00035695938,-194.4870067863));
#4816 = VECTOR('',#4817,1.);
#4817 = DIRECTION('',(0.99976202708,-2.181488503456E-02));
#4818 = ( GEOMETRIC_REPRESENTATION_CONTEXT(2) 
PARAMETRIC_REPRESENTATION_CONTEXT() REPRESENTATION_CONTEXT('2D SPACE',''
  ) );
#4819 = ADVANCED_FACE('',(#4820),#4369,.T.);
#4820 = FACE_BOUND('',#4821,.T.);
#4821 = EDGE_LOOP('',(#4822,#4850,#4851,#4879));
#4822 = ORIENTED_EDGE('',*,*,#4823,.F.);
#4823 = EDGE_CURVE('',#4328,#4824,#4826,.T.);
#4824 = VERTEX_POINT('',#4825);
#4825 = CARTESIAN_POINT('',(-9.,101.91021572147,29.320898376362));
#4826 = SURFACE_CURVE('',#4827,(#4832,#4839),.PCURVE_S1.);
#4827 = CIRCLE('',#4828,3.25);
#4828 = AXIS2_PLACEMENT_3D('',#4829,#4830,#4831);
#4829 = CARTESIAN_POINT('',(-9.,98.660989133467,29.25));
#4830 = DIRECTION('',(-1.,0.,0.));
#4831 = DIRECTION('',(0.,0.699351526403,0.714777897334));
#4832 = PCURVE('',#4369,#4833);
#4833 = DEFINITIONAL_REPRESENTATION('',(#4834),#4838);
#4834 = LINE('',#4835,#4836);
#4835 = CARTESIAN_POINT('',(0.,-35.9375));
#4836 = VECTOR('',#4837,1.);
#4837 = DIRECTION('',(1.,0.));
#4838 = ( GEOMETRIC_REPRESENTATION_CONTEXT(2) 
PARAMETRIC_REPRESENTATION_CONTEXT() REPRESENTATION_CONTEXT('2D SPACE',''
  ) );
#4839 = PCURVE('',#4840,#4845);
#4840 = CYLINDRICAL_SURFACE('',#4841,3.25);
#4841 = AXIS2_PLACEMENT_3D('',#4842,#4843,#4844);
#4842 = CARTESIAN_POINT('',(6.25E-02,98.660989133467,29.25));
#4843 = DIRECTION('',(-1.,0.,0.));
#4844 = DIRECTION('',(0.,0.699351526403,0.714777897334));
#4845 = DEFINITIONAL_REPRESENTATION('',(#4846),#4849);
#4846 = B_SPLINE_CURVE_WITH_KNOTS('',1,(#4847,#4848),.UNSPECIFIED.,.F.,
  .F.,(2,2),(5.508695451607,7.057675162752),.PIECEWISE_BEZIER_KNOTS.);
#4847 = CARTESIAN_POINT('',(5.508695451607,9.0625));
#4848 = CARTESIAN_POINT('',(7.057675162752,9.0625));
#4849 = ( GEOMETRIC_REPRESENTATION_CONTEXT(2) 
PARAMETRIC_REPRESENTATION_CONTEXT() REPRESENTATION_CONTEXT('2D SPACE',''
  ) );
#4850 = ORIENTED_EDGE('',*,*,#4355,.T.);
#4851 = ORIENTED_EDGE('',*,*,#4852,.T.);
#4852 = EDGE_CURVE('',#4267,#4853,#4855,.T.);
#4853 = VERTEX_POINT('',#4854);
#4854 = CARTESIAN_POINT('',(9.,101.91021572147,29.320898376362));
#4855 = SURFACE_CURVE('',#4856,(#4861,#4868),.PCURVE_S1.);
#4856 = CIRCLE('',#4857,3.25);
#4857 = AXIS2_PLACEMENT_3D('',#4858,#4859,#4860);
#4858 = CARTESIAN_POINT('',(9.,98.660989133467,29.25));
#4859 = DIRECTION('',(-1.,0.,0.));
#4860 = DIRECTION('',(0.,0.699351526403,0.714777897334));
#4861 = PCURVE('',#4369,#4862);
#4862 = DEFINITIONAL_REPRESENTATION('',(#4863),#4867);
#4863 = LINE('',#4864,#4865);
#4864 = CARTESIAN_POINT('',(0.,-53.9375));
#4865 = VECTOR('',#4866,1.);
#4866 = DIRECTION('',(1.,0.));
#4867 = ( GEOMETRIC_REPRESENTATION_CONTEXT(2) 
PARAMETRIC_REPRESENTATION_CONTEXT() REPRESENTATION_CONTEXT('2D SPACE',''
  ) );
#4868 = PCURVE('',#4869,#4874);
#4869 = CYLINDRICAL_SURFACE('',#4870,3.25);
#4870 = AXIS2_PLACEMENT_3D('',#4871,#4872,#4873);
#4871 = CARTESIAN_POINT('',(-89.9375,98.660989133467,29.25));
#4872 = DIRECTION('',(-1.,0.,0.));
#4873 = DIRECTION('',(0.,0.699351526403,0.714777897334));
#4874 = DEFINITIONAL_REPRESENTATION('',(#4875),#4878);
#4875 = B_SPLINE_CURVE_WITH_KNOTS('',1,(#4876,#4877),.UNSPECIFIED.,.F.,
  .F.,(2,2),(5.508695451607,7.057675162752),.PIECEWISE_BEZIER_KNOTS.);
#4876 = CARTESIAN_POINT('',(5.508695451607,-98.9375));
#4877 = CARTESIAN_POINT('',(7.057675162752,-98.9375));
#4878 = ( GEOMETRIC_REPRESENTATION_CONTEXT(2) 
PARAMETRIC_REPRESENTATION_CONTEXT() REPRESENTATION_CONTEXT('2D SPACE',''
  ) );
#4879 = ORIENTED_EDGE('',*,*,#4880,.T.);
#4880 = EDGE_CURVE('',#4853,#4824,#4881,.T.);
#4881 = SURFACE_CURVE('',#4882,(#4886,#4893),.PCURVE_S1.);
#4882 = LINE('',#4883,#4884);
#4883 = CARTESIAN_POINT('',(-44.9375,101.91021572147,29.320898376362));
#4884 = VECTOR('',#4885,1.);
#4885 = DIRECTION('',(-1.,0.,0.));
#4886 = PCURVE('',#4369,#4887);
#4887 = DEFINITIONAL_REPRESENTATION('',(#4888),#4892);
#4888 = LINE('',#4889,#4890);
#4889 = CARTESIAN_POINT('',(7.057675162752,0.));
#4890 = VECTOR('',#4891,1.);
#4891 = DIRECTION('',(0.,1.));
#4892 = ( GEOMETRIC_REPRESENTATION_CONTEXT(2) 
PARAMETRIC_REPRESENTATION_CONTEXT() REPRESENTATION_CONTEXT('2D SPACE',''
  ) );
#4893 = PCURVE('',#2473,#4894);
#4894 = DEFINITIONAL_REPRESENTATION('',(#4895),#4899);
#4895 = LINE('',#4896,#4897);
#4896 = CARTESIAN_POINT('',(-44.9375,29.327877617039));
#4897 = VECTOR('',#4898,1.);
#4898 = DIRECTION('',(1.,0.));
#4899 = ( GEOMETRIC_REPRESENTATION_CONTEXT(2) 
PARAMETRIC_REPRESENTATION_CONTEXT() REPRESENTATION_CONTEXT('2D SPACE',''
  ) );
#4900 = ADVANCED_FACE('',(#4901),#4759,.T.);
#4901 = FACE_BOUND('',#4902,.T.);
#4902 = EDGE_LOOP('',(#4903,#4933,#4956,#4984,#5005,#5006,#5029,#5057));
#4903 = ORIENTED_EDGE('',*,*,#4904,.F.);
#4904 = EDGE_CURVE('',#4905,#4907,#4909,.T.);
#4905 = VERTEX_POINT('',#4906);
#4906 = CARTESIAN_POINT('',(38.65,-99.8,0.));
#4907 = VERTEX_POINT('',#4908);
#4908 = CARTESIAN_POINT('',(38.65,-99.8,29.5));
#4909 = SURFACE_CURVE('',#4910,(#4914,#4921),.PCURVE_S1.);
#4910 = LINE('',#4911,#4912);
#4911 = CARTESIAN_POINT('',(38.65,-99.8,0.));
#4912 = VECTOR('',#4913,1.);
#4913 = DIRECTION('',(0.,0.,1.));
#4914 = PCURVE('',#4759,#4915);
#4915 = DEFINITIONAL_REPRESENTATION('',(#4916),#4920);
#4916 = LINE('',#4917,#4918);
#4917 = CARTESIAN_POINT('',(-1.051E-14,3.00101162565));
#4918 = VECTOR('',#4919,1.);
#4919 = DIRECTION('',(1.,0.));
#4920 = ( GEOMETRIC_REPRESENTATION_CONTEXT(2) 
PARAMETRIC_REPRESENTATION_CONTEXT() REPRESENTATION_CONTEXT('2D SPACE',''
  ) );
#4921 = PCURVE('',#4922,#4927);
#4922 = PLANE('',#4923);
#4923 = AXIS2_PLACEMENT_3D('',#4924,#4925,#4926);
#4924 = CARTESIAN_POINT('',(38.65,-99.8,0.));
#4925 = DIRECTION('',(0.,-1.,0.));
#4926 = DIRECTION('',(1.,0.,0.));
#4927 = DEFINITIONAL_REPRESENTATION('',(#4928),#4932);
#4928 = LINE('',#4929,#4930);
#4929 = CARTESIAN_POINT('',(0.,0.));
#4930 = VECTOR('',#4931,1.);
#4931 = DIRECTION('',(0.,1.));
#4932 = ( GEOMETRIC_REPRESENTATION_CONTEXT(2) 
PARAMETRIC_REPRESENTATION_CONTEXT() REPRESENTATION_CONTEXT('2D SPACE',''
  ) );
#4933 = ORIENTED_EDGE('',*,*,#4934,.T.);
#4934 = EDGE_CURVE('',#4905,#4935,#4937,.T.);
#4935 = VERTEX_POINT('',#4936);
#4936 = CARTESIAN_POINT('',(38.65,-96.79898837435,1.1E-14));
#4937 = SURFACE_CURVE('',#4938,(#4942,#4949),.PCURVE_S1.);
#4938 = LINE('',#4939,#4940);
#4939 = CARTESIAN_POINT('',(38.65,-5.8E-15,1.01E-14));
#4940 = VECTOR('',#4941,1.);
#4941 = DIRECTION('',(0.,1.,0.));
#4942 = PCURVE('',#4759,#4943);
#4943 = DEFINITIONAL_REPRESENTATION('',(#4944),#4948);
#4944 = LINE('',#4945,#4946);
#4945 = CARTESIAN_POINT('',(-4.1E-16,-96.79898837435));
#4946 = VECTOR('',#4947,1.);
#4947 = DIRECTION('',(0.,-1.));
#4948 = ( GEOMETRIC_REPRESENTATION_CONTEXT(2) 
PARAMETRIC_REPRESENTATION_CONTEXT() REPRESENTATION_CONTEXT('2D SPACE',''
  ) );
#4949 = PCURVE('',#675,#4950);
#4950 = DEFINITIONAL_REPRESENTATION('',(#4951),#4955);
#4951 = LINE('',#4952,#4953);
#4952 = CARTESIAN_POINT('',(-83.65,1.375));
#4953 = VECTOR('',#4954,1.);
#4954 = DIRECTION('',(0.,1.));
#4955 = ( GEOMETRIC_REPRESENTATION_CONTEXT(2) 
PARAMETRIC_REPRESENTATION_CONTEXT() REPRESENTATION_CONTEXT('2D SPACE',''
  ) );
#4956 = ORIENTED_EDGE('',*,*,#4957,.T.);
#4957 = EDGE_CURVE('',#4935,#4958,#4960,.T.);
#4958 = VERTEX_POINT('',#4959);
#4959 = CARTESIAN_POINT('',(38.65,-96.18801841204,28.00035695938));
#4960 = SURFACE_CURVE('',#4961,(#4965,#4972),.PCURVE_S1.);
#4961 = LINE('',#4962,#4963);
#4962 = CARTESIAN_POINT('',(38.65,-96.79898837435,1.051E-14));
#4963 = VECTOR('',#4964,1.);
#4964 = DIRECTION('',(0.,2.181488503456E-02,0.99976202708));
#4965 = PCURVE('',#4759,#4966);
#4966 = DEFINITIONAL_REPRESENTATION('',(#4967),#4971);
#4967 = LINE('',#4968,#4969);
#4968 = CARTESIAN_POINT('',(0.,0.));
#4969 = VECTOR('',#4970,1.);
#4970 = DIRECTION('',(0.99976202708,-2.181488503456E-02));
#4971 = ( GEOMETRIC_REPRESENTATION_CONTEXT(2) 
PARAMETRIC_REPRESENTATION_CONTEXT() REPRESENTATION_CONTEXT('2D SPACE',''
  ) );
#4972 = PCURVE('',#4973,#4978);
#4973 = PLANE('',#4974);
#4974 = AXIS2_PLACEMENT_3D('',#4975,#4976,#4977);
#4975 = CARTESIAN_POINT('',(37.15,-96.79898837435,1.051E-14));
#4976 = DIRECTION('',(-1.184E-14,0.99976202708,-2.181488503456E-02));
#4977 = DIRECTION('',(-4.930380657631E-32,2.181488503456E-02,
    0.99976202708));
#4978 = DEFINITIONAL_REPRESENTATION('',(#4979),#4983);
#4979 = LINE('',#4980,#4981);
#4980 = CARTESIAN_POINT('',(2.091692428263E-15,1.5));
#4981 = VECTOR('',#4982,1.);
#4982 = DIRECTION('',(1.,9.860761315263E-32));
#4983 = ( GEOMETRIC_REPRESENTATION_CONTEXT(2) 
PARAMETRIC_REPRESENTATION_CONTEXT() REPRESENTATION_CONTEXT('2D SPACE',''
  ) );
#4984 = ORIENTED_EDGE('',*,*,#4985,.T.);
#4985 = EDGE_CURVE('',#4958,#4744,#4986,.T.);
#4986 = SURFACE_CURVE('',#4987,(#4991,#4998),.PCURVE_S1.);
#4987 = LINE('',#4988,#4989);
#4988 = CARTESIAN_POINT('',(38.65,-96.18801841204,28.00035695938));
#4989 = VECTOR('',#4990,1.);
#4990 = DIRECTION('',(0.,1.,0.));
#4991 = PCURVE('',#4759,#4992);
#4992 = DEFINITIONAL_REPRESENTATION('',(#4993),#4997);
#4993 = LINE('',#4994,#4995);
#4994 = CARTESIAN_POINT('',(28.00035695938,-0.610969962301));
#4995 = VECTOR('',#4996,1.);
#4996 = DIRECTION('',(0.,-1.));
#4997 = ( GEOMETRIC_REPRESENTATION_CONTEXT(2) 
PARAMETRIC_REPRESENTATION_CONTEXT() REPRESENTATION_CONTEXT('2D SPACE',''
  ) );
#4998 = PCURVE('',#4787,#4999);
#4999 = DEFINITIONAL_REPRESENTATION('',(#5000),#5004);
#5000 = LINE('',#5001,#5002);
#5001 = CARTESIAN_POINT('',(1.5,-1.434555344896));
#5002 = VECTOR('',#5003,1.);
#5003 = DIRECTION('',(0.,-1.));
#5004 = ( GEOMETRIC_REPRESENTATION_CONTEXT(2) 
PARAMETRIC_REPRESENTATION_CONTEXT() REPRESENTATION_CONTEXT('2D SPACE',''
  ) );
#5005 = ORIENTED_EDGE('',*,*,#4743,.T.);
#5006 = ORIENTED_EDGE('',*,*,#5007,.T.);
#5007 = EDGE_CURVE('',#4716,#5008,#5010,.T.);
#5008 = VERTEX_POINT('',#5009);
#5009 = CARTESIAN_POINT('',(38.65,99.8,0.));
#5010 = SURFACE_CURVE('',#5011,(#5015,#5022),.PCURVE_S1.);
#5011 = LINE('',#5012,#5013);
#5012 = CARTESIAN_POINT('',(38.65,-5.8E-15,1.01E-14));
#5013 = VECTOR('',#5014,1.);
#5014 = DIRECTION('',(0.,1.,0.));
#5015 = PCURVE('',#4759,#5016);
#5016 = DEFINITIONAL_REPRESENTATION('',(#5017),#5021);
#5017 = LINE('',#5018,#5019);
#5018 = CARTESIAN_POINT('',(-4.1E-16,-96.79898837435));
#5019 = VECTOR('',#5020,1.);
#5020 = DIRECTION('',(0.,-1.));
#5021 = ( GEOMETRIC_REPRESENTATION_CONTEXT(2) 
PARAMETRIC_REPRESENTATION_CONTEXT() REPRESENTATION_CONTEXT('2D SPACE',''
  ) );
#5022 = PCURVE('',#2501,#5023);
#5023 = DEFINITIONAL_REPRESENTATION('',(#5024),#5028);
#5024 = LINE('',#5025,#5026);
#5025 = CARTESIAN_POINT('',(-83.65,1.375));
#5026 = VECTOR('',#5027,1.);
#5027 = DIRECTION('',(0.,1.));
#5028 = ( GEOMETRIC_REPRESENTATION_CONTEXT(2) 
PARAMETRIC_REPRESENTATION_CONTEXT() REPRESENTATION_CONTEXT('2D SPACE',''
  ) );
#5029 = ORIENTED_EDGE('',*,*,#5030,.T.);
#5030 = EDGE_CURVE('',#5008,#5031,#5033,.T.);
#5031 = VERTEX_POINT('',#5032);
#5032 = CARTESIAN_POINT('',(38.65,99.8,29.5));
#5033 = SURFACE_CURVE('',#5034,(#5038,#5045),.PCURVE_S1.);
#5034 = LINE('',#5035,#5036);
#5035 = CARTESIAN_POINT('',(38.65,99.8,0.));
#5036 = VECTOR('',#5037,1.);
#5037 = DIRECTION('',(0.,0.,1.));
#5038 = PCURVE('',#4759,#5039);
#5039 = DEFINITIONAL_REPRESENTATION('',(#5040),#5044);
#5040 = LINE('',#5041,#5042);
#5041 = CARTESIAN_POINT('',(-1.051E-14,-196.5989883743));
#5042 = VECTOR('',#5043,1.);
#5043 = DIRECTION('',(1.,0.));
#5044 = ( GEOMETRIC_REPRESENTATION_CONTEXT(2) 
PARAMETRIC_REPRESENTATION_CONTEXT() REPRESENTATION_CONTEXT('2D SPACE',''
  ) );
#5045 = PCURVE('',#5046,#5051);
#5046 = PLANE('',#5047);
#5047 = AXIS2_PLACEMENT_3D('',#5048,#5049,#5050);
#5048 = CARTESIAN_POINT('',(40.55,99.8,0.));
#5049 = DIRECTION('',(0.,1.,0.));
#5050 = DIRECTION('',(-1.,0.,0.));
#5051 = DEFINITIONAL_REPRESENTATION('',(#5052),#5056);
#5052 = LINE('',#5053,#5054);
#5053 = CARTESIAN_POINT('',(1.9,0.));
#5054 = VECTOR('',#5055,1.);
#5055 = DIRECTION('',(0.,1.));
#5056 = ( GEOMETRIC_REPRESENTATION_CONTEXT(2) 
PARAMETRIC_REPRESENTATION_CONTEXT() REPRESENTATION_CONTEXT('2D SPACE',''
  ) );
#5057 = ORIENTED_EDGE('',*,*,#5058,.T.);
#5058 = EDGE_CURVE('',#5031,#4907,#5059,.T.);
#5059 = SURFACE_CURVE('',#5060,(#5064,#5071),.PCURVE_S1.);
#5060 = LINE('',#5061,#5062);
#5061 = CARTESIAN_POINT('',(38.65,-96.79898837435,29.5));
#5062 = VECTOR('',#5063,1.);
#5063 = DIRECTION('',(0.,-1.,0.));
#5064 = PCURVE('',#4759,#5065);
#5065 = DEFINITIONAL_REPRESENTATION('',(#5066),#5070);
#5066 = LINE('',#5067,#5068);
#5067 = CARTESIAN_POINT('',(29.5,0.));
#5068 = VECTOR('',#5069,1.);
#5069 = DIRECTION('',(0.,1.));
#5070 = ( GEOMETRIC_REPRESENTATION_CONTEXT(2) 
PARAMETRIC_REPRESENTATION_CONTEXT() REPRESENTATION_CONTEXT('2D SPACE',''
  ) );
#5071 = PCURVE('',#5072,#5077);
#5072 = PLANE('',#5073);
#5073 = AXIS2_PLACEMENT_3D('',#5074,#5075,#5076);
#5074 = CARTESIAN_POINT('',(-45.,6.16E-15,29.5));
#5075 = DIRECTION('',(0.,0.,-1.));
#5076 = DIRECTION('',(-1.,0.,0.));
#5077 = DEFINITIONAL_REPRESENTATION('',(#5078),#5082);
#5078 = LINE('',#5079,#5080);
#5079 = CARTESIAN_POINT('',(-83.65,-96.79898837435));
#5080 = VECTOR('',#5081,1.);
#5081 = DIRECTION('',(0.,-1.));
#5082 = ( GEOMETRIC_REPRESENTATION_CONTEXT(2) 
PARAMETRIC_REPRESENTATION_CONTEXT() REPRESENTATION_CONTEXT('2D SPACE',''
  ) );
#5083 = ADVANCED_FACE('',(#5084),#5098,.T.);
#5084 = FACE_BOUND('',#5085,.T.);
#5085 = EDGE_LOOP('',(#5086,#5116,#5144,#5167));
#5086 = ORIENTED_EDGE('',*,*,#5087,.F.);
#5087 = EDGE_CURVE('',#5088,#5090,#5092,.T.);
#5088 = VERTEX_POINT('',#5089);
#5089 = CARTESIAN_POINT('',(22.45,97.655296084497,29.5));
#5090 = VERTEX_POINT('',#5091);
#5091 = CARTESIAN_POINT('',(22.45,96.155296084497,29.5));
#5092 = SURFACE_CURVE('',#5093,(#5097,#5109),.PCURVE_S1.);
#5093 = LINE('',#5094,#5095);
#5094 = CARTESIAN_POINT('',(22.45,97.655296084497,29.5));
#5095 = VECTOR('',#5096,1.);
#5096 = DIRECTION('',(0.,-1.,0.));
#5097 = PCURVE('',#5098,#5103);
#5098 = PLANE('',#5099);
#5099 = AXIS2_PLACEMENT_3D('',#5100,#5101,#5102);
#5100 = CARTESIAN_POINT('',(22.45,98.29898837435,14.75));
#5101 = DIRECTION('',(-1.,0.,0.));
#5102 = DIRECTION('',(0.,0.,-1.));
#5103 = DEFINITIONAL_REPRESENTATION('',(#5104),#5108);
#5104 = LINE('',#5105,#5106);
#5105 = CARTESIAN_POINT('',(-14.75,0.643692289853));
#5106 = VECTOR('',#5107,1.);
#5107 = DIRECTION('',(0.,1.));
#5108 = ( GEOMETRIC_REPRESENTATION_CONTEXT(2) 
PARAMETRIC_REPRESENTATION_CONTEXT() REPRESENTATION_CONTEXT('2D SPACE',''
  ) );
#5109 = PCURVE('',#67,#5110);
#5110 = DEFINITIONAL_REPRESENTATION('',(#5111),#5115);
#5111 = LINE('',#5112,#5113);
#5112 = CARTESIAN_POINT('',(67.45,-97.65529608449));
#5113 = VECTOR('',#5114,1.);
#5114 = DIRECTION('',(0.,1.));
#5115 = ( GEOMETRIC_REPRESENTATION_CONTEXT(2) 
PARAMETRIC_REPRESENTATION_CONTEXT() REPRESENTATION_CONTEXT('2D SPACE',''
  ) );
#5116 = ORIENTED_EDGE('',*,*,#5117,.F.);
#5117 = EDGE_CURVE('',#5118,#5088,#5120,.T.);
#5118 = VERTEX_POINT('',#5119);
#5119 = CARTESIAN_POINT('',(22.45,98.29898837435,1.1E-14));
#5120 = SURFACE_CURVE('',#5121,(#5125,#5132),.PCURVE_S1.);
#5121 = LINE('',#5122,#5123);
#5122 = CARTESIAN_POINT('',(22.45,98.29898837435,1.051E-14));
#5123 = VECTOR('',#5124,1.);
#5124 = DIRECTION('',(0.,-2.181488503456E-02,0.99976202708));
#5125 = PCURVE('',#5098,#5126);
#5126 = DEFINITIONAL_REPRESENTATION('',(#5127),#5131);
#5127 = LINE('',#5128,#5129);
#5128 = CARTESIAN_POINT('',(14.75,0.));
#5129 = VECTOR('',#5130,1.);
#5130 = DIRECTION('',(-0.99976202708,2.181488503456E-02));
#5131 = ( GEOMETRIC_REPRESENTATION_CONTEXT(2) 
PARAMETRIC_REPRESENTATION_CONTEXT() REPRESENTATION_CONTEXT('2D SPACE',''
  ) );
#5132 = PCURVE('',#5133,#5138);
#5133 = PLANE('',#5134);
#5134 = AXIS2_PLACEMENT_3D('',#5135,#5136,#5137);
#5135 = CARTESIAN_POINT('',(-134.875,98.30101138491,-9.271326139688E-02)
  );
#5136 = DIRECTION('',(0.,0.99976202708,2.181488503456E-02));
#5137 = DIRECTION('',(-1.,0.,0.));
#5138 = DEFINITIONAL_REPRESENTATION('',(#5139),#5143);
#5139 = LINE('',#5140,#5141);
#5140 = CARTESIAN_POINT('',(-157.325,9.273532989414E-02));
#5141 = VECTOR('',#5142,1.);
#5142 = DIRECTION('',(0.,1.));
#5143 = ( GEOMETRIC_REPRESENTATION_CONTEXT(2) 
PARAMETRIC_REPRESENTATION_CONTEXT() REPRESENTATION_CONTEXT('2D SPACE',''
  ) );
#5144 = ORIENTED_EDGE('',*,*,#5145,.F.);
#5145 = EDGE_CURVE('',#5146,#5118,#5148,.T.);
#5146 = VERTEX_POINT('',#5147);
#5147 = CARTESIAN_POINT('',(22.45,96.79898837435,1.1E-14));
#5148 = SURFACE_CURVE('',#5149,(#5153,#5160),.PCURVE_S1.);
#5149 = LINE('',#5150,#5151);
#5150 = CARTESIAN_POINT('',(22.45,96.79898837435,1.051E-14));
#5151 = VECTOR('',#5152,1.);
#5152 = DIRECTION('',(0.,1.,0.));
#5153 = PCURVE('',#5098,#5154);
#5154 = DEFINITIONAL_REPRESENTATION('',(#5155),#5159);
#5155 = LINE('',#5156,#5157);
#5156 = CARTESIAN_POINT('',(14.75,1.5));
#5157 = VECTOR('',#5158,1.);
#5158 = DIRECTION('',(0.,-1.));
#5159 = ( GEOMETRIC_REPRESENTATION_CONTEXT(2) 
PARAMETRIC_REPRESENTATION_CONTEXT() REPRESENTATION_CONTEXT('2D SPACE',''
  ) );
#5160 = PCURVE('',#2501,#5161);
#5161 = DEFINITIONAL_REPRESENTATION('',(#5162),#5166);
#5162 = LINE('',#5163,#5164);
#5163 = CARTESIAN_POINT('',(-67.45,98.17398837435));
#5164 = VECTOR('',#5165,1.);
#5165 = DIRECTION('',(0.,1.));
#5166 = ( GEOMETRIC_REPRESENTATION_CONTEXT(2) 
PARAMETRIC_REPRESENTATION_CONTEXT() REPRESENTATION_CONTEXT('2D SPACE',''
  ) );
#5167 = ORIENTED_EDGE('',*,*,#5168,.T.);
#5168 = EDGE_CURVE('',#5146,#5090,#5169,.T.);
#5169 = SURFACE_CURVE('',#5170,(#5174,#5181),.PCURVE_S1.);
#5170 = LINE('',#5171,#5172);
#5171 = CARTESIAN_POINT('',(22.45,96.79898837435,1.051E-14));
#5172 = VECTOR('',#5173,1.);
#5173 = DIRECTION('',(0.,-2.181488503456E-02,0.99976202708));
#5174 = PCURVE('',#5098,#5175);
#5175 = DEFINITIONAL_REPRESENTATION('',(#5176),#5180);
#5176 = LINE('',#5177,#5178);
#5177 = CARTESIAN_POINT('',(14.75,1.5));
#5178 = VECTOR('',#5179,1.);
#5179 = DIRECTION('',(-0.99976202708,2.181488503456E-02));
#5180 = ( GEOMETRIC_REPRESENTATION_CONTEXT(2) 
PARAMETRIC_REPRESENTATION_CONTEXT() REPRESENTATION_CONTEXT('2D SPACE',''
  ) );
#5181 = PCURVE('',#5182,#5187);
#5182 = PLANE('',#5183);
#5183 = AXIS2_PLACEMENT_3D('',#5184,#5185,#5186);
#5184 = CARTESIAN_POINT('',(24.2,96.477142229423,14.75));
#5185 = DIRECTION('',(-1.016E-14,-0.99976202708,-2.181488503456E-02));
#5186 = DIRECTION('',(0.,2.181488503456E-02,-0.99976202708));
#5187 = DEFINITIONAL_REPRESENTATION('',(#5188),#5192);
#5188 = LINE('',#5189,#5190);
#5189 = CARTESIAN_POINT('',(14.753510936079,-1.75));
#5190 = VECTOR('',#5191,1.);
#5191 = DIRECTION('',(-1.,-4.092215945834E-30));
#5192 = ( GEOMETRIC_REPRESENTATION_CONTEXT(2) 
PARAMETRIC_REPRESENTATION_CONTEXT() REPRESENTATION_CONTEXT('2D SPACE',''
  ) );
#5193 = ADVANCED_FACE('',(#5194),#5208,.T.);
#5194 = FACE_BOUND('',#5195,.T.);
#5195 = EDGE_LOOP('',(#5196,#5226,#5254,#5277));
#5196 = ORIENTED_EDGE('',*,*,#5197,.F.);
#5197 = EDGE_CURVE('',#5198,#5200,#5202,.T.);
#5198 = VERTEX_POINT('',#5199);
#5199 = CARTESIAN_POINT('',(24.2,-97.65529608449,29.5));
#5200 = VERTEX_POINT('',#5201);
#5201 = CARTESIAN_POINT('',(24.2,-96.15529608449,29.5));
#5202 = SURFACE_CURVE('',#5203,(#5207,#5219),.PCURVE_S1.);
#5203 = LINE('',#5204,#5205);
#5204 = CARTESIAN_POINT('',(24.2,-97.65529608449,29.5));
#5205 = VECTOR('',#5206,1.);
#5206 = DIRECTION('',(0.,1.,0.));
#5207 = PCURVE('',#5208,#5213);
#5208 = PLANE('',#5209);
#5209 = AXIS2_PLACEMENT_3D('',#5210,#5211,#5212);
#5210 = CARTESIAN_POINT('',(24.2,-96.79898837435,1.051E-14));
#5211 = DIRECTION('',(1.,0.,0.));
#5212 = DIRECTION('',(0.,0.,1.));
#5213 = DEFINITIONAL_REPRESENTATION('',(#5214),#5218);
#5214 = LINE('',#5215,#5216);
#5215 = CARTESIAN_POINT('',(29.5,0.856307710147));
#5216 = VECTOR('',#5217,1.);
#5217 = DIRECTION('',(0.,-1.));
#5218 = ( GEOMETRIC_REPRESENTATION_CONTEXT(2) 
PARAMETRIC_REPRESENTATION_CONTEXT() REPRESENTATION_CONTEXT('2D SPACE',''
  ) );
#5219 = PCURVE('',#67,#5220);
#5220 = DEFINITIONAL_REPRESENTATION('',(#5221),#5225);
#5221 = LINE('',#5222,#5223);
#5222 = CARTESIAN_POINT('',(69.2,97.655296084497));
#5223 = VECTOR('',#5224,1.);
#5224 = DIRECTION('',(0.,-1.));
#5225 = ( GEOMETRIC_REPRESENTATION_CONTEXT(2) 
PARAMETRIC_REPRESENTATION_CONTEXT() REPRESENTATION_CONTEXT('2D SPACE',''
  ) );
#5226 = ORIENTED_EDGE('',*,*,#5227,.F.);
#5227 = EDGE_CURVE('',#5228,#5198,#5230,.T.);
#5228 = VERTEX_POINT('',#5229);
#5229 = CARTESIAN_POINT('',(24.2,-98.29898837435,1.1E-14));
#5230 = SURFACE_CURVE('',#5231,(#5235,#5242),.PCURVE_S1.);
#5231 = LINE('',#5232,#5233);
#5232 = CARTESIAN_POINT('',(24.2,-98.29898837435,1.051E-14));
#5233 = VECTOR('',#5234,1.);
#5234 = DIRECTION('',(0.,2.181488503456E-02,0.99976202708));
#5235 = PCURVE('',#5208,#5236);
#5236 = DEFINITIONAL_REPRESENTATION('',(#5237),#5241);
#5237 = LINE('',#5238,#5239);
#5238 = CARTESIAN_POINT('',(0.,1.5));
#5239 = VECTOR('',#5240,1.);
#5240 = DIRECTION('',(0.99976202708,-2.181488503456E-02));
#5241 = ( GEOMETRIC_REPRESENTATION_CONTEXT(2) 
PARAMETRIC_REPRESENTATION_CONTEXT() REPRESENTATION_CONTEXT('2D SPACE',''
  ) );
#5242 = PCURVE('',#5243,#5248);
#5243 = PLANE('',#5244);
#5244 = AXIS2_PLACEMENT_3D('',#5245,#5246,#5247);
#5245 = CARTESIAN_POINT('',(44.875,-98.30101138491,-9.271326139688E-02)
  );
#5246 = DIRECTION('',(0.,-0.99976202708,2.181488503456E-02));
#5247 = DIRECTION('',(1.,0.,0.));
#5248 = DEFINITIONAL_REPRESENTATION('',(#5249),#5253);
#5249 = LINE('',#5250,#5251);
#5250 = CARTESIAN_POINT('',(-20.675,9.273532989414E-02));
#5251 = VECTOR('',#5252,1.);
#5252 = DIRECTION('',(0.,1.));
#5253 = ( GEOMETRIC_REPRESENTATION_CONTEXT(2) 
PARAMETRIC_REPRESENTATION_CONTEXT() REPRESENTATION_CONTEXT('2D SPACE',''
  ) );
#5254 = ORIENTED_EDGE('',*,*,#5255,.T.);
#5255 = EDGE_CURVE('',#5228,#5256,#5258,.T.);
#5256 = VERTEX_POINT('',#5257);
#5257 = CARTESIAN_POINT('',(24.2,-96.79898837435,1.1E-14));
#5258 = SURFACE_CURVE('',#5259,(#5263,#5270),.PCURVE_S1.);
#5259 = LINE('',#5260,#5261);
#5260 = CARTESIAN_POINT('',(24.2,-98.29898837435,1.051E-14));
#5261 = VECTOR('',#5262,1.);
#5262 = DIRECTION('',(0.,1.,0.));
#5263 = PCURVE('',#5208,#5264);
#5264 = DEFINITIONAL_REPRESENTATION('',(#5265),#5269);
#5265 = LINE('',#5266,#5267);
#5266 = CARTESIAN_POINT('',(0.,1.5));
#5267 = VECTOR('',#5268,1.);
#5268 = DIRECTION('',(0.,-1.));
#5269 = ( GEOMETRIC_REPRESENTATION_CONTEXT(2) 
PARAMETRIC_REPRESENTATION_CONTEXT() REPRESENTATION_CONTEXT('2D SPACE',''
  ) );
#5270 = PCURVE('',#675,#5271);
#5271 = DEFINITIONAL_REPRESENTATION('',(#5272),#5276);
#5272 = LINE('',#5273,#5274);
#5273 = CARTESIAN_POINT('',(-69.2,-96.92398837435));
#5274 = VECTOR('',#5275,1.);
#5275 = DIRECTION('',(0.,1.));
#5276 = ( GEOMETRIC_REPRESENTATION_CONTEXT(2) 
PARAMETRIC_REPRESENTATION_CONTEXT() REPRESENTATION_CONTEXT('2D SPACE',''
  ) );
#5277 = ORIENTED_EDGE('',*,*,#5278,.T.);
#5278 = EDGE_CURVE('',#5256,#5200,#5279,.T.);
#5279 = SURFACE_CURVE('',#5280,(#5284,#5291),.PCURVE_S1.);
#5280 = LINE('',#5281,#5282);
#5281 = CARTESIAN_POINT('',(24.2,-96.79898837435,1.051E-14));
#5282 = VECTOR('',#5283,1.);
#5283 = DIRECTION('',(0.,2.181488503456E-02,0.99976202708));
#5284 = PCURVE('',#5208,#5285);
#5285 = DEFINITIONAL_REPRESENTATION('',(#5286),#5290);
#5286 = LINE('',#5287,#5288);
#5287 = CARTESIAN_POINT('',(0.,0.));
#5288 = VECTOR('',#5289,1.);
#5289 = DIRECTION('',(0.99976202708,-2.181488503456E-02));
#5290 = ( GEOMETRIC_REPRESENTATION_CONTEXT(2) 
PARAMETRIC_REPRESENTATION_CONTEXT() REPRESENTATION_CONTEXT('2D SPACE',''
  ) );
#5291 = PCURVE('',#5292,#5297);
#5292 = PLANE('',#5293);
#5293 = AXIS2_PLACEMENT_3D('',#5294,#5295,#5296);
#5294 = CARTESIAN_POINT('',(22.45,-96.79898837435,1.051E-14));
#5295 = DIRECTION('',(-2.03E-14,0.99976202708,-2.181488503456E-02));
#5296 = DIRECTION('',(4.930380657631E-32,2.181488503456E-02,
    0.99976202708));
#5297 = DEFINITIONAL_REPRESENTATION('',(#5298),#5302);
#5298 = LINE('',#5299,#5300);
#5299 = CARTESIAN_POINT('',(-1.547730443668E-16,1.75));
#5300 = VECTOR('',#5301,1.);
#5301 = DIRECTION('',(1.,-9.860761315263E-32));
#5302 = ( GEOMETRIC_REPRESENTATION_CONTEXT(2) 
PARAMETRIC_REPRESENTATION_CONTEXT() REPRESENTATION_CONTEXT('2D SPACE',''
  ) );
#5303 = ADVANCED_FACE('',(#5304),#5318,.T.);
#5304 = FACE_BOUND('',#5305,.T.);
#5305 = EDGE_LOOP('',(#5306,#5336,#5359,#5387));
#5306 = ORIENTED_EDGE('',*,*,#5307,.T.);
#5307 = EDGE_CURVE('',#5308,#5310,#5312,.T.);
#5308 = VERTEX_POINT('',#5309);
#5309 = CARTESIAN_POINT('',(-44.23130771014,99.04898837435,29.5));
#5310 = VERTEX_POINT('',#5311);
#5311 = CARTESIAN_POINT('',(-44.875,99.04898837435,0.));
#5312 = SURFACE_CURVE('',#5313,(#5317,#5329),.PCURVE_S1.);
#5313 = LINE('',#5314,#5315);
#5314 = CARTESIAN_POINT('',(-44.875,99.04898837435,0.));
#5315 = VECTOR('',#5316,1.);
#5316 = DIRECTION('',(-2.181488503456E-02,0.,-0.99976202708));
#5317 = PCURVE('',#5318,#5323);
#5318 = PLANE('',#5319);
#5319 = AXIS2_PLACEMENT_3D('',#5320,#5321,#5322);
#5320 = CARTESIAN_POINT('',(-44.875,99.04898837435,0.));
#5321 = DIRECTION('',(0.,-1.,0.));
#5322 = DIRECTION('',(1.,0.,0.));
#5323 = DEFINITIONAL_REPRESENTATION('',(#5324),#5328);
#5324 = LINE('',#5325,#5326);
#5325 = CARTESIAN_POINT('',(0.,0.));
#5326 = VECTOR('',#5327,1.);
#5327 = DIRECTION('',(-2.181488503456E-02,-0.99976202708));
#5328 = ( GEOMETRIC_REPRESENTATION_CONTEXT(2) 
PARAMETRIC_REPRESENTATION_CONTEXT() REPRESENTATION_CONTEXT('2D SPACE',''
  ) );
#5329 = PCURVE('',#941,#5330);
#5330 = DEFINITIONAL_REPRESENTATION('',(#5331),#5335);
#5331 = LINE('',#5332,#5333);
#5332 = CARTESIAN_POINT('',(-3.50101162565,-1.374571415278E-17));
#5333 = VECTOR('',#5334,1.);
#5334 = DIRECTION('',(1.96333965311E-18,-1.));
#5335 = ( GEOMETRIC_REPRESENTATION_CONTEXT(2) 
PARAMETRIC_REPRESENTATION_CONTEXT() REPRESENTATION_CONTEXT('2D SPACE',''
  ) );
#5336 = ORIENTED_EDGE('',*,*,#5337,.T.);
#5337 = EDGE_CURVE('',#5310,#5338,#5340,.T.);
#5338 = VERTEX_POINT('',#5339);
#5339 = CARTESIAN_POINT('',(-43.12548456479,99.04898837435,0.));
#5340 = SURFACE_CURVE('',#5341,(#5345,#5352),.PCURVE_S1.);
#5341 = LINE('',#5342,#5343);
#5342 = CARTESIAN_POINT('',(-44.875,99.04898837435,0.));
#5343 = VECTOR('',#5344,1.);
#5344 = DIRECTION('',(1.,0.,0.));
#5345 = PCURVE('',#5318,#5346);
#5346 = DEFINITIONAL_REPRESENTATION('',(#5347),#5351);
#5347 = LINE('',#5348,#5349);
#5348 = CARTESIAN_POINT('',(0.,0.));
#5349 = VECTOR('',#5350,1.);
#5350 = DIRECTION('',(1.,0.));
#5351 = ( GEOMETRIC_REPRESENTATION_CONTEXT(2) 
PARAMETRIC_REPRESENTATION_CONTEXT() REPRESENTATION_CONTEXT('2D SPACE',''
  ) );
#5352 = PCURVE('',#527,#5353);
#5353 = DEFINITIONAL_REPRESENTATION('',(#5354),#5358);
#5354 = LINE('',#5355,#5356);
#5355 = CARTESIAN_POINT('',(89.875,100.42398837435));
#5356 = VECTOR('',#5357,1.);
#5357 = DIRECTION('',(-1.,0.));
#5358 = ( GEOMETRIC_REPRESENTATION_CONTEXT(2) 
PARAMETRIC_REPRESENTATION_CONTEXT() REPRESENTATION_CONTEXT('2D SPACE',''
  ) );
#5359 = ORIENTED_EDGE('',*,*,#5360,.F.);
#5360 = EDGE_CURVE('',#5361,#5338,#5363,.T.);
#5361 = VERTEX_POINT('',#5362);
#5362 = CARTESIAN_POINT('',(-43.12548456479,99.04898837435,29.5));
#5363 = SURFACE_CURVE('',#5364,(#5368,#5375),.PCURVE_S1.);
#5364 = LINE('',#5365,#5366);
#5365 = CARTESIAN_POINT('',(-43.12548456479,99.04898837435,29.5));
#5366 = VECTOR('',#5367,1.);
#5367 = DIRECTION('',(0.,0.,-1.));
#5368 = PCURVE('',#5318,#5369);
#5369 = DEFINITIONAL_REPRESENTATION('',(#5370),#5374);
#5370 = LINE('',#5371,#5372);
#5371 = CARTESIAN_POINT('',(1.749515435207,29.5));
#5372 = VECTOR('',#5373,1.);
#5373 = DIRECTION('',(0.,-1.));
#5374 = ( GEOMETRIC_REPRESENTATION_CONTEXT(2) 
PARAMETRIC_REPRESENTATION_CONTEXT() REPRESENTATION_CONTEXT('2D SPACE',''
  ) );
#5375 = PCURVE('',#5376,#5381);
#5376 = PLANE('',#5377);
#5377 = AXIS2_PLACEMENT_3D('',#5378,#5379,#5380);
#5378 = CARTESIAN_POINT('',(-43.12548456479,99.04898837435,29.5));
#5379 = DIRECTION('',(0.61030090624,0.792169681219,0.));
#5380 = DIRECTION('',(0.792169681219,-0.61030090624,0.));
#5381 = DEFINITIONAL_REPRESENTATION('',(#5382),#5386);
#5382 = LINE('',#5383,#5384);
#5383 = CARTESIAN_POINT('',(0.,0.));
#5384 = VECTOR('',#5385,1.);
#5385 = DIRECTION('',(0.,1.));
#5386 = ( GEOMETRIC_REPRESENTATION_CONTEXT(2) 
PARAMETRIC_REPRESENTATION_CONTEXT() REPRESENTATION_CONTEXT('2D SPACE',''
  ) );
#5387 = ORIENTED_EDGE('',*,*,#5388,.F.);
#5388 = EDGE_CURVE('',#5308,#5361,#5389,.T.);
#5389 = SURFACE_CURVE('',#5390,(#5394,#5401),.PCURVE_S1.);
#5390 = LINE('',#5391,#5392);
#5391 = CARTESIAN_POINT('',(-44.875,99.04898837435,29.5));
#5392 = VECTOR('',#5393,1.);
#5393 = DIRECTION('',(1.,0.,0.));
#5394 = PCURVE('',#5318,#5395);
#5395 = DEFINITIONAL_REPRESENTATION('',(#5396),#5400);
#5396 = LINE('',#5397,#5398);
#5397 = CARTESIAN_POINT('',(0.,29.5));
#5398 = VECTOR('',#5399,1.);
#5399 = DIRECTION('',(1.,0.));
#5400 = ( GEOMETRIC_REPRESENTATION_CONTEXT(2) 
PARAMETRIC_REPRESENTATION_CONTEXT() REPRESENTATION_CONTEXT('2D SPACE',''
  ) );
#5401 = PCURVE('',#5402,#5407);
#5402 = PLANE('',#5403);
#5403 = AXIS2_PLACEMENT_3D('',#5404,#5405,#5406);
#5404 = CARTESIAN_POINT('',(45.,6.16E-15,29.5));
#5405 = DIRECTION('',(0.,0.,1.));
#5406 = DIRECTION('',(1.,0.,0.));
#5407 = DEFINITIONAL_REPRESENTATION('',(#5408),#5412);
#5408 = LINE('',#5409,#5410);
#5409 = CARTESIAN_POINT('',(-89.875,99.04898837435));
#5410 = VECTOR('',#5411,1.);
#5411 = DIRECTION('',(1.,0.));
#5412 = ( GEOMETRIC_REPRESENTATION_CONTEXT(2) 
PARAMETRIC_REPRESENTATION_CONTEXT() REPRESENTATION_CONTEXT('2D SPACE',''
  ) );
#5413 = ADVANCED_FACE('',(#5414),#162,.F.);
#5414 = FACE_BOUND('',#5415,.F.);
#5415 = EDGE_LOOP('',(#5416,#5417,#5440,#5464));
#5416 = ORIENTED_EDGE('',*,*,#145,.T.);
#5417 = ORIENTED_EDGE('',*,*,#5418,.F.);
#5418 = EDGE_CURVE('',#5419,#146,#5421,.T.);
#5419 = VERTEX_POINT('',#5420);
#5420 = CARTESIAN_POINT('',(6.26869227435,-92.0302961,0.125));
#5421 = SURFACE_CURVE('',#5422,(#5426,#5433),.PCURVE_S1.);
#5422 = LINE('',#5423,#5424);
#5423 = CARTESIAN_POINT('',(6.26869227435,-92.0302961,0.125));
#5424 = VECTOR('',#5425,1.);
#5425 = DIRECTION('',(0.,0.,1.));
#5426 = PCURVE('',#162,#5427);
#5427 = DEFINITIONAL_REPRESENTATION('',(#5428),#5432);
#5428 = LINE('',#5429,#5430);
#5429 = CARTESIAN_POINT('',(5.51972472619,0.));
#5430 = VECTOR('',#5431,1.);
#5431 = DIRECTION('',(0.,1.));
#5432 = ( GEOMETRIC_REPRESENTATION_CONTEXT(2) 
PARAMETRIC_REPRESENTATION_CONTEXT() REPRESENTATION_CONTEXT('2D SPACE',''
  ) );
#5433 = PCURVE('',#195,#5434);
#5434 = DEFINITIONAL_REPRESENTATION('',(#5435),#5439);
#5435 = LINE('',#5436,#5437);
#5436 = CARTESIAN_POINT('',(3.14159265359,0.));
#5437 = VECTOR('',#5438,1.);
#5438 = DIRECTION('',(0.,1.));
#5439 = ( GEOMETRIC_REPRESENTATION_CONTEXT(2) 
PARAMETRIC_REPRESENTATION_CONTEXT() REPRESENTATION_CONTEXT('2D SPACE',''
  ) );
#5440 = ORIENTED_EDGE('',*,*,#5441,.F.);
#5441 = EDGE_CURVE('',#5442,#5419,#5444,.T.);
#5442 = VERTEX_POINT('',#5443);
#5443 = CARTESIAN_POINT('',(8.783978579811,-98.29626086464,0.125));
#5444 = SURFACE_CURVE('',#5445,(#5450,#5457),.PCURVE_S1.);
#5445 = CIRCLE('',#5446,9.062383779386);
#5446 = AXIS2_PLACEMENT_3D('',#5447,#5448,#5449);
#5447 = CARTESIAN_POINT('',(15.331076053736,-92.0302961,0.125));
#5448 = DIRECTION('',(-0.,0.,-1.));
#5449 = DIRECTION('',(-0.722447606867,-0.691425668697,0.));
#5450 = PCURVE('',#162,#5451);
#5451 = DEFINITIONAL_REPRESENTATION('',(#5452),#5456);
#5452 = LINE('',#5453,#5454);
#5453 = CARTESIAN_POINT('',(6.28318530718,3.E-17));
#5454 = VECTOR('',#5455,1.);
#5455 = DIRECTION('',(-1.,0.));
#5456 = ( GEOMETRIC_REPRESENTATION_CONTEXT(2) 
PARAMETRIC_REPRESENTATION_CONTEXT() REPRESENTATION_CONTEXT('2D SPACE',''
  ) );
#5457 = PCURVE('',#2909,#5458);
#5458 = DEFINITIONAL_REPRESENTATION('',(#5459),#5463);
#5459 = CIRCLE('',#5460,9.062383779386);
#5460 = AXIS2_PLACEMENT_2D('',#5461,#5462);
#5461 = CARTESIAN_POINT('',(15.331076053736,0.));
#5462 = DIRECTION('',(-0.722447606867,0.691425668697));
#5463 = ( GEOMETRIC_REPRESENTATION_CONTEXT(2) 
PARAMETRIC_REPRESENTATION_CONTEXT() REPRESENTATION_CONTEXT('2D SPACE',''
  ) );
#5464 = ORIENTED_EDGE('',*,*,#5465,.T.);
#5465 = EDGE_CURVE('',#5442,#111,#5466,.T.);
#5466 = SURFACE_CURVE('',#5467,(#5472,#5501),.PCURVE_S1.);
#5467 = ELLIPSE('',#5468,415.42202789647,9.062383779386);
#5468 = AXIS2_PLACEMENT_3D('',#5469,#5470,#5471);
#5469 = CARTESIAN_POINT('',(15.331076053736,-92.0302961,287.29009964597)
  );
#5470 = DIRECTION('',(0.,0.99976202708,-2.181488503456E-02));
#5471 = DIRECTION('',(0.,-2.181488503456E-02,-0.99976202708));
#5472 = PCURVE('',#162,#5473);
#5473 = DEFINITIONAL_REPRESENTATION('',(#5474),#5500);
#5474 = B_SPLINE_CURVE_WITH_KNOTS('',3,(#5475,#5476,#5477,#5478,#5479,
    #5480,#5481,#5482,#5483,#5484,#5485,#5486,#5487,#5488,#5489,#5490,
    #5491,#5492,#5493,#5494,#5495,#5496,#5497,#5498,#5499),
  .UNSPECIFIED.,.F.,.F.,(4,1,1,1,1,1,1,1,1,1,1,1,1,1,1,1,1,1,1,1,1,1,4),
  (0.807335745805,0.811600674645,0.815865603484,0.820130532324,
    0.824395461163,0.828660390003,0.832925318842,0.837190247682,
    0.841455176521,0.845720105361,0.8499850342,0.85424996304,
    0.858514891879,0.862779820719,0.867044749558,0.871309678398,
    0.875574607237,0.879839536077,0.884104464916,0.888369393756,
    0.892634322595,0.896899251435,0.901164180274),
  .QUASI_UNIFORM_KNOTS.);
#5475 = CARTESIAN_POINT('',(6.28318530718,-1.199E-14));
#5476 = CARTESIAN_POINT('',(6.281763664233,0.426562862572));
#5477 = CARTESIAN_POINT('',(6.27892037834,1.281429758789));
#5478 = CARTESIAN_POINT('',(6.274655449501,2.568930188054));
#5479 = CARTESIAN_POINT('',(6.270390520661,3.861607310956));
#5480 = CARTESIAN_POINT('',(6.266125591822,5.159437606778));
#5481 = CARTESIAN_POINT('',(6.261860662982,6.462397470514));
#5482 = CARTESIAN_POINT('',(6.257595734143,7.770463201324));
#5483 = CARTESIAN_POINT('',(6.253330805303,9.08361100617));
#5484 = CARTESIAN_POINT('',(6.249065876463,10.401816999394));
#5485 = CARTESIAN_POINT('',(6.244800947624,11.725057203379));
#5486 = CARTESIAN_POINT('',(6.240536018784,13.053307548925));
#5487 = CARTESIAN_POINT('',(6.236271089945,14.386543875702));
#5488 = CARTESIAN_POINT('',(6.232006161105,15.724741932687));
#5489 = CARTESIAN_POINT('',(6.227741232266,17.067877378608));
#5490 = CARTESIAN_POINT('',(6.223476303426,18.415925782378));
#5491 = CARTESIAN_POINT('',(6.219211374587,19.768862623552));
#5492 = CARTESIAN_POINT('',(6.214946445747,21.126663292754));
#5493 = CARTESIAN_POINT('',(6.210681516908,22.48930309218));
#5494 = CARTESIAN_POINT('',(6.206416588068,23.856757235841));
#5495 = CARTESIAN_POINT('',(6.202151659229,25.229000850791));
#5496 = CARTESIAN_POINT('',(6.197886730389,26.606008974668));
#5497 = CARTESIAN_POINT('',(6.19362180155,27.987756567027));
#5498 = CARTESIAN_POINT('',(6.190778515657,28.912064501798));
#5499 = CARTESIAN_POINT('',(6.18935687271,29.375));
#5500 = ( GEOMETRIC_REPRESENTATION_CONTEXT(2) 
PARAMETRIC_REPRESENTATION_CONTEXT() REPRESENTATION_CONTEXT('2D SPACE',''
  ) );
#5501 = PCURVE('',#133,#5502);
#5502 = DEFINITIONAL_REPRESENTATION('',(#5503),#5511);
#5503 = ( BOUNDED_CURVE() B_SPLINE_CURVE(2,(#5504,#5505,#5506,#5507,
#5508,#5509,#5510),.UNSPECIFIED.,.T.,.F.) B_SPLINE_CURVE_WITH_KNOTS((1,2
    ,2,2,2,1),(-2.094395102393,0.,2.094395102393,4.188790204786,
6.28318530718,8.377580409573),.UNSPECIFIED.) CURVE() 
GEOMETRIC_REPRESENTATION_ITEM() RATIONAL_B_SPLINE_CURVE((1.,0.5,1.,0.5,
1.,0.5,1.)) REPRESENTATION_ITEM('') );
#5504 = CARTESIAN_POINT('',(-74.54392394626,-127.9708093832));
#5505 = CARTESIAN_POINT('',(-90.24043308984,-127.9708093832));
#5506 = CARTESIAN_POINT('',(-82.39217851805,495.16223246145));
#5507 = CARTESIAN_POINT('',(-74.54392394626,1.118295274306E+03));
#5508 = CARTESIAN_POINT('',(-66.69566937447,495.16223246145));
#5509 = CARTESIAN_POINT('',(-58.84741480268,-127.9708093832));
#5510 = CARTESIAN_POINT('',(-74.54392394626,-127.9708093832));
#5511 = ( GEOMETRIC_REPRESENTATION_CONTEXT(2) 
PARAMETRIC_REPRESENTATION_CONTEXT() REPRESENTATION_CONTEXT('2D SPACE',''
  ) );
#5512 = ADVANCED_FACE('',(#5513),#5528,.F.);
#5513 = FACE_BOUND('',#5514,.F.);
#5514 = EDGE_LOOP('',(#5515,#5571,#5592,#5615));
#5515 = ORIENTED_EDGE('',*,*,#5516,.F.);
#5516 = EDGE_CURVE('',#5517,#5519,#5521,.T.);
#5517 = VERTEX_POINT('',#5518);
#5518 = CARTESIAN_POINT('',(44.235215721477,-99.91069166731,
    29.320898376362));
#5519 = VERTEX_POINT('',#5520);
#5520 = CARTESIAN_POINT('',(44.208535627555,-98.66098913346,
    30.543629770069));
#5521 = SURFACE_CURVE('',#5522,(#5527,#5560),.PCURVE_S1.);
#5522 = ELLIPSE('',#5523,1.250297536956,1.25);
#5523 = AXIS2_PLACEMENT_3D('',#5524,#5525,#5526);
#5524 = CARTESIAN_POINT('',(44.235810724583,-98.66098913346,
    29.293629770069));
#5525 = DIRECTION('',(-0.99976202708,9.E-17,-2.181488503456E-02));
#5526 = DIRECTION('',(-2.181488503456E-02,5.666E-14,0.99976202708));
#5527 = PCURVE('',#5528,#5554);
#5528 = B_SPLINE_SURFACE_WITH_KNOTS('',3,3,(
    (#5529,#5530,#5531,#5532,#5533)
    ,(#5534,#5535,#5536,#5537,#5538)
    ,(#5539,#5540,#5541,#5542,#5543)
    ,(#5544,#5545,#5546,#5547,#5548)
    ,(#5549,#5550,#5551,#5552,#5553
  )),.UNSPECIFIED.,.F.,.F.,.F.,(4,1,4),(4,1,4),(0.,0.571428571429,1.),(
    -1.548979711145,-0.885131263511,-5.418E-14),.UNSPECIFIED.);
#5529 = CARTESIAN_POINT('',(44.235215721477,-99.91069166731,
    29.320898376362));
#5530 = CARTESIAN_POINT('',(44.229181647491,-99.90465759333,
    29.597436072062));
#5531 = CARTESIAN_POINT('',(44.215188349155,-99.66850338559,
    30.238739855575));
#5532 = CARTESIAN_POINT('',(44.208535627555,-99.02979382659,
    30.543629770069));
#5533 = CARTESIAN_POINT('',(44.208535627555,-98.66098913346,
    30.543629770069));
#5534 = CARTESIAN_POINT('',(44.234931104029,-100.508766685,
    29.333942209299));
#5535 = CARTESIAN_POINT('',(44.225921834531,-100.4979543795,
    29.743307768875));
#5536 = CARTESIAN_POINT('',(44.205266801962,-100.1450456329,
    30.688171204685));
#5537 = CARTESIAN_POINT('',(44.195662936386,-99.20467201403,
    31.133576854229));
#5538 = CARTESIAN_POINT('',(44.195662936386,-98.66098913346,
    31.133576854229));
#5539 = CARTESIAN_POINT('',(43.73270499409,-101.5441735908,
    29.345576255652));
#5540 = CARTESIAN_POINT('',(43.722082106176,-101.5253911203,
    29.983167756442));
#5541 = CARTESIAN_POINT('',(43.697551138369,-100.9698312692,
    31.453124871633));
#5542 = CARTESIAN_POINT('',(43.685969197793,-99.50534085292,
    32.14486449939));
#5543 = CARTESIAN_POINT('',(43.685969197793,-98.66098913346,
    32.14486449939));
#5544 = CARTESIAN_POINT('',(42.684247930631,-101.9100022583,
    29.330681251065));
#5545 = CARTESIAN_POINT('',(42.676851050874,-101.8921241234,
    30.049894079662));
#5546 = CARTESIAN_POINT('',(42.659714045649,-101.2735912441,
    31.713155578536));
#5547 = CARTESIAN_POINT('',(42.651577205151,-99.61746049191,32.5));
#5548 = CARTESIAN_POINT('',(42.651577205151,-98.66098913346,32.5));
#5549 = CARTESIAN_POINT('',(42.235691667317,-101.9102157214,
    29.320898376362));
#5550 = CARTESIAN_POINT('',(42.229657593331,-101.8945271291,
    30.039896385182));
#5551 = CARTESIAN_POINT('',(42.215664294996,-101.2805261889,
    31.707286222315));
#5552 = CARTESIAN_POINT('',(42.209011573395,-99.6198813356,32.5));
#5553 = CARTESIAN_POINT('',(42.209011573395,-98.66098913346,32.5));
#5554 = DEFINITIONAL_REPRESENTATION('',(#5555),#5559);
#5555 = LINE('',#5556,#5557);
#5556 = CARTESIAN_POINT('',(1.1418E-13,-6.28318530718));
#5557 = VECTOR('',#5558,1.);
#5558 = DIRECTION('',(-1.806E-14,1.));
#5559 = ( GEOMETRIC_REPRESENTATION_CONTEXT(2) 
PARAMETRIC_REPRESENTATION_CONTEXT() REPRESENTATION_CONTEXT('2D SPACE',''
  ) );
#5560 = PCURVE('',#2800,#5561);
#5561 = DEFINITIONAL_REPRESENTATION('',(#5562),#5570);
#5562 = ( BOUNDED_CURVE() B_SPLINE_CURVE(2,(#5563,#5564,#5565,#5566,
#5567,#5568,#5569),.UNSPECIFIED.,.T.,.F.) B_SPLINE_CURVE_WITH_KNOTS((1,2
    ,2,2,2,1),(-2.094395102393,0.,2.094395102393,4.188790204786,
6.28318530718,8.377580409573),.UNSPECIFIED.) CURVE() 
GEOMETRIC_REPRESENTATION_ITEM() RATIONAL_B_SPLINE_CURVE((1.,0.5,1.,0.5,
1.,0.5,1.)) REPRESENTATION_ITEM('') );
#5563 = CARTESIAN_POINT('',(-201.2109891334,30.550900056967));
#5564 = CARTESIAN_POINT('',(-199.045925624,30.550900056967));
#5565 = CARTESIAN_POINT('',(-200.1284573787,28.675453751533));
#5566 = CARTESIAN_POINT('',(-201.2109891334,26.8000074461));
#5567 = CARTESIAN_POINT('',(-202.2935208881,28.675453751533));
#5568 = CARTESIAN_POINT('',(-203.3760526429,30.550900056967));
#5569 = CARTESIAN_POINT('',(-201.2109891334,30.550900056967));
#5570 = ( GEOMETRIC_REPRESENTATION_CONTEXT(2) 
PARAMETRIC_REPRESENTATION_CONTEXT() REPRESENTATION_CONTEXT('2D SPACE',''
  ) );
#5571 = ORIENTED_EDGE('',*,*,#5572,.T.);
#5572 = EDGE_CURVE('',#5517,#4576,#5573,.T.);
#5573 = SURFACE_CURVE('',#5574,(#5579,#5585),.PCURVE_S1.);
#5574 = CIRCLE('',#5575,2.);
#5575 = AXIS2_PLACEMENT_3D('',#5576,#5577,#5578);
#5576 = CARTESIAN_POINT('',(42.235691667317,-99.91069166731,
    29.277268606293));
#5577 = DIRECTION('',(2.180969615229E-02,-2.18096961523E-02,
    -0.999524223972));
#5578 = DIRECTION('',(0.99976202708,0.,2.181488503456E-02));
#5579 = PCURVE('',#5528,#5580);
#5580 = DEFINITIONAL_REPRESENTATION('',(#5581),#5584);
#5581 = B_SPLINE_CURVE_WITH_KNOTS('',1,(#5582,#5583),.UNSPECIFIED.,.F.,
  .F.,(2,2),(0.,1.570320437568),.PIECEWISE_BEZIER_KNOTS.);
#5582 = CARTESIAN_POINT('',(1.71E-15,-1.548979711145));
#5583 = CARTESIAN_POINT('',(1.,-1.548979711145));
#5584 = ( GEOMETRIC_REPRESENTATION_CONTEXT(2) 
PARAMETRIC_REPRESENTATION_CONTEXT() REPRESENTATION_CONTEXT('2D SPACE',''
  ) );
#5585 = PCURVE('',#4591,#5586);
#5586 = DEFINITIONAL_REPRESENTATION('',(#5587),#5591);
#5587 = LINE('',#5588,#5589);
#5588 = CARTESIAN_POINT('',(-0.785160218784,-27.14187986889));
#5589 = VECTOR('',#5590,1.);
#5590 = DIRECTION('',(1.,-4.52E-15));
#5591 = ( GEOMETRIC_REPRESENTATION_CONTEXT(2) 
PARAMETRIC_REPRESENTATION_CONTEXT() REPRESENTATION_CONTEXT('2D SPACE',''
  ) );
#5592 = ORIENTED_EDGE('',*,*,#5593,.F.);
#5593 = EDGE_CURVE('',#5594,#4576,#5596,.T.);
#5594 = VERTEX_POINT('',#5595);
#5595 = CARTESIAN_POINT('',(42.209011573395,-98.66098913346,32.5));
#5596 = SURFACE_CURVE('',#5597,(#5602,#5609),.PCURVE_S1.);
#5597 = ELLIPSE('',#5598,3.250114448895,3.25);
#5598 = AXIS2_PLACEMENT_3D('',#5599,#5600,#5601);
#5599 = CARTESIAN_POINT('',(42.236286670423,-98.66098913346,29.25));
#5600 = DIRECTION('',(0.999964786195,4.8E-16,8.392042020847E-03));
#5601 = DIRECTION('',(-8.392042020847E-03,5.466E-14,0.999964786195));
#5602 = PCURVE('',#5528,#5603);
#5603 = DEFINITIONAL_REPRESENTATION('',(#5604),#5608);
#5604 = LINE('',#5605,#5606);
#5605 = CARTESIAN_POINT('',(1.,-6.43E-15));
#5606 = VECTOR('',#5607,1.);
#5607 = DIRECTION('',(-6.59E-15,-1.));
#5608 = ( GEOMETRIC_REPRESENTATION_CONTEXT(2) 
PARAMETRIC_REPRESENTATION_CONTEXT() REPRESENTATION_CONTEXT('2D SPACE',''
  ) );
#5609 = PCURVE('',#4617,#5610);
#5610 = DEFINITIONAL_REPRESENTATION('',(#5611),#5614);
#5611 = B_SPLINE_CURVE_WITH_KNOTS('',1,(#5612,#5613),.UNSPECIFIED.,.F.,
  .F.,(2,2),(0.,1.548979711145),.PIECEWISE_BEZIER_KNOTS.);
#5612 = CARTESIAN_POINT('',(0.774489855573,-42.27151157339));
#5613 = CARTESIAN_POINT('',(-0.774489855572,-42.29819166731));
#5614 = ( GEOMETRIC_REPRESENTATION_CONTEXT(2) 
PARAMETRIC_REPRESENTATION_CONTEXT() REPRESENTATION_CONTEXT('2D SPACE',''
  ) );
#5615 = ORIENTED_EDGE('',*,*,#5616,.T.);
#5616 = EDGE_CURVE('',#5594,#5519,#5617,.T.);
#5617 = SURFACE_CURVE('',#5618,(#5623,#5629),.PCURVE_S1.);
#5618 = CIRCLE('',#5619,2.);
#5619 = AXIS2_PLACEMENT_3D('',#5620,#5621,#5622);
#5620 = CARTESIAN_POINT('',(42.209011573395,-98.66098913346,30.5));
#5621 = DIRECTION('',(0.,1.,0.));
#5622 = DIRECTION('',(0.,0.,1.));
#5623 = PCURVE('',#5528,#5624);
#5624 = DEFINITIONAL_REPRESENTATION('',(#5625),#5628);
#5625 = B_SPLINE_CURVE_WITH_KNOTS('',1,(#5626,#5627),.UNSPECIFIED.,.F.,
  .F.,(2,2),(0.,1.548979711145),.PIECEWISE_BEZIER_KNOTS.);
#5626 = CARTESIAN_POINT('',(1.,-5.453E-14));
#5627 = CARTESIAN_POINT('',(1.11E-15,-5.619E-14));
#5628 = ( GEOMETRIC_REPRESENTATION_CONTEXT(2) 
PARAMETRIC_REPRESENTATION_CONTEXT() REPRESENTATION_CONTEXT('2D SPACE',''
  ) );
#5629 = PCURVE('',#5630,#5635);
#5630 = CYLINDRICAL_SURFACE('',#5631,2.);
#5631 = AXIS2_PLACEMENT_3D('',#5632,#5633,#5634);
#5632 = CARTESIAN_POINT('',(42.209011573395,51.275,30.5));
#5633 = DIRECTION('',(-9.E-17,-1.,0.));
#5634 = DIRECTION('',(0.699351526403,-6.29416373763E-17,0.714777897334)
  );
#5635 = DEFINITIONAL_REPRESENTATION('',(#5636),#5640);
#5636 = LINE('',#5637,#5638);
#5637 = CARTESIAN_POINT('',(7.057675162752,149.93598913346));
#5638 = VECTOR('',#5639,1.);
#5639 = DIRECTION('',(-1.,0.));
#5640 = ( GEOMETRIC_REPRESENTATION_CONTEXT(2) 
PARAMETRIC_REPRESENTATION_CONTEXT() REPRESENTATION_CONTEXT('2D SPACE',''
  ) );
#5641 = ADVANCED_FACE('',(#5642),#2974,.T.);
#5642 = FACE_BOUND('',#5643,.T.);
#5643 = EDGE_LOOP('',(#5644,#5667,#5690,#5711));
#5644 = ORIENTED_EDGE('',*,*,#5645,.F.);
#5645 = EDGE_CURVE('',#5646,#2931,#5648,.T.);
#5646 = VERTEX_POINT('',#5647);
#5647 = CARTESIAN_POINT('',(-40.55,99.8,0.));
#5648 = SURFACE_CURVE('',#5649,(#5653,#5660),.PCURVE_S1.);
#5649 = LINE('',#5650,#5651);
#5650 = CARTESIAN_POINT('',(-40.55,99.8,0.));
#5651 = VECTOR('',#5652,1.);
#5652 = DIRECTION('',(0.,0.,1.));
#5653 = PCURVE('',#2974,#5654);
#5654 = DEFINITIONAL_REPRESENTATION('',(#5655),#5659);
#5655 = LINE('',#5656,#5657);
#5656 = CARTESIAN_POINT('',(0.,0.));
#5657 = VECTOR('',#5658,1.);
#5658 = DIRECTION('',(0.,1.));
#5659 = ( GEOMETRIC_REPRESENTATION_CONTEXT(2) 
PARAMETRIC_REPRESENTATION_CONTEXT() REPRESENTATION_CONTEXT('2D SPACE',''
  ) );
#5660 = PCURVE('',#1053,#5661);
#5661 = DEFINITIONAL_REPRESENTATION('',(#5662),#5666);
#5662 = LINE('',#5663,#5664);
#5663 = CARTESIAN_POINT('',(198.84898837435,29.5));
#5664 = VECTOR('',#5665,1.);
#5665 = DIRECTION('',(0.,-1.));
#5666 = ( GEOMETRIC_REPRESENTATION_CONTEXT(2) 
PARAMETRIC_REPRESENTATION_CONTEXT() REPRESENTATION_CONTEXT('2D SPACE',''
  ) );
#5667 = ORIENTED_EDGE('',*,*,#5668,.T.);
#5668 = EDGE_CURVE('',#5646,#5669,#5671,.T.);
#5669 = VERTEX_POINT('',#5670);
#5670 = CARTESIAN_POINT('',(-38.65,99.8,0.));
#5671 = SURFACE_CURVE('',#5672,(#5676,#5683),.PCURVE_S1.);
#5672 = LINE('',#5673,#5674);
#5673 = CARTESIAN_POINT('',(-40.55,99.8,0.));
#5674 = VECTOR('',#5675,1.);
#5675 = DIRECTION('',(1.,0.,0.));
#5676 = PCURVE('',#2974,#5677);
#5677 = DEFINITIONAL_REPRESENTATION('',(#5678),#5682);
#5678 = LINE('',#5679,#5680);
#5679 = CARTESIAN_POINT('',(0.,0.));
#5680 = VECTOR('',#5681,1.);
#5681 = DIRECTION('',(1.,0.));
#5682 = ( GEOMETRIC_REPRESENTATION_CONTEXT(2) 
PARAMETRIC_REPRESENTATION_CONTEXT() REPRESENTATION_CONTEXT('2D SPACE',''
  ) );
#5683 = PCURVE('',#527,#5684);
#5684 = DEFINITIONAL_REPRESENTATION('',(#5685),#5689);
#5685 = LINE('',#5686,#5687);
#5686 = CARTESIAN_POINT('',(85.55,101.175));
#5687 = VECTOR('',#5688,1.);
#5688 = DIRECTION('',(-1.,0.));
#5689 = ( GEOMETRIC_REPRESENTATION_CONTEXT(2) 
PARAMETRIC_REPRESENTATION_CONTEXT() REPRESENTATION_CONTEXT('2D SPACE',''
  ) );
#5690 = ORIENTED_EDGE('',*,*,#5691,.F.);
#5691 = EDGE_CURVE('',#2959,#5669,#5692,.T.);
#5692 = SURFACE_CURVE('',#5693,(#5697,#5704),.PCURVE_S1.);
#5693 = LINE('',#5694,#5695);
#5694 = CARTESIAN_POINT('',(-38.65,99.8,7.592201101687));
#5695 = VECTOR('',#5696,1.);
#5696 = DIRECTION('',(0.,0.,-1.));
#5697 = PCURVE('',#2974,#5698);
#5698 = DEFINITIONAL_REPRESENTATION('',(#5699),#5703);
#5699 = LINE('',#5700,#5701);
#5700 = CARTESIAN_POINT('',(1.9,7.592201101687));
#5701 = VECTOR('',#5702,1.);
#5702 = DIRECTION('',(0.,-1.));
#5703 = ( GEOMETRIC_REPRESENTATION_CONTEXT(2) 
PARAMETRIC_REPRESENTATION_CONTEXT() REPRESENTATION_CONTEXT('2D SPACE',''
  ) );
#5704 = PCURVE('',#1109,#5705);
#5705 = DEFINITIONAL_REPRESENTATION('',(#5706),#5710);
#5706 = LINE('',#5707,#5708);
#5707 = CARTESIAN_POINT('',(-7.592201101687,99.8));
#5708 = VECTOR('',#5709,1.);
#5709 = DIRECTION('',(-1.,0.));
#5710 = ( GEOMETRIC_REPRESENTATION_CONTEXT(2) 
PARAMETRIC_REPRESENTATION_CONTEXT() REPRESENTATION_CONTEXT('2D SPACE',''
  ) );
#5711 = ORIENTED_EDGE('',*,*,#2958,.F.);
#5712 = ADVANCED_FACE('',(#5713),#5725,.F.);
#5713 = FACE_BOUND('',#5714,.F.);
#5714 = EDGE_LOOP('',(#5715,#5743,#5811,#5834));
#5715 = ORIENTED_EDGE('',*,*,#5716,.F.);
#5716 = EDGE_CURVE('',#3411,#5717,#5719,.T.);
#5717 = VERTEX_POINT('',#5718);
#5718 = CARTESIAN_POINT('',(-36.15,-97.65529608449,29.5));
#5719 = SURFACE_CURVE('',#5720,(#5724,#5736),.PCURVE_S1.);
#5720 = LINE('',#5721,#5722);
#5721 = CARTESIAN_POINT('',(-36.14999999999,97.655296084497,29.5));
#5722 = VECTOR('',#5723,1.);
#5723 = DIRECTION('',(0.,-1.,0.));
#5724 = PCURVE('',#5725,#5730);
#5725 = CYLINDRICAL_SURFACE('',#5726,1.);
#5726 = AXIS2_PLACEMENT_3D('',#5727,#5728,#5729);
#5727 = CARTESIAN_POINT('',(-36.14999999999,-49.14949418717,28.5));
#5728 = DIRECTION('',(1.184E-14,1.,0.));
#5729 = DIRECTION('',(-0.707106781187,8.372144289249E-15,0.707106781187)
  );
#5730 = DEFINITIONAL_REPRESENTATION('',(#5731),#5735);
#5731 = LINE('',#5732,#5733);
#5732 = CARTESIAN_POINT('',(0.785398163397,146.80479027167));
#5733 = VECTOR('',#5734,1.);
#5734 = DIRECTION('',(1.183E-14,-1.));
#5735 = ( GEOMETRIC_REPRESENTATION_CONTEXT(2) 
PARAMETRIC_REPRESENTATION_CONTEXT() REPRESENTATION_CONTEXT('2D SPACE',''
  ) );
#5736 = PCURVE('',#275,#5737);
#5737 = DEFINITIONAL_REPRESENTATION('',(#5738),#5742);
#5738 = LINE('',#5739,#5740);
#5739 = CARTESIAN_POINT('',(-81.14999999999,-97.65529608449));
#5740 = VECTOR('',#5741,1.);
#5741 = DIRECTION('',(0.,1.));
#5742 = ( GEOMETRIC_REPRESENTATION_CONTEXT(2) 
PARAMETRIC_REPRESENTATION_CONTEXT() REPRESENTATION_CONTEXT('2D SPACE',''
  ) );
#5743 = ORIENTED_EDGE('',*,*,#5744,.F.);
#5744 = EDGE_CURVE('',#5745,#3411,#5747,.T.);
#5745 = VERTEX_POINT('',#5746);
#5746 = CARTESIAN_POINT('',(-37.14999999999,96.676878132554,28.5));
#5747 = SURFACE_CURVE('',#5748,(#5753,#5782),.PCURVE_S1.);
#5748 = ELLIPSE('',#5749,1.399035985486,1.);
#5749 = AXIS2_PLACEMENT_3D('',#5750,#5751,#5752);
#5750 = CARTESIAN_POINT('',(-36.14999999999,96.676878132554,28.5));
#5751 = DIRECTION('',(1.27E-14,0.714777897334,-0.699351526403));
#5752 = DIRECTION('',(-3.96E-15,-0.699351526403,-0.714777897334));
#5753 = PCURVE('',#5725,#5754);
#5754 = DEFINITIONAL_REPRESENTATION('',(#5755),#5781);
#5755 = B_SPLINE_CURVE_WITH_KNOTS('',3,(#5756,#5757,#5758,#5759,#5760,
    #5761,#5762,#5763,#5764,#5765,#5766,#5767,#5768,#5769,#5770,#5771,
    #5772,#5773,#5774,#5775,#5776,#5777,#5778,#5779,#5780),
  .UNSPECIFIED.,.F.,.F.,(4,1,1,1,1,1,1,1,1,1,1,1,1,1,1,1,1,1,1,1,1,1,4),
  (1.570796326795,1.642196159831,1.713595992867,1.784995825903,
    1.856395658939,1.927795491976,1.999195325012,2.070595158048,
    2.141994991084,2.21339482412,2.284794657156,2.356194490192,
    2.427594323228,2.498994156265,2.570393989301,2.641793822337,
    2.713193655373,2.784593488409,2.855993321445,2.927393154481,
    2.998792987518,3.070192820554,3.14159265359),.QUASI_UNIFORM_KNOTS.);
#5756 = CARTESIAN_POINT('',(-0.785398163397,145.82637231972));
#5757 = CARTESIAN_POINT('',(-0.761598219052,145.84965879375));
#5758 = CARTESIAN_POINT('',(-0.713998330361,145.89623110237));
#5759 = CARTESIAN_POINT('',(-0.642598497325,145.96573409453));
#5760 = CARTESIAN_POINT('',(-0.571198664289,146.03452679342));
#5761 = CARTESIAN_POINT('',(-0.499798831253,146.10225882169));
#5762 = CARTESIAN_POINT('',(-0.428398998217,146.16858498571));
#5763 = CARTESIAN_POINT('',(-0.356999165181,146.23316731508));
#5764 = CARTESIAN_POINT('',(-0.285599332145,146.29567670968));
#5765 = CARTESIAN_POINT('',(-0.214199499108,146.35579463688));
#5766 = CARTESIAN_POINT('',(-0.142799666072,146.41321474925));
#5767 = CARTESIAN_POINT('',(-7.139983303616E-02,146.46764444713));
#5768 = CARTESIAN_POINT('',(-3.55E-15,146.51880636924));
#5769 = CARTESIAN_POINT('',(7.139983303608E-02,146.56643980616));
#5770 = CARTESIAN_POINT('',(0.142799666072,146.61030202877));
#5771 = CARTESIAN_POINT('',(0.214199499108,146.65016952543));
#5772 = CARTESIAN_POINT('',(0.285599332144,146.68583913978));
#5773 = CARTESIAN_POINT('',(0.356999165181,146.7171291104));
#5774 = CARTESIAN_POINT('',(0.428398998217,146.74387998048));
#5775 = CARTESIAN_POINT('',(0.499798831253,146.76595547209));
#5776 = CARTESIAN_POINT('',(0.571198664289,146.78324295039));
#5777 = CARTESIAN_POINT('',(0.642598497325,146.79565485679));
#5778 = CARTESIAN_POINT('',(0.713998330361,146.80312594853));
#5779 = CARTESIAN_POINT('',(0.761598219052,146.80479238168));
#5780 = CARTESIAN_POINT('',(0.785398163397,146.80479027167));
#5781 = ( GEOMETRIC_REPRESENTATION_CONTEXT(2) 
PARAMETRIC_REPRESENTATION_CONTEXT() REPRESENTATION_CONTEXT('2D SPACE',''
  ) );
#5782 = PCURVE('',#3449,#5783);
#5783 = DEFINITIONAL_REPRESENTATION('',(#5784),#5810);
#5784 = B_SPLINE_CURVE_WITH_KNOTS('',3,(#5785,#5786,#5787,#5788,#5789,
    #5790,#5791,#5792,#5793,#5794,#5795,#5796,#5797,#5798,#5799,#5800,
    #5801,#5802,#5803,#5804,#5805,#5806,#5807,#5808,#5809),
  .UNSPECIFIED.,.F.,.F.,(4,1,1,1,1,1,1,1,1,1,1,1,1,1,1,1,1,1,1,1,1,1,4),
  (1.570796326795,1.642196159831,1.713595992867,1.784995825903,
    1.856395658939,1.927795491976,1.999195325012,2.070595158048,
    2.141994991084,2.21339482412,2.284794657156,2.356194490192,
    2.427594323228,2.498994156265,2.570393989301,2.641793822337,
    2.713193655373,2.784593488409,2.855993321445,2.927393154481,
    2.998792987518,3.070192820554,3.14159265359),.QUASI_UNIFORM_KNOTS.);
#5785 = CARTESIAN_POINT('',(-0.785398163397,-26.43059045476));
#5786 = CARTESIAN_POINT('',(-0.761598219052,-26.45387692879));
#5787 = CARTESIAN_POINT('',(-0.713998330361,-26.50044923741));
#5788 = CARTESIAN_POINT('',(-0.642598497325,-26.56995222956));
#5789 = CARTESIAN_POINT('',(-0.571198664289,-26.63874492845));
#5790 = CARTESIAN_POINT('',(-0.499798831253,-26.70647695673));
#5791 = CARTESIAN_POINT('',(-0.428398998217,-26.77280312075));
#5792 = CARTESIAN_POINT('',(-0.356999165181,-26.83738545011));
#5793 = CARTESIAN_POINT('',(-0.285599332145,-26.89989484472));
#5794 = CARTESIAN_POINT('',(-0.214199499108,-26.96001277191));
#5795 = CARTESIAN_POINT('',(-0.142799666072,-27.01743288429));
#5796 = CARTESIAN_POINT('',(-7.139983303615E-02,-27.07186258217));
#5797 = CARTESIAN_POINT('',(1.044E-14,-27.12302450428));
#5798 = CARTESIAN_POINT('',(7.139983303613E-02,-27.1706579412));
#5799 = CARTESIAN_POINT('',(0.142799666072,-27.21452016381));
#5800 = CARTESIAN_POINT('',(0.214199499108,-27.25438766047));
#5801 = CARTESIAN_POINT('',(0.285599332145,-27.29005727482));
#5802 = CARTESIAN_POINT('',(0.356999165181,-27.32134724543));
#5803 = CARTESIAN_POINT('',(0.428398998217,-27.34809811551));
#5804 = CARTESIAN_POINT('',(0.499798831253,-27.37017360712));
#5805 = CARTESIAN_POINT('',(0.571198664289,-27.38746108543));
#5806 = CARTESIAN_POINT('',(0.642598497325,-27.39987299182));
#5807 = CARTESIAN_POINT('',(0.713998330361,-27.40734408357));
#5808 = CARTESIAN_POINT('',(0.761598219052,-27.40901051671));
#5809 = CARTESIAN_POINT('',(0.785398163397,-27.4090084067));
#5810 = ( GEOMETRIC_REPRESENTATION_CONTEXT(2) 
PARAMETRIC_REPRESENTATION_CONTEXT() REPRESENTATION_CONTEXT('2D SPACE',''
  ) );
#5811 = ORIENTED_EDGE('',*,*,#5812,.F.);
#5812 = EDGE_CURVE('',#5813,#5745,#5815,.T.);
#5813 = VERTEX_POINT('',#5814);
#5814 = CARTESIAN_POINT('',(-37.15,-96.67687813255,28.5));
#5815 = SURFACE_CURVE('',#5816,(#5820,#5827),.PCURVE_S1.);
#5816 = LINE('',#5817,#5818);
#5817 = CARTESIAN_POINT('',(-37.15,-96.67687813255,28.5));
#5818 = VECTOR('',#5819,1.);
#5819 = DIRECTION('',(0.,1.,0.));
#5820 = PCURVE('',#5725,#5821);
#5821 = DEFINITIONAL_REPRESENTATION('',(#5822),#5826);
#5822 = LINE('',#5823,#5824);
#5823 = CARTESIAN_POINT('',(-0.785398163397,-47.52738394538));
#5824 = VECTOR('',#5825,1.);
#5825 = DIRECTION('',(0.,1.));
#5826 = ( GEOMETRIC_REPRESENTATION_CONTEXT(2) 
PARAMETRIC_REPRESENTATION_CONTEXT() REPRESENTATION_CONTEXT('2D SPACE',''
  ) );
#5827 = PCURVE('',#1165,#5828);
#5828 = DEFINITIONAL_REPRESENTATION('',(#5829),#5833);
#5829 = LINE('',#5830,#5831);
#5830 = CARTESIAN_POINT('',(14.25,-0.621872212231));
#5831 = VECTOR('',#5832,1.);
#5832 = DIRECTION('',(0.,-1.));
#5833 = ( GEOMETRIC_REPRESENTATION_CONTEXT(2) 
PARAMETRIC_REPRESENTATION_CONTEXT() REPRESENTATION_CONTEXT('2D SPACE',''
  ) );
#5834 = ORIENTED_EDGE('',*,*,#5835,.T.);
#5835 = EDGE_CURVE('',#5813,#5717,#5836,.T.);
#5836 = SURFACE_CURVE('',#5837,(#5842,#5871),.PCURVE_S1.);
#5837 = ELLIPSE('',#5838,1.399035985486,1.);
#5838 = AXIS2_PLACEMENT_3D('',#5839,#5840,#5841);
#5839 = CARTESIAN_POINT('',(-36.15,-96.67687813255,28.5));
#5840 = DIRECTION('',(1.27E-14,0.714777897334,0.699351526403));
#5841 = DIRECTION('',(1.289E-14,0.699351526403,-0.714777897334));
#5842 = PCURVE('',#5725,#5843);
#5843 = DEFINITIONAL_REPRESENTATION('',(#5844),#5870);
#5844 = B_SPLINE_CURVE_WITH_KNOTS('',3,(#5845,#5846,#5847,#5848,#5849,
    #5850,#5851,#5852,#5853,#5854,#5855,#5856,#5857,#5858,#5859,#5860,
    #5861,#5862,#5863,#5864,#5865,#5866,#5867,#5868,#5869),
  .UNSPECIFIED.,.F.,.F.,(4,1,1,1,1,1,1,1,1,1,1,1,1,1,1,1,1,1,1,1,1,1,4),
  (1.570796326795,1.642196159831,1.713595992867,1.784995825903,
    1.856395658939,1.927795491976,1.999195325012,2.070595158048,
    2.141994991084,2.21339482412,2.284794657156,2.356194490192,
    2.427594323228,2.498994156265,2.570393989301,2.641793822337,
    2.713193655373,2.784593488409,2.855993321445,2.927393154481,
    2.998792987518,3.070192820554,3.14159265359),.QUASI_UNIFORM_KNOTS.);
#5845 = CARTESIAN_POINT('',(-0.785398163397,-47.52738394538));
#5846 = CARTESIAN_POINT('',(-0.761598219052,-47.5506704194));
#5847 = CARTESIAN_POINT('',(-0.713998330361,-47.59724272802));
#5848 = CARTESIAN_POINT('',(-0.642598497325,-47.66674572018));
#5849 = CARTESIAN_POINT('',(-0.571198664289,-47.73553841907));
#5850 = CARTESIAN_POINT('',(-0.499798831253,-47.80327044734));
#5851 = CARTESIAN_POINT('',(-0.428398998217,-47.86959661137));
#5852 = CARTESIAN_POINT('',(-0.356999165181,-47.93417894073));
#5853 = CARTESIAN_POINT('',(-0.285599332145,-47.99668833533));
#5854 = CARTESIAN_POINT('',(-0.214199499108,-48.05680626253));
#5855 = CARTESIAN_POINT('',(-0.142799666072,-48.1142263749));
#5856 = CARTESIAN_POINT('',(-7.139983303616E-02,-48.16865607279));
#5857 = CARTESIAN_POINT('',(-2.132E-14,-48.21981799489));
#5858 = CARTESIAN_POINT('',(7.139983303611E-02,-48.26745143182));
#5859 = CARTESIAN_POINT('',(0.142799666072,-48.31131365442));
#5860 = CARTESIAN_POINT('',(0.214199499108,-48.35118115108));
#5861 = CARTESIAN_POINT('',(0.285599332144,-48.38685076543));
#5862 = CARTESIAN_POINT('',(0.356999165181,-48.41814073605));
#5863 = CARTESIAN_POINT('',(0.428398998217,-48.44489160613));
#5864 = CARTESIAN_POINT('',(0.499798831253,-48.46696709774));
#5865 = CARTESIAN_POINT('',(0.571198664289,-48.48425457604));
#5866 = CARTESIAN_POINT('',(0.642598497325,-48.49666648244));
#5867 = CARTESIAN_POINT('',(0.713998330361,-48.50413757418));
#5868 = CARTESIAN_POINT('',(0.761598219052,-48.50580400733));
#5869 = CARTESIAN_POINT('',(0.785398163397,-48.50580189732));
#5870 = ( GEOMETRIC_REPRESENTATION_CONTEXT(2) 
PARAMETRIC_REPRESENTATION_CONTEXT() REPRESENTATION_CONTEXT('2D SPACE',''
  ) );
#5871 = PCURVE('',#1194,#5872);
#5872 = DEFINITIONAL_REPRESENTATION('',(#5873),#5899);
#5873 = B_SPLINE_CURVE_WITH_KNOTS('',3,(#5874,#5875,#5876,#5877,#5878,
    #5879,#5880,#5881,#5882,#5883,#5884,#5885,#5886,#5887,#5888,#5889,
    #5890,#5891,#5892,#5893,#5894,#5895,#5896,#5897,#5898),
  .UNSPECIFIED.,.F.,.F.,(4,1,1,1,1,1,1,1,1,1,1,1,1,1,1,1,1,1,1,1,1,1,4),
  (1.570796326795,1.642196159831,1.713595992867,1.784995825903,
    1.856395658939,1.927795491976,1.999195325012,2.070595158048,
    2.141994991084,2.21339482412,2.284794657156,2.356194490192,
    2.427594323228,2.498994156265,2.570393989301,2.641793822337,
    2.713193655373,2.784593488409,2.855993321445,2.927393154481,
    2.998792987518,3.070192820554,3.14159265359),.QUASI_UNIFORM_KNOTS.);
#5874 = CARTESIAN_POINT('',(5.497787143782,28.574971585163));
#5875 = CARTESIAN_POINT('',(5.521587088127,28.598258059191));
#5876 = CARTESIAN_POINT('',(5.569186976818,28.64483036781));
#5877 = CARTESIAN_POINT('',(5.640586809854,28.714333359969));
#5878 = CARTESIAN_POINT('',(5.711986642891,28.783126058856));
#5879 = CARTESIAN_POINT('',(5.783386475927,28.850858087132));
#5880 = CARTESIAN_POINT('',(5.854786308963,28.917184251153));
#5881 = CARTESIAN_POINT('',(5.926186141999,28.981766580517));
#5882 = CARTESIAN_POINT('',(5.997585975035,29.044275975121));
#5883 = CARTESIAN_POINT('',(6.068985808071,29.104393902318));
#5884 = CARTESIAN_POINT('',(6.140385641107,29.161814014691));
#5885 = CARTESIAN_POINT('',(6.211785474143,29.216243712573));
#5886 = CARTESIAN_POINT('',(6.28318530718,29.26740563468));
#5887 = CARTESIAN_POINT('',(6.354585140216,29.315039071603));
#5888 = CARTESIAN_POINT('',(6.425984973252,29.358901294211));
#5889 = CARTESIAN_POINT('',(6.497384806288,29.398768790872));
#5890 = CARTESIAN_POINT('',(6.568784639324,29.43443840522));
#5891 = CARTESIAN_POINT('',(6.64018447236,29.465728375834));
#5892 = CARTESIAN_POINT('',(6.711584305396,29.492479245914));
#5893 = CARTESIAN_POINT('',(6.782984138433,29.514554737528));
#5894 = CARTESIAN_POINT('',(6.854383971469,29.531842215832));
#5895 = CARTESIAN_POINT('',(6.925783804505,29.544254122224));
#5896 = CARTESIAN_POINT('',(6.997183637541,29.551725213972));
#5897 = CARTESIAN_POINT('',(7.044783526232,29.553391647118));
#5898 = CARTESIAN_POINT('',(7.068583470577,29.553389537105));
#5899 = ( GEOMETRIC_REPRESENTATION_CONTEXT(2) 
PARAMETRIC_REPRESENTATION_CONTEXT() REPRESENTATION_CONTEXT('2D SPACE',''
  ) );
#5900 = ADVANCED_FACE('',(#5901),#5292,.T.);
#5901 = FACE_BOUND('',#5902,.T.);
#5902 = EDGE_LOOP('',(#5903,#5926,#5927,#5950));
#5903 = ORIENTED_EDGE('',*,*,#5904,.F.);
#5904 = EDGE_CURVE('',#5200,#5905,#5907,.T.);
#5905 = VERTEX_POINT('',#5906);
#5906 = CARTESIAN_POINT('',(22.45,-96.15529608449,29.5));
#5907 = SURFACE_CURVE('',#5908,(#5912,#5919),.PCURVE_S1.);
#5908 = LINE('',#5909,#5910);
#5909 = CARTESIAN_POINT('',(24.2,-96.15529608449,29.5));
#5910 = VECTOR('',#5911,1.);
#5911 = DIRECTION('',(-1.,0.,0.));
#5912 = PCURVE('',#5292,#5913);
#5913 = DEFINITIONAL_REPRESENTATION('',(#5914),#5918);
#5914 = LINE('',#5915,#5916);
#5915 = CARTESIAN_POINT('',(29.507021872158,1.75));
#5916 = VECTOR('',#5917,1.);
#5917 = DIRECTION('',(0.,-1.));
#5918 = ( GEOMETRIC_REPRESENTATION_CONTEXT(2) 
PARAMETRIC_REPRESENTATION_CONTEXT() REPRESENTATION_CONTEXT('2D SPACE',''
  ) );
#5919 = PCURVE('',#67,#5920);
#5920 = DEFINITIONAL_REPRESENTATION('',(#5921),#5925);
#5921 = LINE('',#5922,#5923);
#5922 = CARTESIAN_POINT('',(69.2,96.155296084497));
#5923 = VECTOR('',#5924,1.);
#5924 = DIRECTION('',(-1.,0.));
#5925 = ( GEOMETRIC_REPRESENTATION_CONTEXT(2) 
PARAMETRIC_REPRESENTATION_CONTEXT() REPRESENTATION_CONTEXT('2D SPACE',''
  ) );
#5926 = ORIENTED_EDGE('',*,*,#5278,.F.);
#5927 = ORIENTED_EDGE('',*,*,#5928,.T.);
#5928 = EDGE_CURVE('',#5256,#5929,#5931,.T.);
#5929 = VERTEX_POINT('',#5930);
#5930 = CARTESIAN_POINT('',(22.45,-96.79898837435,1.1E-14));
#5931 = SURFACE_CURVE('',#5932,(#5936,#5943),.PCURVE_S1.);
#5932 = LINE('',#5933,#5934);
#5933 = CARTESIAN_POINT('',(24.2,-96.79898837435,1.051E-14));
#5934 = VECTOR('',#5935,1.);
#5935 = DIRECTION('',(-1.,0.,0.));
#5936 = PCURVE('',#5292,#5937);
#5937 = DEFINITIONAL_REPRESENTATION('',(#5938),#5942);
#5938 = LINE('',#5939,#5940);
#5939 = CARTESIAN_POINT('',(-1.547730443668E-16,1.75));
#5940 = VECTOR('',#5941,1.);
#5941 = DIRECTION('',(0.,-1.));
#5942 = ( GEOMETRIC_REPRESENTATION_CONTEXT(2) 
PARAMETRIC_REPRESENTATION_CONTEXT() REPRESENTATION_CONTEXT('2D SPACE',''
  ) );
#5943 = PCURVE('',#675,#5944);
#5944 = DEFINITIONAL_REPRESENTATION('',(#5945),#5949);
#5945 = LINE('',#5946,#5947);
#5946 = CARTESIAN_POINT('',(-69.2,-95.42398837435));
#5947 = VECTOR('',#5948,1.);
#5948 = DIRECTION('',(1.,0.));
#5949 = ( GEOMETRIC_REPRESENTATION_CONTEXT(2) 
PARAMETRIC_REPRESENTATION_CONTEXT() REPRESENTATION_CONTEXT('2D SPACE',''
  ) );
#5950 = ORIENTED_EDGE('',*,*,#5951,.T.);
#5951 = EDGE_CURVE('',#5929,#5905,#5952,.T.);
#5952 = SURFACE_CURVE('',#5953,(#5957,#5964),.PCURVE_S1.);
#5953 = LINE('',#5954,#5955);
#5954 = CARTESIAN_POINT('',(22.45,-96.79898837435,1.051E-14));
#5955 = VECTOR('',#5956,1.);
#5956 = DIRECTION('',(0.,2.181488503456E-02,0.99976202708));
#5957 = PCURVE('',#5292,#5958);
#5958 = DEFINITIONAL_REPRESENTATION('',(#5959),#5963);
#5959 = LINE('',#5960,#5961);
#5960 = CARTESIAN_POINT('',(0.,0.));
#5961 = VECTOR('',#5962,1.);
#5962 = DIRECTION('',(1.,-9.860761315263E-32));
#5963 = ( GEOMETRIC_REPRESENTATION_CONTEXT(2) 
PARAMETRIC_REPRESENTATION_CONTEXT() REPRESENTATION_CONTEXT('2D SPACE',''
  ) );
#5964 = PCURVE('',#4182,#5965);
#5965 = DEFINITIONAL_REPRESENTATION('',(#5966),#5970);
#5966 = LINE('',#5967,#5968);
#5967 = CARTESIAN_POINT('',(0.,-1.5));
#5968 = VECTOR('',#5969,1.);
#5969 = DIRECTION('',(-0.99976202708,-2.181488503456E-02));
#5970 = ( GEOMETRIC_REPRESENTATION_CONTEXT(2) 
PARAMETRIC_REPRESENTATION_CONTEXT() REPRESENTATION_CONTEXT('2D SPACE',''
  ) );
#5971 = ADVANCED_FACE('',(#5972),#762,.T.);
#5972 = FACE_BOUND('',#5973,.T.);
#5973 = EDGE_LOOP('',(#5974,#5997,#6020,#6041));
#5974 = ORIENTED_EDGE('',*,*,#5975,.F.);
#5975 = EDGE_CURVE('',#5976,#717,#5978,.T.);
#5976 = VERTEX_POINT('',#5977);
#5977 = CARTESIAN_POINT('',(-24.2,97.655296084497,29.5));
#5978 = SURFACE_CURVE('',#5979,(#5983,#5990),.PCURVE_S1.);
#5979 = LINE('',#5980,#5981);
#5980 = CARTESIAN_POINT('',(-24.2,97.655296084497,29.5));
#5981 = VECTOR('',#5982,1.);
#5982 = DIRECTION('',(0.,-1.,0.));
#5983 = PCURVE('',#762,#5984);
#5984 = DEFINITIONAL_REPRESENTATION('',(#5985),#5989);
#5985 = LINE('',#5986,#5987);
#5986 = CARTESIAN_POINT('',(29.5,0.856307710147));
#5987 = VECTOR('',#5988,1.);
#5988 = DIRECTION('',(0.,-1.));
#5989 = ( GEOMETRIC_REPRESENTATION_CONTEXT(2) 
PARAMETRIC_REPRESENTATION_CONTEXT() REPRESENTATION_CONTEXT('2D SPACE',''
  ) );
#5990 = PCURVE('',#275,#5991);
#5991 = DEFINITIONAL_REPRESENTATION('',(#5992),#5996);
#5992 = LINE('',#5993,#5994);
#5993 = CARTESIAN_POINT('',(-69.2,-97.65529608449));
#5994 = VECTOR('',#5995,1.);
#5995 = DIRECTION('',(0.,1.));
#5996 = ( GEOMETRIC_REPRESENTATION_CONTEXT(2) 
PARAMETRIC_REPRESENTATION_CONTEXT() REPRESENTATION_CONTEXT('2D SPACE',''
  ) );
#5997 = ORIENTED_EDGE('',*,*,#5998,.F.);
#5998 = EDGE_CURVE('',#5999,#5976,#6001,.T.);
#5999 = VERTEX_POINT('',#6000);
#6000 = CARTESIAN_POINT('',(-24.2,98.29898837435,1.1E-14));
#6001 = SURFACE_CURVE('',#6002,(#6006,#6013),.PCURVE_S1.);
#6002 = LINE('',#6003,#6004);
#6003 = CARTESIAN_POINT('',(-24.2,98.29898837435,1.051E-14));
#6004 = VECTOR('',#6005,1.);
#6005 = DIRECTION('',(0.,-2.181488503456E-02,0.99976202708));
#6006 = PCURVE('',#762,#6007);
#6007 = DEFINITIONAL_REPRESENTATION('',(#6008),#6012);
#6008 = LINE('',#6009,#6010);
#6009 = CARTESIAN_POINT('',(0.,1.5));
#6010 = VECTOR('',#6011,1.);
#6011 = DIRECTION('',(0.99976202708,-2.181488503456E-02));
#6012 = ( GEOMETRIC_REPRESENTATION_CONTEXT(2) 
PARAMETRIC_REPRESENTATION_CONTEXT() REPRESENTATION_CONTEXT('2D SPACE',''
  ) );
#6013 = PCURVE('',#3580,#6014);
#6014 = DEFINITIONAL_REPRESENTATION('',(#6015),#6019);
#6015 = LINE('',#6016,#6017);
#6016 = CARTESIAN_POINT('',(-20.675,9.273532989414E-02));
#6017 = VECTOR('',#6018,1.);
#6018 = DIRECTION('',(0.,1.));
#6019 = ( GEOMETRIC_REPRESENTATION_CONTEXT(2) 
PARAMETRIC_REPRESENTATION_CONTEXT() REPRESENTATION_CONTEXT('2D SPACE',''
  ) );
#6020 = ORIENTED_EDGE('',*,*,#6021,.T.);
#6021 = EDGE_CURVE('',#5999,#747,#6022,.T.);
#6022 = SURFACE_CURVE('',#6023,(#6027,#6034),.PCURVE_S1.);
#6023 = LINE('',#6024,#6025);
#6024 = CARTESIAN_POINT('',(-24.2,98.29898837435,1.051E-14));
#6025 = VECTOR('',#6026,1.);
#6026 = DIRECTION('',(0.,-1.,0.));
#6027 = PCURVE('',#762,#6028);
#6028 = DEFINITIONAL_REPRESENTATION('',(#6029),#6033);
#6029 = LINE('',#6030,#6031);
#6030 = CARTESIAN_POINT('',(0.,1.5));
#6031 = VECTOR('',#6032,1.);
#6032 = DIRECTION('',(0.,-1.));
#6033 = ( GEOMETRIC_REPRESENTATION_CONTEXT(2) 
PARAMETRIC_REPRESENTATION_CONTEXT() REPRESENTATION_CONTEXT('2D SPACE',''
  ) );
#6034 = PCURVE('',#527,#6035);
#6035 = DEFINITIONAL_REPRESENTATION('',(#6036),#6040);
#6036 = LINE('',#6037,#6038);
#6037 = CARTESIAN_POINT('',(69.2,99.67398837435));
#6038 = VECTOR('',#6039,1.);
#6039 = DIRECTION('',(0.,-1.));
#6040 = ( GEOMETRIC_REPRESENTATION_CONTEXT(2) 
PARAMETRIC_REPRESENTATION_CONTEXT() REPRESENTATION_CONTEXT('2D SPACE',''
  ) );
#6041 = ORIENTED_EDGE('',*,*,#746,.T.);
#6042 = ADVANCED_FACE('',(#6043),#1081,.T.);
#6043 = FACE_BOUND('',#6044,.T.);
#6044 = EDGE_LOOP('',(#6045,#6046,#6067,#6068));
#6045 = ORIENTED_EDGE('',*,*,#1065,.T.);
#6046 = ORIENTED_EDGE('',*,*,#6047,.T.);
#6047 = EDGE_CURVE('',#1038,#2929,#6048,.T.);
#6048 = SURFACE_CURVE('',#6049,(#6053,#6060),.PCURVE_S1.);
#6049 = LINE('',#6050,#6051);
#6050 = CARTESIAN_POINT('',(-40.55,-99.8,0.));
#6051 = VECTOR('',#6052,1.);
#6052 = DIRECTION('',(0.,0.,1.));
#6053 = PCURVE('',#1081,#6054);
#6054 = DEFINITIONAL_REPRESENTATION('',(#6055),#6059);
#6055 = LINE('',#6056,#6057);
#6056 = CARTESIAN_POINT('',(1.9,0.));
#6057 = VECTOR('',#6058,1.);
#6058 = DIRECTION('',(0.,1.));
#6059 = ( GEOMETRIC_REPRESENTATION_CONTEXT(2) 
PARAMETRIC_REPRESENTATION_CONTEXT() REPRESENTATION_CONTEXT('2D SPACE',''
  ) );
#6060 = PCURVE('',#1053,#6061);
#6061 = DEFINITIONAL_REPRESENTATION('',(#6062),#6066);
#6062 = LINE('',#6063,#6064);
#6063 = CARTESIAN_POINT('',(-0.75101162565,29.5));
#6064 = VECTOR('',#6065,1.);
#6065 = DIRECTION('',(0.,-1.));
#6066 = ( GEOMETRIC_REPRESENTATION_CONTEXT(2) 
PARAMETRIC_REPRESENTATION_CONTEXT() REPRESENTATION_CONTEXT('2D SPACE',''
  ) );
#6067 = ORIENTED_EDGE('',*,*,#3009,.F.);
#6068 = ORIENTED_EDGE('',*,*,#6069,.F.);
#6069 = EDGE_CURVE('',#1066,#2987,#6070,.T.);
#6070 = SURFACE_CURVE('',#6071,(#6075,#6082),.PCURVE_S1.);
#6071 = LINE('',#6072,#6073);
#6072 = CARTESIAN_POINT('',(-38.65,-99.8,7.592201101687));
#6073 = VECTOR('',#6074,1.);
#6074 = DIRECTION('',(0.,0.,1.));
#6075 = PCURVE('',#1081,#6076);
#6076 = DEFINITIONAL_REPRESENTATION('',(#6077),#6081);
#6077 = LINE('',#6078,#6079);
#6078 = CARTESIAN_POINT('',(0.,7.592201101687));
#6079 = VECTOR('',#6080,1.);
#6080 = DIRECTION('',(0.,1.));
#6081 = ( GEOMETRIC_REPRESENTATION_CONTEXT(2) 
PARAMETRIC_REPRESENTATION_CONTEXT() REPRESENTATION_CONTEXT('2D SPACE',''
  ) );
#6082 = PCURVE('',#1109,#6083);
#6083 = DEFINITIONAL_REPRESENTATION('',(#6084),#6088);
#6084 = LINE('',#6085,#6086);
#6085 = CARTESIAN_POINT('',(-7.592201101687,-99.8));
#6086 = VECTOR('',#6087,1.);
#6087 = DIRECTION('',(1.,0.));
#6088 = ( GEOMETRIC_REPRESENTATION_CONTEXT(2) 
PARAMETRIC_REPRESENTATION_CONTEXT() REPRESENTATION_CONTEXT('2D SPACE',''
  ) );
#6089 = ADVANCED_FACE('',(#6090),#675,.T.);
#6090 = FACE_BOUND('',#6091,.T.);
#6091 = EDGE_LOOP('',(#6092,#6093,#6116,#6139,#6167,#6195,#6223,#6246,
    #6274,#6295,#6296,#6317,#6318,#6339,#6340,#6341,#6364,#6392,#6420,
    #6441,#6442,#6443,#6466,#6487,#6488,#6511,#6534,#6555,#6556,#6557,
    #6580));
#6092 = ORIENTED_EDGE('',*,*,#4552,.T.);
#6093 = ORIENTED_EDGE('',*,*,#6094,.T.);
#6094 = EDGE_CURVE('',#4520,#6095,#6097,.T.);
#6095 = VERTEX_POINT('',#6096);
#6096 = CARTESIAN_POINT('',(9.,-101.1989883743,0.));
#6097 = SURFACE_CURVE('',#6098,(#6102,#6109),.PCURVE_S1.);
#6098 = LINE('',#6099,#6100);
#6099 = CARTESIAN_POINT('',(9.,-60.6875,0.));
#6100 = VECTOR('',#6101,1.);
#6101 = DIRECTION('',(0.,1.,0.));
#6102 = PCURVE('',#675,#6103);
#6103 = DEFINITIONAL_REPRESENTATION('',(#6104),#6108);
#6104 = LINE('',#6105,#6106);
#6105 = CARTESIAN_POINT('',(-54.,-59.3125));
#6106 = VECTOR('',#6107,1.);
#6107 = DIRECTION('',(0.,1.));
#6108 = ( GEOMETRIC_REPRESENTATION_CONTEXT(2) 
PARAMETRIC_REPRESENTATION_CONTEXT() REPRESENTATION_CONTEXT('2D SPACE',''
  ) );
#6109 = PCURVE('',#1697,#6110);
#6110 = DEFINITIONAL_REPRESENTATION('',(#6111),#6115);
#6111 = LINE('',#6112,#6113);
#6112 = CARTESIAN_POINT('',(-9.,-59.3125));
#6113 = VECTOR('',#6114,1.);
#6114 = DIRECTION('',(0.,1.));
#6115 = ( GEOMETRIC_REPRESENTATION_CONTEXT(2) 
PARAMETRIC_REPRESENTATION_CONTEXT() REPRESENTATION_CONTEXT('2D SPACE',''
  ) );
#6116 = ORIENTED_EDGE('',*,*,#6117,.T.);
#6117 = EDGE_CURVE('',#6095,#6118,#6120,.T.);
#6118 = VERTEX_POINT('',#6119);
#6119 = CARTESIAN_POINT('',(9.,-100.8989883743,1.1E-14));
#6120 = SURFACE_CURVE('',#6121,(#6125,#6132),.PCURVE_S1.);
#6121 = LINE('',#6122,#6123);
#6122 = CARTESIAN_POINT('',(9.,-60.6875,0.));
#6123 = VECTOR('',#6124,1.);
#6124 = DIRECTION('',(0.,1.,0.));
#6125 = PCURVE('',#675,#6126);
#6126 = DEFINITIONAL_REPRESENTATION('',(#6127),#6131);
#6127 = LINE('',#6128,#6129);
#6128 = CARTESIAN_POINT('',(-54.,-59.3125));
#6129 = VECTOR('',#6130,1.);
#6130 = DIRECTION('',(0.,1.));
#6131 = ( GEOMETRIC_REPRESENTATION_CONTEXT(2) 
PARAMETRIC_REPRESENTATION_CONTEXT() REPRESENTATION_CONTEXT('2D SPACE',''
  ) );
#6132 = PCURVE('',#1697,#6133);
#6133 = DEFINITIONAL_REPRESENTATION('',(#6134),#6138);
#6134 = LINE('',#6135,#6136);
#6135 = CARTESIAN_POINT('',(-9.,-59.3125));
#6136 = VECTOR('',#6137,1.);
#6137 = DIRECTION('',(0.,1.));
#6138 = ( GEOMETRIC_REPRESENTATION_CONTEXT(2) 
PARAMETRIC_REPRESENTATION_CONTEXT() REPRESENTATION_CONTEXT('2D SPACE',''
  ) );
#6139 = ORIENTED_EDGE('',*,*,#6140,.T.);
#6140 = EDGE_CURVE('',#6118,#6141,#6143,.T.);
#6141 = VERTEX_POINT('',#6142);
#6142 = CARTESIAN_POINT('',(33.,-100.8989883743,1.1E-14));
#6143 = SURFACE_CURVE('',#6144,(#6148,#6155),.PCURVE_S1.);
#6144 = LINE('',#6145,#6146);
#6145 = CARTESIAN_POINT('',(-123.,-100.8989883743,1.051E-14));
#6146 = VECTOR('',#6147,1.);
#6147 = DIRECTION('',(1.,0.,0.));
#6148 = PCURVE('',#675,#6149);
#6149 = DEFINITIONAL_REPRESENTATION('',(#6150),#6154);
#6150 = LINE('',#6151,#6152);
#6151 = CARTESIAN_POINT('',(78.,-99.52398837435));
#6152 = VECTOR('',#6153,1.);
#6153 = DIRECTION('',(-1.,0.));
#6154 = ( GEOMETRIC_REPRESENTATION_CONTEXT(2) 
PARAMETRIC_REPRESENTATION_CONTEXT() REPRESENTATION_CONTEXT('2D SPACE',''
  ) );
#6155 = PCURVE('',#6156,#6161);
#6156 = PLANE('',#6157);
#6157 = AXIS2_PLACEMENT_3D('',#6158,#6159,#6160);
#6158 = CARTESIAN_POINT('',(-123.,-100.8989883743,1.051E-14));
#6159 = DIRECTION('',(0.,-1.,0.));
#6160 = DIRECTION('',(0.,0.,-1.));
#6161 = DEFINITIONAL_REPRESENTATION('',(#6162),#6166);
#6162 = LINE('',#6163,#6164);
#6163 = CARTESIAN_POINT('',(0.,0.));
#6164 = VECTOR('',#6165,1.);
#6165 = DIRECTION('',(0.,1.));
#6166 = ( GEOMETRIC_REPRESENTATION_CONTEXT(2) 
PARAMETRIC_REPRESENTATION_CONTEXT() REPRESENTATION_CONTEXT('2D SPACE',''
  ) );
#6167 = ORIENTED_EDGE('',*,*,#6168,.T.);
#6168 = EDGE_CURVE('',#6141,#6169,#6171,.T.);
#6169 = VERTEX_POINT('',#6170);
#6170 = CARTESIAN_POINT('',(33.,-99.69898837435,1.1E-14));
#6171 = SURFACE_CURVE('',#6172,(#6176,#6183),.PCURVE_S1.);
#6172 = LINE('',#6173,#6174);
#6173 = CARTESIAN_POINT('',(33.,-100.8989883743,1.051E-14));
#6174 = VECTOR('',#6175,1.);
#6175 = DIRECTION('',(0.,1.,0.));
#6176 = PCURVE('',#675,#6177);
#6177 = DEFINITIONAL_REPRESENTATION('',(#6178),#6182);
#6178 = LINE('',#6179,#6180);
#6179 = CARTESIAN_POINT('',(-78.,-99.52398837435));
#6180 = VECTOR('',#6181,1.);
#6181 = DIRECTION('',(0.,1.));
#6182 = ( GEOMETRIC_REPRESENTATION_CONTEXT(2) 
PARAMETRIC_REPRESENTATION_CONTEXT() REPRESENTATION_CONTEXT('2D SPACE',''
  ) );
#6183 = PCURVE('',#6184,#6189);
#6184 = PLANE('',#6185);
#6185 = AXIS2_PLACEMENT_3D('',#6186,#6187,#6188);
#6186 = CARTESIAN_POINT('',(33.,-100.8989883743,1.051E-14));
#6187 = DIRECTION('',(1.,0.,0.));
#6188 = DIRECTION('',(0.,0.,1.));
#6189 = DEFINITIONAL_REPRESENTATION('',(#6190),#6194);
#6190 = LINE('',#6191,#6192);
#6191 = CARTESIAN_POINT('',(0.,0.));
#6192 = VECTOR('',#6193,1.);
#6193 = DIRECTION('',(0.,-1.));
#6194 = ( GEOMETRIC_REPRESENTATION_CONTEXT(2) 
PARAMETRIC_REPRESENTATION_CONTEXT() REPRESENTATION_CONTEXT('2D SPACE',''
  ) );
#6195 = ORIENTED_EDGE('',*,*,#6196,.T.);
#6196 = EDGE_CURVE('',#6169,#6197,#6199,.T.);
#6197 = VERTEX_POINT('',#6198);
#6198 = CARTESIAN_POINT('',(9.,-99.69898837435,5.E-15));
#6199 = SURFACE_CURVE('',#6200,(#6204,#6211),.PCURVE_S1.);
#6200 = LINE('',#6201,#6202);
#6201 = CARTESIAN_POINT('',(33.,-99.69898837435,1.051E-14));
#6202 = VECTOR('',#6203,1.);
#6203 = DIRECTION('',(-1.,0.,0.));
#6204 = PCURVE('',#675,#6205);
#6205 = DEFINITIONAL_REPRESENTATION('',(#6206),#6210);
#6206 = LINE('',#6207,#6208);
#6207 = CARTESIAN_POINT('',(-78.,-98.32398837435));
#6208 = VECTOR('',#6209,1.);
#6209 = DIRECTION('',(1.,0.));
#6210 = ( GEOMETRIC_REPRESENTATION_CONTEXT(2) 
PARAMETRIC_REPRESENTATION_CONTEXT() REPRESENTATION_CONTEXT('2D SPACE',''
  ) );
#6211 = PCURVE('',#6212,#6217);
#6212 = PLANE('',#6213);
#6213 = AXIS2_PLACEMENT_3D('',#6214,#6215,#6216);
#6214 = CARTESIAN_POINT('',(33.,-99.69898837435,1.051E-14));
#6215 = DIRECTION('',(0.,1.,0.));
#6216 = DIRECTION('',(0.,0.,1.));
#6217 = DEFINITIONAL_REPRESENTATION('',(#6218),#6222);
#6218 = LINE('',#6219,#6220);
#6219 = CARTESIAN_POINT('',(0.,0.));
#6220 = VECTOR('',#6221,1.);
#6221 = DIRECTION('',(0.,-1.));
#6222 = ( GEOMETRIC_REPRESENTATION_CONTEXT(2) 
PARAMETRIC_REPRESENTATION_CONTEXT() REPRESENTATION_CONTEXT('2D SPACE',''
  ) );
#6223 = ORIENTED_EDGE('',*,*,#6224,.T.);
#6224 = EDGE_CURVE('',#6197,#6225,#6227,.T.);
#6225 = VERTEX_POINT('',#6226);
#6226 = CARTESIAN_POINT('',(9.,-98.29898837435,5.E-15));
#6227 = SURFACE_CURVE('',#6228,(#6232,#6239),.PCURVE_S1.);
#6228 = LINE('',#6229,#6230);
#6229 = CARTESIAN_POINT('',(9.,-60.6875,0.));
#6230 = VECTOR('',#6231,1.);
#6231 = DIRECTION('',(0.,1.,0.));
#6232 = PCURVE('',#675,#6233);
#6233 = DEFINITIONAL_REPRESENTATION('',(#6234),#6238);
#6234 = LINE('',#6235,#6236);
#6235 = CARTESIAN_POINT('',(-54.,-59.3125));
#6236 = VECTOR('',#6237,1.);
#6237 = DIRECTION('',(0.,1.));
#6238 = ( GEOMETRIC_REPRESENTATION_CONTEXT(2) 
PARAMETRIC_REPRESENTATION_CONTEXT() REPRESENTATION_CONTEXT('2D SPACE',''
  ) );
#6239 = PCURVE('',#1585,#6240);
#6240 = DEFINITIONAL_REPRESENTATION('',(#6241),#6245);
#6241 = LINE('',#6242,#6243);
#6242 = CARTESIAN_POINT('',(-9.,-59.3125));
#6243 = VECTOR('',#6244,1.);
#6244 = DIRECTION('',(0.,1.));
#6245 = ( GEOMETRIC_REPRESENTATION_CONTEXT(2) 
PARAMETRIC_REPRESENTATION_CONTEXT() REPRESENTATION_CONTEXT('2D SPACE',''
  ) );
#6246 = ORIENTED_EDGE('',*,*,#6247,.T.);
#6247 = EDGE_CURVE('',#6225,#6248,#6250,.T.);
#6248 = VERTEX_POINT('',#6249);
#6249 = CARTESIAN_POINT('',(18.65,-98.29898837435,1.1E-14));
#6250 = SURFACE_CURVE('',#6251,(#6255,#6262),.PCURVE_S1.);
#6251 = LINE('',#6252,#6253);
#6252 = CARTESIAN_POINT('',(-108.65,-98.29898837435,1.051E-14));
#6253 = VECTOR('',#6254,1.);
#6254 = DIRECTION('',(1.,0.,0.));
#6255 = PCURVE('',#675,#6256);
#6256 = DEFINITIONAL_REPRESENTATION('',(#6257),#6261);
#6257 = LINE('',#6258,#6259);
#6258 = CARTESIAN_POINT('',(63.65,-96.92398837435));
#6259 = VECTOR('',#6260,1.);
#6260 = DIRECTION('',(-1.,0.));
#6261 = ( GEOMETRIC_REPRESENTATION_CONTEXT(2) 
PARAMETRIC_REPRESENTATION_CONTEXT() REPRESENTATION_CONTEXT('2D SPACE',''
  ) );
#6262 = PCURVE('',#6263,#6268);
#6263 = PLANE('',#6264);
#6264 = AXIS2_PLACEMENT_3D('',#6265,#6266,#6267);
#6265 = CARTESIAN_POINT('',(44.875,-98.30101138491,-9.271326139688E-02)
  );
#6266 = DIRECTION('',(0.,-0.99976202708,2.181488503456E-02));
#6267 = DIRECTION('',(1.,0.,0.));
#6268 = DEFINITIONAL_REPRESENTATION('',(#6269),#6273);
#6269 = LINE('',#6270,#6271);
#6270 = CARTESIAN_POINT('',(-153.525,9.273532989414E-02));
#6271 = VECTOR('',#6272,1.);
#6272 = DIRECTION('',(1.,0.));
#6273 = ( GEOMETRIC_REPRESENTATION_CONTEXT(2) 
PARAMETRIC_REPRESENTATION_CONTEXT() REPRESENTATION_CONTEXT('2D SPACE',''
  ) );
#6274 = ORIENTED_EDGE('',*,*,#6275,.F.);
#6275 = EDGE_CURVE('',#3092,#6248,#6276,.T.);
#6276 = SURFACE_CURVE('',#6277,(#6281,#6288),.PCURVE_S1.);
#6277 = LINE('',#6278,#6279);
#6278 = CARTESIAN_POINT('',(18.65,-96.79898837435,1.051E-14));
#6279 = VECTOR('',#6280,1.);
#6280 = DIRECTION('',(0.,-1.,0.));
#6281 = PCURVE('',#675,#6282);
#6282 = DEFINITIONAL_REPRESENTATION('',(#6283),#6287);
#6283 = LINE('',#6284,#6285);
#6284 = CARTESIAN_POINT('',(-63.65,-95.42398837435));
#6285 = VECTOR('',#6286,1.);
#6286 = DIRECTION('',(0.,-1.));
#6287 = ( GEOMETRIC_REPRESENTATION_CONTEXT(2) 
PARAMETRIC_REPRESENTATION_CONTEXT() REPRESENTATION_CONTEXT('2D SPACE',''
  ) );
#6288 = PCURVE('',#3128,#6289);
#6289 = DEFINITIONAL_REPRESENTATION('',(#6290),#6294);
#6290 = LINE('',#6291,#6292);
#6291 = CARTESIAN_POINT('',(0.,-1.5));
#6292 = VECTOR('',#6293,1.);
#6293 = DIRECTION('',(0.,1.));
#6294 = ( GEOMETRIC_REPRESENTATION_CONTEXT(2) 
PARAMETRIC_REPRESENTATION_CONTEXT() REPRESENTATION_CONTEXT('2D SPACE',''
  ) );
#6295 = ORIENTED_EDGE('',*,*,#3091,.F.);
#6296 = ORIENTED_EDGE('',*,*,#6297,.F.);
#6297 = EDGE_CURVE('',#4195,#3064,#6298,.T.);
#6298 = SURFACE_CURVE('',#6299,(#6303,#6310),.PCURVE_S1.);
#6299 = LINE('',#6300,#6301);
#6300 = CARTESIAN_POINT('',(20.4,-98.29898837435,1.051E-14));
#6301 = VECTOR('',#6302,1.);
#6302 = DIRECTION('',(0.,1.,0.));
#6303 = PCURVE('',#675,#6304);
#6304 = DEFINITIONAL_REPRESENTATION('',(#6305),#6309);
#6305 = LINE('',#6306,#6307);
#6306 = CARTESIAN_POINT('',(-65.4,-96.92398837435));
#6307 = VECTOR('',#6308,1.);
#6308 = DIRECTION('',(0.,1.));
#6309 = ( GEOMETRIC_REPRESENTATION_CONTEXT(2) 
PARAMETRIC_REPRESENTATION_CONTEXT() REPRESENTATION_CONTEXT('2D SPACE',''
  ) );
#6310 = PCURVE('',#3079,#6311);
#6311 = DEFINITIONAL_REPRESENTATION('',(#6312),#6316);
#6312 = LINE('',#6313,#6314);
#6313 = CARTESIAN_POINT('',(0.,1.5));
#6314 = VECTOR('',#6315,1.);
#6315 = DIRECTION('',(0.,-1.));
#6316 = ( GEOMETRIC_REPRESENTATION_CONTEXT(2) 
PARAMETRIC_REPRESENTATION_CONTEXT() REPRESENTATION_CONTEXT('2D SPACE',''
  ) );
#6317 = ORIENTED_EDGE('',*,*,#4194,.T.);
#6318 = ORIENTED_EDGE('',*,*,#6319,.F.);
#6319 = EDGE_CURVE('',#5929,#4162,#6320,.T.);
#6320 = SURFACE_CURVE('',#6321,(#6325,#6332),.PCURVE_S1.);
#6321 = LINE('',#6322,#6323);
#6322 = CARTESIAN_POINT('',(22.45,-96.79898837435,1.051E-14));
#6323 = VECTOR('',#6324,1.);
#6324 = DIRECTION('',(0.,-1.,0.));
#6325 = PCURVE('',#675,#6326);
#6326 = DEFINITIONAL_REPRESENTATION('',(#6327),#6331);
#6327 = LINE('',#6328,#6329);
#6328 = CARTESIAN_POINT('',(-67.45,-95.42398837435));
#6329 = VECTOR('',#6330,1.);
#6330 = DIRECTION('',(0.,-1.));
#6331 = ( GEOMETRIC_REPRESENTATION_CONTEXT(2) 
PARAMETRIC_REPRESENTATION_CONTEXT() REPRESENTATION_CONTEXT('2D SPACE',''
  ) );
#6332 = PCURVE('',#4182,#6333);
#6333 = DEFINITIONAL_REPRESENTATION('',(#6334),#6338);
#6334 = LINE('',#6335,#6336);
#6335 = CARTESIAN_POINT('',(0.,-1.5));
#6336 = VECTOR('',#6337,1.);
#6337 = DIRECTION('',(0.,1.));
#6338 = ( GEOMETRIC_REPRESENTATION_CONTEXT(2) 
PARAMETRIC_REPRESENTATION_CONTEXT() REPRESENTATION_CONTEXT('2D SPACE',''
  ) );
#6339 = ORIENTED_EDGE('',*,*,#5928,.F.);
#6340 = ORIENTED_EDGE('',*,*,#5255,.F.);
#6341 = ORIENTED_EDGE('',*,*,#6342,.T.);
#6342 = EDGE_CURVE('',#5228,#6343,#6345,.T.);
#6343 = VERTEX_POINT('',#6344);
#6344 = CARTESIAN_POINT('',(26.25,-98.29898837435,1.1E-14));
#6345 = SURFACE_CURVE('',#6346,(#6350,#6357),.PCURVE_S1.);
#6346 = LINE('',#6347,#6348);
#6347 = CARTESIAN_POINT('',(24.2,-98.29898837435,1.051E-14));
#6348 = VECTOR('',#6349,1.);
#6349 = DIRECTION('',(1.,0.,0.));
#6350 = PCURVE('',#675,#6351);
#6351 = DEFINITIONAL_REPRESENTATION('',(#6352),#6356);
#6352 = LINE('',#6353,#6354);
#6353 = CARTESIAN_POINT('',(-69.2,-96.92398837435));
#6354 = VECTOR('',#6355,1.);
#6355 = DIRECTION('',(-1.,0.));
#6356 = ( GEOMETRIC_REPRESENTATION_CONTEXT(2) 
PARAMETRIC_REPRESENTATION_CONTEXT() REPRESENTATION_CONTEXT('2D SPACE',''
  ) );
#6357 = PCURVE('',#5243,#6358);
#6358 = DEFINITIONAL_REPRESENTATION('',(#6359),#6363);
#6359 = LINE('',#6360,#6361);
#6360 = CARTESIAN_POINT('',(-20.675,9.273532989414E-02));
#6361 = VECTOR('',#6362,1.);
#6362 = DIRECTION('',(1.,0.));
#6363 = ( GEOMETRIC_REPRESENTATION_CONTEXT(2) 
PARAMETRIC_REPRESENTATION_CONTEXT() REPRESENTATION_CONTEXT('2D SPACE',''
  ) );
#6364 = ORIENTED_EDGE('',*,*,#6365,.F.);
#6365 = EDGE_CURVE('',#6366,#6343,#6368,.T.);
#6366 = VERTEX_POINT('',#6367);
#6367 = CARTESIAN_POINT('',(26.25,-96.79898837435,1.1E-14));
#6368 = SURFACE_CURVE('',#6369,(#6373,#6380),.PCURVE_S1.);
#6369 = LINE('',#6370,#6371);
#6370 = CARTESIAN_POINT('',(26.25,-96.79898837435,1.051E-14));
#6371 = VECTOR('',#6372,1.);
#6372 = DIRECTION('',(0.,-1.,0.));
#6373 = PCURVE('',#675,#6374);
#6374 = DEFINITIONAL_REPRESENTATION('',(#6375),#6379);
#6375 = LINE('',#6376,#6377);
#6376 = CARTESIAN_POINT('',(-71.25,-95.42398837435));
#6377 = VECTOR('',#6378,1.);
#6378 = DIRECTION('',(0.,-1.));
#6379 = ( GEOMETRIC_REPRESENTATION_CONTEXT(2) 
PARAMETRIC_REPRESENTATION_CONTEXT() REPRESENTATION_CONTEXT('2D SPACE',''
  ) );
#6380 = PCURVE('',#6381,#6386);
#6381 = PLANE('',#6382);
#6382 = AXIS2_PLACEMENT_3D('',#6383,#6384,#6385);
#6383 = CARTESIAN_POINT('',(26.25,-98.29898837435,1.051E-14));
#6384 = DIRECTION('',(-1.,0.,0.));
#6385 = DIRECTION('',(0.,0.,-1.));
#6386 = DEFINITIONAL_REPRESENTATION('',(#6387),#6391);
#6387 = LINE('',#6388,#6389);
#6388 = CARTESIAN_POINT('',(0.,-1.5));
#6389 = VECTOR('',#6390,1.);
#6390 = DIRECTION('',(0.,1.));
#6391 = ( GEOMETRIC_REPRESENTATION_CONTEXT(2) 
PARAMETRIC_REPRESENTATION_CONTEXT() REPRESENTATION_CONTEXT('2D SPACE',''
  ) );
#6392 = ORIENTED_EDGE('',*,*,#6393,.F.);
#6393 = EDGE_CURVE('',#6394,#6366,#6396,.T.);
#6394 = VERTEX_POINT('',#6395);
#6395 = CARTESIAN_POINT('',(28.,-96.79898837435,1.1E-14));
#6396 = SURFACE_CURVE('',#6397,(#6401,#6408),.PCURVE_S1.);
#6397 = LINE('',#6398,#6399);
#6398 = CARTESIAN_POINT('',(28.,-96.79898837435,1.051E-14));
#6399 = VECTOR('',#6400,1.);
#6400 = DIRECTION('',(-1.,0.,0.));
#6401 = PCURVE('',#675,#6402);
#6402 = DEFINITIONAL_REPRESENTATION('',(#6403),#6407);
#6403 = LINE('',#6404,#6405);
#6404 = CARTESIAN_POINT('',(-73.,-95.42398837435));
#6405 = VECTOR('',#6406,1.);
#6406 = DIRECTION('',(1.,0.));
#6407 = ( GEOMETRIC_REPRESENTATION_CONTEXT(2) 
PARAMETRIC_REPRESENTATION_CONTEXT() REPRESENTATION_CONTEXT('2D SPACE',''
  ) );
#6408 = PCURVE('',#6409,#6414);
#6409 = PLANE('',#6410);
#6410 = AXIS2_PLACEMENT_3D('',#6411,#6412,#6413);
#6411 = CARTESIAN_POINT('',(26.25,-96.79898837435,1.051E-14));
#6412 = DIRECTION('',(-2.03E-14,0.99976202708,-2.181488503456E-02));
#6413 = DIRECTION('',(4.930380657631E-32,2.181488503456E-02,
    0.99976202708));
#6414 = DEFINITIONAL_REPRESENTATION('',(#6415),#6419);
#6415 = LINE('',#6416,#6417);
#6416 = CARTESIAN_POINT('',(-1.547730443668E-16,1.75));
#6417 = VECTOR('',#6418,1.);
#6418 = DIRECTION('',(0.,-1.));
#6419 = ( GEOMETRIC_REPRESENTATION_CONTEXT(2) 
PARAMETRIC_REPRESENTATION_CONTEXT() REPRESENTATION_CONTEXT('2D SPACE',''
  ) );
#6420 = ORIENTED_EDGE('',*,*,#6421,.F.);
#6421 = EDGE_CURVE('',#2111,#6394,#6422,.T.);
#6422 = SURFACE_CURVE('',#6423,(#6427,#6434),.PCURVE_S1.);
#6423 = LINE('',#6424,#6425);
#6424 = CARTESIAN_POINT('',(28.,-98.29898837435,1.051E-14));
#6425 = VECTOR('',#6426,1.);
#6426 = DIRECTION('',(0.,1.,0.));
#6427 = PCURVE('',#675,#6428);
#6428 = DEFINITIONAL_REPRESENTATION('',(#6429),#6433);
#6429 = LINE('',#6430,#6431);
#6430 = CARTESIAN_POINT('',(-73.,-96.92398837435));
#6431 = VECTOR('',#6432,1.);
#6432 = DIRECTION('',(0.,1.));
#6433 = ( GEOMETRIC_REPRESENTATION_CONTEXT(2) 
PARAMETRIC_REPRESENTATION_CONTEXT() REPRESENTATION_CONTEXT('2D SPACE',''
  ) );
#6434 = PCURVE('',#2133,#6435);
#6435 = DEFINITIONAL_REPRESENTATION('',(#6436),#6440);
#6436 = LINE('',#6437,#6438);
#6437 = CARTESIAN_POINT('',(0.,1.5));
#6438 = VECTOR('',#6439,1.);
#6439 = DIRECTION('',(0.,-1.));
#6440 = ( GEOMETRIC_REPRESENTATION_CONTEXT(2) 
PARAMETRIC_REPRESENTATION_CONTEXT() REPRESENTATION_CONTEXT('2D SPACE',''
  ) );
#6441 = ORIENTED_EDGE('',*,*,#2196,.T.);
#6442 = ORIENTED_EDGE('',*,*,#2543,.F.);
#6443 = ORIENTED_EDGE('',*,*,#6444,.T.);
#6444 = EDGE_CURVE('',#2544,#6445,#6447,.T.);
#6445 = VERTEX_POINT('',#6446);
#6446 = CARTESIAN_POINT('',(37.15,-96.79898837435,1.1E-14));
#6447 = SURFACE_CURVE('',#6448,(#6452,#6459),.PCURVE_S1.);
#6448 = LINE('',#6449,#6450);
#6449 = CARTESIAN_POINT('',(37.15,-97.29875034478,1.051E-14));
#6450 = VECTOR('',#6451,1.);
#6451 = DIRECTION('',(0.,1.,0.));
#6452 = PCURVE('',#675,#6453);
#6453 = DEFINITIONAL_REPRESENTATION('',(#6454),#6458);
#6454 = LINE('',#6455,#6456);
#6455 = CARTESIAN_POINT('',(-82.15,-95.92375034478));
#6456 = VECTOR('',#6457,1.);
#6457 = DIRECTION('',(0.,1.));
#6458 = ( GEOMETRIC_REPRESENTATION_CONTEXT(2) 
PARAMETRIC_REPRESENTATION_CONTEXT() REPRESENTATION_CONTEXT('2D SPACE',''
  ) );
#6459 = PCURVE('',#2582,#6460);
#6460 = DEFINITIONAL_REPRESENTATION('',(#6461),#6465);
#6461 = LINE('',#6462,#6463);
#6462 = CARTESIAN_POINT('',(0.,-1.000238029565));
#6463 = VECTOR('',#6464,1.);
#6464 = DIRECTION('',(0.,-1.));
#6465 = ( GEOMETRIC_REPRESENTATION_CONTEXT(2) 
PARAMETRIC_REPRESENTATION_CONTEXT() REPRESENTATION_CONTEXT('2D SPACE',''
  ) );
#6466 = ORIENTED_EDGE('',*,*,#6467,.T.);
#6467 = EDGE_CURVE('',#6445,#4935,#6468,.T.);
#6468 = SURFACE_CURVE('',#6469,(#6473,#6480),.PCURVE_S1.);
#6469 = LINE('',#6470,#6471);
#6470 = CARTESIAN_POINT('',(37.15,-96.79898837435,1.051E-14));
#6471 = VECTOR('',#6472,1.);
#6472 = DIRECTION('',(1.,0.,0.));
#6473 = PCURVE('',#675,#6474);
#6474 = DEFINITIONAL_REPRESENTATION('',(#6475),#6479);
#6475 = LINE('',#6476,#6477);
#6476 = CARTESIAN_POINT('',(-82.15,-95.42398837435));
#6477 = VECTOR('',#6478,1.);
#6478 = DIRECTION('',(-1.,0.));
#6479 = ( GEOMETRIC_REPRESENTATION_CONTEXT(2) 
PARAMETRIC_REPRESENTATION_CONTEXT() REPRESENTATION_CONTEXT('2D SPACE',''
  ) );
#6480 = PCURVE('',#4973,#6481);
#6481 = DEFINITIONAL_REPRESENTATION('',(#6482),#6486);
#6482 = LINE('',#6483,#6484);
#6483 = CARTESIAN_POINT('',(0.,0.));
#6484 = VECTOR('',#6485,1.);
#6485 = DIRECTION('',(0.,1.));
#6486 = ( GEOMETRIC_REPRESENTATION_CONTEXT(2) 
PARAMETRIC_REPRESENTATION_CONTEXT() REPRESENTATION_CONTEXT('2D SPACE',''
  ) );
#6487 = ORIENTED_EDGE('',*,*,#4934,.F.);
#6488 = ORIENTED_EDGE('',*,*,#6489,.T.);
#6489 = EDGE_CURVE('',#4905,#6490,#6492,.T.);
#6490 = VERTEX_POINT('',#6491);
#6491 = CARTESIAN_POINT('',(40.55,-99.8,0.));
#6492 = SURFACE_CURVE('',#6493,(#6497,#6504),.PCURVE_S1.);
#6493 = LINE('',#6494,#6495);
#6494 = CARTESIAN_POINT('',(38.65,-99.8,0.));
#6495 = VECTOR('',#6496,1.);
#6496 = DIRECTION('',(1.,0.,0.));
#6497 = PCURVE('',#675,#6498);
#6498 = DEFINITIONAL_REPRESENTATION('',(#6499),#6503);
#6499 = LINE('',#6500,#6501);
#6500 = CARTESIAN_POINT('',(-83.65,-98.425));
#6501 = VECTOR('',#6502,1.);
#6502 = DIRECTION('',(-1.,0.));
#6503 = ( GEOMETRIC_REPRESENTATION_CONTEXT(2) 
PARAMETRIC_REPRESENTATION_CONTEXT() REPRESENTATION_CONTEXT('2D SPACE',''
  ) );
#6504 = PCURVE('',#4922,#6505);
#6505 = DEFINITIONAL_REPRESENTATION('',(#6506),#6510);
#6506 = LINE('',#6507,#6508);
#6507 = CARTESIAN_POINT('',(0.,0.));
#6508 = VECTOR('',#6509,1.);
#6509 = DIRECTION('',(1.,0.));
#6510 = ( GEOMETRIC_REPRESENTATION_CONTEXT(2) 
PARAMETRIC_REPRESENTATION_CONTEXT() REPRESENTATION_CONTEXT('2D SPACE',''
  ) );
#6511 = ORIENTED_EDGE('',*,*,#6512,.F.);
#6512 = EDGE_CURVE('',#6513,#6490,#6515,.T.);
#6513 = VERTEX_POINT('',#6514);
#6514 = CARTESIAN_POINT('',(40.55,-97.45,0.));
#6515 = SURFACE_CURVE('',#6516,(#6520,#6527),.PCURVE_S1.);
#6516 = LINE('',#6517,#6518);
#6517 = CARTESIAN_POINT('',(40.55,-97.45,0.));
#6518 = VECTOR('',#6519,1.);
#6519 = DIRECTION('',(0.,-1.,0.));
#6520 = PCURVE('',#675,#6521);
#6521 = DEFINITIONAL_REPRESENTATION('',(#6522),#6526);
#6522 = LINE('',#6523,#6524);
#6523 = CARTESIAN_POINT('',(-85.55,-96.075));
#6524 = VECTOR('',#6525,1.);
#6525 = DIRECTION('',(0.,-1.));
#6526 = ( GEOMETRIC_REPRESENTATION_CONTEXT(2) 
PARAMETRIC_REPRESENTATION_CONTEXT() REPRESENTATION_CONTEXT('2D SPACE',''
  ) );
#6527 = PCURVE('',#3360,#6528);
#6528 = DEFINITIONAL_REPRESENTATION('',(#6529),#6533);
#6529 = LINE('',#6530,#6531);
#6530 = CARTESIAN_POINT('',(1.59898837435,29.5));
#6531 = VECTOR('',#6532,1.);
#6532 = DIRECTION('',(-1.,0.));
#6533 = ( GEOMETRIC_REPRESENTATION_CONTEXT(2) 
PARAMETRIC_REPRESENTATION_CONTEXT() REPRESENTATION_CONTEXT('2D SPACE',''
  ) );
#6534 = ORIENTED_EDGE('',*,*,#6535,.T.);
#6535 = EDGE_CURVE('',#6513,#660,#6536,.T.);
#6536 = SURFACE_CURVE('',#6537,(#6541,#6548),.PCURVE_S1.);
#6537 = LINE('',#6538,#6539);
#6538 = CARTESIAN_POINT('',(40.55,-97.45,0.));
#6539 = VECTOR('',#6540,1.);
#6540 = DIRECTION('',(1.,0.,0.));
#6541 = PCURVE('',#675,#6542);
#6542 = DEFINITIONAL_REPRESENTATION('',(#6543),#6547);
#6543 = LINE('',#6544,#6545);
#6544 = CARTESIAN_POINT('',(-85.55,-96.075));
#6545 = VECTOR('',#6546,1.);
#6546 = DIRECTION('',(-1.,0.));
#6547 = ( GEOMETRIC_REPRESENTATION_CONTEXT(2) 
PARAMETRIC_REPRESENTATION_CONTEXT() REPRESENTATION_CONTEXT('2D SPACE',''
  ) );
#6548 = PCURVE('',#701,#6549);
#6549 = DEFINITIONAL_REPRESENTATION('',(#6550),#6554);
#6550 = LINE('',#6551,#6552);
#6551 = CARTESIAN_POINT('',(0.,29.5));
#6552 = VECTOR('',#6553,1.);
#6553 = DIRECTION('',(1.,0.));
#6554 = ( GEOMETRIC_REPRESENTATION_CONTEXT(2) 
PARAMETRIC_REPRESENTATION_CONTEXT() REPRESENTATION_CONTEXT('2D SPACE',''
  ) );
#6555 = ORIENTED_EDGE('',*,*,#659,.T.);
#6556 = ORIENTED_EDGE('',*,*,#2812,.T.);
#6557 = ORIENTED_EDGE('',*,*,#6558,.F.);
#6558 = EDGE_CURVE('',#6559,#2785,#6561,.T.);
#6559 = VERTEX_POINT('',#6560);
#6560 = CARTESIAN_POINT('',(44.875,-100.5504759458,0.));
#6561 = SURFACE_CURVE('',#6562,(#6566,#6573),.PCURVE_S1.);
#6562 = LINE('',#6563,#6564);
#6563 = CARTESIAN_POINT('',(44.875,50.5875,1.4E-16));
#6564 = VECTOR('',#6565,1.);
#6565 = DIRECTION('',(9.E-17,1.,0.));
#6566 = PCURVE('',#675,#6567);
#6567 = DEFINITIONAL_REPRESENTATION('',(#6568),#6572);
#6568 = LINE('',#6569,#6570);
#6569 = CARTESIAN_POINT('',(-89.875,51.9625));
#6570 = VECTOR('',#6571,1.);
#6571 = DIRECTION('',(-9.E-17,1.));
#6572 = ( GEOMETRIC_REPRESENTATION_CONTEXT(2) 
PARAMETRIC_REPRESENTATION_CONTEXT() REPRESENTATION_CONTEXT('2D SPACE',''
  ) );
#6573 = PCURVE('',#2800,#6574);
#6574 = DEFINITIONAL_REPRESENTATION('',(#6575),#6579);
#6575 = LINE('',#6576,#6577);
#6576 = CARTESIAN_POINT('',(-51.9625,9.088836064077E-17));
#6577 = VECTOR('',#6578,1.);
#6578 = DIRECTION('',(1.,-4.843036725388E-35));
#6579 = ( GEOMETRIC_REPRESENTATION_CONTEXT(2) 
PARAMETRIC_REPRESENTATION_CONTEXT() REPRESENTATION_CONTEXT('2D SPACE',''
  ) );
#6580 = ORIENTED_EDGE('',*,*,#6581,.F.);
#6581 = EDGE_CURVE('',#4553,#6559,#6582,.T.);
#6582 = SURFACE_CURVE('',#6583,(#6588,#6599),.PCURVE_S1.);
#6583 = ELLIPSE('',#6584,2.000952004996,2.);
#6584 = AXIS2_PLACEMENT_3D('',#6585,#6586,#6587);
#6585 = CARTESIAN_POINT('',(42.874523940871,-100.5495239408,0.));
#6586 = DIRECTION('',(-0.,0.,1.));
#6587 = DIRECTION('',(0.707106781187,-0.707106781187,0.));
#6588 = PCURVE('',#675,#6589);
#6589 = DEFINITIONAL_REPRESENTATION('',(#6590),#6598);
#6590 = ( BOUNDED_CURVE() B_SPLINE_CURVE(2,(#6591,#6592,#6593,#6594,
#6595,#6596,#6597),.UNSPECIFIED.,.T.,.F.) B_SPLINE_CURVE_WITH_KNOTS((1,2
    ,2,2,2,1),(-2.094395102393,0.,2.094395102393,4.188790204786,
6.28318530718,8.377580409573),.UNSPECIFIED.) CURVE() 
GEOMETRIC_REPRESENTATION_ITEM() RATIONAL_B_SPLINE_CURVE((1.,0.5,1.,0.5,
1.,0.5,1.)) REPRESENTATION_ITEM('') );
#6591 = CARTESIAN_POINT('',(-89.28941067243,-100.5894106724));
#6592 = CARTESIAN_POINT('',(-91.73890041521,-98.13992092965));
#6593 = CARTESIAN_POINT('',(-88.39182544648,-97.24233570369));
#6594 = CARTESIAN_POINT('',(-85.04475047774,-96.34475047774));
#6595 = CARTESIAN_POINT('',(-85.94233570369,-99.69182544648));
#6596 = CARTESIAN_POINT('',(-86.83992092964,-103.0389004152));
#6597 = CARTESIAN_POINT('',(-89.28941067243,-100.5894106724));
#6598 = ( GEOMETRIC_REPRESENTATION_CONTEXT(2) 
PARAMETRIC_REPRESENTATION_CONTEXT() REPRESENTATION_CONTEXT('2D SPACE',''
  ) );
#6599 = PCURVE('',#4591,#6600);
#6600 = DEFINITIONAL_REPRESENTATION('',(#6601),#6627);
#6601 = B_SPLINE_CURVE_WITH_KNOTS('',3,(#6602,#6603,#6604,#6605,#6606,
    #6607,#6608,#6609,#6610,#6611,#6612,#6613,#6614,#6615,#6616,#6617,
    #6618,#6619,#6620,#6621,#6622,#6623,#6624,#6625,#6626),
  .UNSPECIFIED.,.F.,.F.,(4,1,1,1,1,1,1,1,1,1,1,1,1,1,1,1,1,1,1,1,1,1,4),
  (5.498025088396,5.569403290103,5.640781491811,5.712159693519,
    5.783537895226,5.854916096934,5.926294298642,5.997672500349,
    6.069050702057,6.140428903764,6.211807105472,6.28318530718,
    6.354563508887,6.425941710595,6.497319912303,6.56869811401,
    6.640076315718,6.711454517426,6.782832719133,6.854210920841,
    6.925589122548,6.996967324256,7.068345525964),
  .QUASI_UNIFORM_KNOTS.);
#6602 = CARTESIAN_POINT('',(0.785160218784,2.192975328347));
#6603 = CARTESIAN_POINT('',(0.761367484881,2.194013501947));
#6604 = CARTESIAN_POINT('',(0.713782017076,2.19601533255));
#6605 = CARTESIAN_POINT('',(0.642403815369,2.198780582692));
#6606 = CARTESIAN_POINT('',(0.571025613661,2.201293893845));
#6607 = CARTESIAN_POINT('',(0.499647411953,2.203542563153));
#6608 = CARTESIAN_POINT('',(0.428269210246,2.205515112954));
#6609 = CARTESIAN_POINT('',(0.356891008538,2.207201504612));
#6610 = CARTESIAN_POINT('',(0.285512806831,2.208593148008));
#6611 = CARTESIAN_POINT('',(0.214134605123,2.209682956438));
#6612 = CARTESIAN_POINT('',(0.142756403415,2.210465379718));
#6613 = CARTESIAN_POINT('',(7.137820170777E-02,2.210936433247));
#6614 = CARTESIAN_POINT('',(1.3858E-13,2.21109371809));
#6615 = CARTESIAN_POINT('',(-7.137820170747E-02,2.210936433247));
#6616 = CARTESIAN_POINT('',(-0.142756403415,2.210465379718));
#6617 = CARTESIAN_POINT('',(-0.214134605123,2.209682956438));
#6618 = CARTESIAN_POINT('',(-0.28551280683,2.208593148008));
#6619 = CARTESIAN_POINT('',(-0.356891008538,2.207201504612));
#6620 = CARTESIAN_POINT('',(-0.428269210246,2.205515112954));
#6621 = CARTESIAN_POINT('',(-0.499647411953,2.203542563153));
#6622 = CARTESIAN_POINT('',(-0.571025613661,2.201293893845));
#6623 = CARTESIAN_POINT('',(-0.642403815369,2.198780582692));
#6624 = CARTESIAN_POINT('',(-0.713782017076,2.19601533255));
#6625 = CARTESIAN_POINT('',(-0.761367484881,2.194013501947));
#6626 = CARTESIAN_POINT('',(-0.785160218784,2.192975328347));
#6627 = ( GEOMETRIC_REPRESENTATION_CONTEXT(2) 
PARAMETRIC_REPRESENTATION_CONTEXT() REPRESENTATION_CONTEXT('2D SPACE',''
  ) );
#6628 = ADVANCED_FACE('',(#6629),#6156,.T.);
#6629 = FACE_BOUND('',#6630,.T.);
#6630 = EDGE_LOOP('',(#6631,#6659,#6687,#6708));
#6631 = ORIENTED_EDGE('',*,*,#6632,.T.);
#6632 = EDGE_CURVE('',#6118,#6633,#6635,.T.);
#6633 = VERTEX_POINT('',#6634);
#6634 = CARTESIAN_POINT('',(9.,-100.8989883743,-1.25));
#6635 = SURFACE_CURVE('',#6636,(#6640,#6647),.PCURVE_S1.);
#6636 = LINE('',#6637,#6638);
#6637 = CARTESIAN_POINT('',(9.,-100.8989883743,-45.));
#6638 = VECTOR('',#6639,1.);
#6639 = DIRECTION('',(-2.2E-16,-0.,-1.));
#6640 = PCURVE('',#6156,#6641);
#6641 = DEFINITIONAL_REPRESENTATION('',(#6642),#6646);
#6642 = LINE('',#6643,#6644);
#6643 = CARTESIAN_POINT('',(45.,132.));
#6644 = VECTOR('',#6645,1.);
#6645 = DIRECTION('',(1.,-2.2E-16));
#6646 = ( GEOMETRIC_REPRESENTATION_CONTEXT(2) 
PARAMETRIC_REPRESENTATION_CONTEXT() REPRESENTATION_CONTEXT('2D SPACE',''
  ) );
#6647 = PCURVE('',#6648,#6653);
#6648 = PLANE('',#6649);
#6649 = AXIS2_PLACEMENT_3D('',#6650,#6651,#6652);
#6650 = CARTESIAN_POINT('',(-78.,-100.8989883743,1.051E-14));
#6651 = DIRECTION('',(0.,-1.,0.));
#6652 = DIRECTION('',(0.,0.,-1.));
#6653 = DEFINITIONAL_REPRESENTATION('',(#6654),#6658);
#6654 = LINE('',#6655,#6656);
#6655 = CARTESIAN_POINT('',(45.,87.));
#6656 = VECTOR('',#6657,1.);
#6657 = DIRECTION('',(1.,-2.2E-16));
#6658 = ( GEOMETRIC_REPRESENTATION_CONTEXT(2) 
PARAMETRIC_REPRESENTATION_CONTEXT() REPRESENTATION_CONTEXT('2D SPACE',''
  ) );
#6659 = ORIENTED_EDGE('',*,*,#6660,.T.);
#6660 = EDGE_CURVE('',#6633,#6661,#6663,.T.);
#6661 = VERTEX_POINT('',#6662);
#6662 = CARTESIAN_POINT('',(33.,-100.8989883743,-1.25));
#6663 = SURFACE_CURVE('',#6664,(#6668,#6675),.PCURVE_S1.);
#6664 = LINE('',#6665,#6666);
#6665 = CARTESIAN_POINT('',(-123.,-100.8989883743,-1.25));
#6666 = VECTOR('',#6667,1.);
#6667 = DIRECTION('',(1.,0.,0.));
#6668 = PCURVE('',#6156,#6669);
#6669 = DEFINITIONAL_REPRESENTATION('',(#6670),#6674);
#6670 = LINE('',#6671,#6672);
#6671 = CARTESIAN_POINT('',(1.25,0.));
#6672 = VECTOR('',#6673,1.);
#6673 = DIRECTION('',(0.,1.));
#6674 = ( GEOMETRIC_REPRESENTATION_CONTEXT(2) 
PARAMETRIC_REPRESENTATION_CONTEXT() REPRESENTATION_CONTEXT('2D SPACE',''
  ) );
#6675 = PCURVE('',#6676,#6681);
#6676 = PLANE('',#6677);
#6677 = AXIS2_PLACEMENT_3D('',#6678,#6679,#6680);
#6678 = CARTESIAN_POINT('',(-45.,-100.2989883743,-1.25));
#6679 = DIRECTION('',(0.,0.,-1.));
#6680 = DIRECTION('',(1.,0.,0.));
#6681 = DEFINITIONAL_REPRESENTATION('',(#6682),#6686);
#6682 = LINE('',#6683,#6684);
#6683 = CARTESIAN_POINT('',(-78.,0.6));
#6684 = VECTOR('',#6685,1.);
#6685 = DIRECTION('',(1.,0.));
#6686 = ( GEOMETRIC_REPRESENTATION_CONTEXT(2) 
PARAMETRIC_REPRESENTATION_CONTEXT() REPRESENTATION_CONTEXT('2D SPACE',''
  ) );
#6687 = ORIENTED_EDGE('',*,*,#6688,.F.);
#6688 = EDGE_CURVE('',#6141,#6661,#6689,.T.);
#6689 = SURFACE_CURVE('',#6690,(#6694,#6701),.PCURVE_S1.);
#6690 = LINE('',#6691,#6692);
#6691 = CARTESIAN_POINT('',(33.,-100.8989883743,1.051E-14));
#6692 = VECTOR('',#6693,1.);
#6693 = DIRECTION('',(0.,0.,-1.));
#6694 = PCURVE('',#6156,#6695);
#6695 = DEFINITIONAL_REPRESENTATION('',(#6696),#6700);
#6696 = LINE('',#6697,#6698);
#6697 = CARTESIAN_POINT('',(0.,156.));
#6698 = VECTOR('',#6699,1.);
#6699 = DIRECTION('',(1.,0.));
#6700 = ( GEOMETRIC_REPRESENTATION_CONTEXT(2) 
PARAMETRIC_REPRESENTATION_CONTEXT() REPRESENTATION_CONTEXT('2D SPACE',''
  ) );
#6701 = PCURVE('',#6184,#6702);
#6702 = DEFINITIONAL_REPRESENTATION('',(#6703),#6707);
#6703 = LINE('',#6704,#6705);
#6704 = CARTESIAN_POINT('',(0.,0.));
#6705 = VECTOR('',#6706,1.);
#6706 = DIRECTION('',(-1.,0.));
#6707 = ( GEOMETRIC_REPRESENTATION_CONTEXT(2) 
PARAMETRIC_REPRESENTATION_CONTEXT() REPRESENTATION_CONTEXT('2D SPACE',''
  ) );
#6708 = ORIENTED_EDGE('',*,*,#6140,.F.);
#6709 = ADVANCED_FACE('',(#6710),#1305,.T.);
#6710 = FACE_BOUND('',#6711,.T.);
#6711 = EDGE_LOOP('',(#6712,#6735,#6758,#6779));
#6712 = ORIENTED_EDGE('',*,*,#6713,.T.);
#6713 = EDGE_CURVE('',#1262,#6714,#6716,.T.);
#6714 = VERTEX_POINT('',#6715);
#6715 = CARTESIAN_POINT('',(-26.25,-96.15529608449,29.5));
#6716 = SURFACE_CURVE('',#6717,(#6721,#6728),.PCURVE_S1.);
#6717 = LINE('',#6718,#6719);
#6718 = CARTESIAN_POINT('',(-26.25,-96.79898837435,1.051E-14));
#6719 = VECTOR('',#6720,1.);
#6720 = DIRECTION('',(0.,2.181488503456E-02,0.99976202708));
#6721 = PCURVE('',#1305,#6722);
#6722 = DEFINITIONAL_REPRESENTATION('',(#6723),#6727);
#6723 = LINE('',#6724,#6725);
#6724 = CARTESIAN_POINT('',(-14.75,-1.5));
#6725 = VECTOR('',#6726,1.);
#6726 = DIRECTION('',(0.99976202708,-2.181488503456E-02));
#6727 = ( GEOMETRIC_REPRESENTATION_CONTEXT(2) 
PARAMETRIC_REPRESENTATION_CONTEXT() REPRESENTATION_CONTEXT('2D SPACE',''
  ) );
#6728 = PCURVE('',#1277,#6729);
#6729 = DEFINITIONAL_REPRESENTATION('',(#6730),#6734);
#6730 = LINE('',#6731,#6732);
#6731 = CARTESIAN_POINT('',(-14.75351093607,1.75));
#6732 = VECTOR('',#6733,1.);
#6733 = DIRECTION('',(1.,4.092215945834E-30));
#6734 = ( GEOMETRIC_REPRESENTATION_CONTEXT(2) 
PARAMETRIC_REPRESENTATION_CONTEXT() REPRESENTATION_CONTEXT('2D SPACE',''
  ) );
#6735 = ORIENTED_EDGE('',*,*,#6736,.F.);
#6736 = EDGE_CURVE('',#6737,#6714,#6739,.T.);
#6737 = VERTEX_POINT('',#6738);
#6738 = CARTESIAN_POINT('',(-26.25,-97.65529608449,29.5));
#6739 = SURFACE_CURVE('',#6740,(#6744,#6751),.PCURVE_S1.);
#6740 = LINE('',#6741,#6742);
#6741 = CARTESIAN_POINT('',(-26.25,-97.65529608449,29.5));
#6742 = VECTOR('',#6743,1.);
#6743 = DIRECTION('',(0.,1.,0.));
#6744 = PCURVE('',#1305,#6745);
#6745 = DEFINITIONAL_REPRESENTATION('',(#6746),#6750);
#6746 = LINE('',#6747,#6748);
#6747 = CARTESIAN_POINT('',(14.75,-0.643692289853));
#6748 = VECTOR('',#6749,1.);
#6749 = DIRECTION('',(0.,-1.));
#6750 = ( GEOMETRIC_REPRESENTATION_CONTEXT(2) 
PARAMETRIC_REPRESENTATION_CONTEXT() REPRESENTATION_CONTEXT('2D SPACE',''
  ) );
#6751 = PCURVE('',#275,#6752);
#6752 = DEFINITIONAL_REPRESENTATION('',(#6753),#6757);
#6753 = LINE('',#6754,#6755);
#6754 = CARTESIAN_POINT('',(-71.25,97.655296084497));
#6755 = VECTOR('',#6756,1.);
#6756 = DIRECTION('',(0.,-1.));
#6757 = ( GEOMETRIC_REPRESENTATION_CONTEXT(2) 
PARAMETRIC_REPRESENTATION_CONTEXT() REPRESENTATION_CONTEXT('2D SPACE',''
  ) );
#6758 = ORIENTED_EDGE('',*,*,#6759,.F.);
#6759 = EDGE_CURVE('',#1290,#6737,#6760,.T.);
#6760 = SURFACE_CURVE('',#6761,(#6765,#6772),.PCURVE_S1.);
#6761 = LINE('',#6762,#6763);
#6762 = CARTESIAN_POINT('',(-26.25,-98.29898837435,1.051E-14));
#6763 = VECTOR('',#6764,1.);
#6764 = DIRECTION('',(0.,2.181488503456E-02,0.99976202708));
#6765 = PCURVE('',#1305,#6766);
#6766 = DEFINITIONAL_REPRESENTATION('',(#6767),#6771);
#6767 = LINE('',#6768,#6769);
#6768 = CARTESIAN_POINT('',(-14.75,0.));
#6769 = VECTOR('',#6770,1.);
#6770 = DIRECTION('',(0.99976202708,-2.181488503456E-02));
#6771 = ( GEOMETRIC_REPRESENTATION_CONTEXT(2) 
PARAMETRIC_REPRESENTATION_CONTEXT() REPRESENTATION_CONTEXT('2D SPACE',''
  ) );
#6772 = PCURVE('',#1333,#6773);
#6773 = DEFINITIONAL_REPRESENTATION('',(#6774),#6778);
#6774 = LINE('',#6775,#6776);
#6775 = CARTESIAN_POINT('',(-161.125,9.273532989414E-02));
#6776 = VECTOR('',#6777,1.);
#6777 = DIRECTION('',(0.,1.));
#6778 = ( GEOMETRIC_REPRESENTATION_CONTEXT(2) 
PARAMETRIC_REPRESENTATION_CONTEXT() REPRESENTATION_CONTEXT('2D SPACE',''
  ) );
#6779 = ORIENTED_EDGE('',*,*,#1289,.F.);
#6780 = ADVANCED_FACE('',(#6781),#4869,.T.);
#6781 = FACE_BOUND('',#6782,.T.);
#6782 = EDGE_LOOP('',(#6783,#6784,#6807,#6856));
#6783 = ORIENTED_EDGE('',*,*,#4852,.F.);
#6784 = ORIENTED_EDGE('',*,*,#6785,.T.);
#6785 = EDGE_CURVE('',#4267,#6786,#6788,.T.);
#6786 = VERTEX_POINT('',#6787);
#6787 = CARTESIAN_POINT('',(42.209011573395,98.660989133467,32.5));
#6788 = SURFACE_CURVE('',#6789,(#6793,#6800),.PCURVE_S1.);
#6789 = LINE('',#6790,#6791);
#6790 = CARTESIAN_POINT('',(-89.9375,98.660989133467,32.5));
#6791 = VECTOR('',#6792,1.);
#6792 = DIRECTION('',(1.,0.,0.));
#6793 = PCURVE('',#4869,#6794);
#6794 = DEFINITIONAL_REPRESENTATION('',(#6795),#6799);
#6795 = LINE('',#6796,#6797);
#6796 = CARTESIAN_POINT('',(5.508695451607,0.));
#6797 = VECTOR('',#6798,1.);
#6798 = DIRECTION('',(0.,-1.));
#6799 = ( GEOMETRIC_REPRESENTATION_CONTEXT(2) 
PARAMETRIC_REPRESENTATION_CONTEXT() REPRESENTATION_CONTEXT('2D SPACE',''
  ) );
#6800 = PCURVE('',#4287,#6801);
#6801 = DEFINITIONAL_REPRESENTATION('',(#6802),#6806);
#6802 = LINE('',#6803,#6804);
#6803 = CARTESIAN_POINT('',(44.9375,98.660989133467));
#6804 = VECTOR('',#6805,1.);
#6805 = DIRECTION('',(-1.,0.));
#6806 = ( GEOMETRIC_REPRESENTATION_CONTEXT(2) 
PARAMETRIC_REPRESENTATION_CONTEXT() REPRESENTATION_CONTEXT('2D SPACE',''
  ) );
#6807 = ORIENTED_EDGE('',*,*,#6808,.F.);
#6808 = EDGE_CURVE('',#6809,#6786,#6811,.T.);
#6809 = VERTEX_POINT('',#6810);
#6810 = CARTESIAN_POINT('',(42.235691667317,101.91021572147,
    29.320898376362));
#6811 = SURFACE_CURVE('',#6812,(#6817,#6823),.PCURVE_S1.);
#6812 = ELLIPSE('',#6813,3.250114448895,3.25);
#6813 = AXIS2_PLACEMENT_3D('',#6814,#6815,#6816);
#6814 = CARTESIAN_POINT('',(42.236286670423,98.660989133467,29.25));
#6815 = DIRECTION('',(0.999964786195,-4.1E-16,8.392042020847E-03));
#6816 = DIRECTION('',(-8.392042020847E-03,-5.466E-14,0.999964786195));
#6817 = PCURVE('',#4869,#6818);
#6818 = DEFINITIONAL_REPRESENTATION('',(#6819),#6822);
#6819 = B_SPLINE_CURVE_WITH_KNOTS('',1,(#6820,#6821),.UNSPECIFIED.,.F.,
  .F.,(2,2),(4.734205596035,6.28318530718),.PIECEWISE_BEZIER_KNOTS.);
#6820 = CARTESIAN_POINT('',(7.057675162752,-132.1731916673));
#6821 = CARTESIAN_POINT('',(5.508695451607,-132.1465115733));
#6822 = ( GEOMETRIC_REPRESENTATION_CONTEXT(2) 
PARAMETRIC_REPRESENTATION_CONTEXT() REPRESENTATION_CONTEXT('2D SPACE',''
  ) );
#6823 = PCURVE('',#6824,#6850);
#6824 = B_SPLINE_SURFACE_WITH_KNOTS('',3,3,(
    (#6825,#6826,#6827,#6828,#6829)
    ,(#6830,#6831,#6832,#6833,#6834)
    ,(#6835,#6836,#6837,#6838,#6839)
    ,(#6840,#6841,#6842,#6843,#6844)
    ,(#6845,#6846,#6847,#6848,#6849
  )),.UNSPECIFIED.,.F.,.F.,.F.,(4,1,4),(4,1,4),(0.,0.571428571429,1.),(
    4.583E-14,0.663848447634,1.548979711145),.UNSPECIFIED.);
#6825 = CARTESIAN_POINT('',(44.208535627555,98.660989133467,
    30.543629770069));
#6826 = CARTESIAN_POINT('',(44.208535627555,98.937592653314,
    30.543629770069));
#6827 = CARTESIAN_POINT('',(44.213382042253,99.583895500785,
    30.321521728944));
#6828 = CARTESIAN_POINT('',(44.227170289496,99.902646235336,
    29.689615303962));
#6829 = CARTESIAN_POINT('',(44.235215721477,99.910691667317,
    29.320898376362));
#6830 = CARTESIAN_POINT('',(44.195662936386,98.660989133467,
    31.133576854229));
#6831 = CARTESIAN_POINT('',(44.195662936386,99.068751293889,
    31.133576854229));
#6832 = CARTESIAN_POINT('',(44.202703658198,100.02053149818,
    30.808864458873));
#6833 = CARTESIAN_POINT('',(44.222918744698,100.49435027771,
    29.879762955401));
#6834 = CARTESIAN_POINT('',(44.234931104029,100.50876668507,
    29.333942209299));
#6835 = CARTESIAN_POINT('',(43.685969197793,98.660989133467,
    32.14486449939));
#6836 = CARTESIAN_POINT('',(43.685969197793,99.294252923063,
    32.14486449939));
#6837 = CARTESIAN_POINT('',(43.694393012203,100.77450808081,
    31.641158832222));
#6838 = CARTESIAN_POINT('',(43.718541143537,101.5191302968,
    30.195698256705));
#6839 = CARTESIAN_POINT('',(43.73270499409,101.54417359089,
    29.345576255652));
#6840 = CARTESIAN_POINT('',(42.651577205151,98.660989133467,32.5));
#6841 = CARTESIAN_POINT('',(42.651577205151,99.378342652302,32.5));
#6842 = CARTESIAN_POINT('',(42.65749674546,101.05397425192,
    31.92668279696));
#6843 = CARTESIAN_POINT('',(42.674385424288,101.88616474519,
    30.289631689195));
#6844 = CARTESIAN_POINT('',(42.684247930631,101.91000225839,
    29.330681251065));
#6845 = CARTESIAN_POINT('',(42.209011573395,98.660989133467,32.5));
#6846 = CARTESIAN_POINT('',(42.209011573395,99.38015828507,32.5));
#6847 = CARTESIAN_POINT('',(42.213857988093,101.06054568849,
    31.922519093073));
#6848 = CARTESIAN_POINT('',(42.227646235336,101.88929759832,
    30.279562388122));
#6849 = CARTESIAN_POINT('',(42.235691667317,101.91021572147,
    29.320898376362));
#6850 = DEFINITIONAL_REPRESENTATION('',(#6851),#6855);
#6851 = LINE('',#6852,#6853);
#6852 = CARTESIAN_POINT('',(1.,6.28318530718));
#6853 = VECTOR('',#6854,1.);
#6854 = DIRECTION('',(3.8E-15,-1.));
#6855 = ( GEOMETRIC_REPRESENTATION_CONTEXT(2) 
PARAMETRIC_REPRESENTATION_CONTEXT() REPRESENTATION_CONTEXT('2D SPACE',''
  ) );
#6856 = ORIENTED_EDGE('',*,*,#6857,.T.);
#6857 = EDGE_CURVE('',#6809,#4853,#6858,.T.);
#6858 = SURFACE_CURVE('',#6859,(#6863,#6870),.PCURVE_S1.);
#6859 = LINE('',#6860,#6861);
#6860 = CARTESIAN_POINT('',(-89.9375,101.91021572147,29.320898376362));
#6861 = VECTOR('',#6862,1.);
#6862 = DIRECTION('',(-1.,0.,0.));
#6863 = PCURVE('',#4869,#6864);
#6864 = DEFINITIONAL_REPRESENTATION('',(#6865),#6869);
#6865 = LINE('',#6866,#6867);
#6866 = CARTESIAN_POINT('',(7.057675162752,0.));
#6867 = VECTOR('',#6868,1.);
#6868 = DIRECTION('',(0.,1.));
#6869 = ( GEOMETRIC_REPRESENTATION_CONTEXT(2) 
PARAMETRIC_REPRESENTATION_CONTEXT() REPRESENTATION_CONTEXT('2D SPACE',''
  ) );
#6870 = PCURVE('',#6871,#6876);
#6871 = PLANE('',#6872);
#6872 = AXIS2_PLACEMENT_3D('',#6873,#6874,#6875);
#6873 = CARTESIAN_POINT('',(-134.875,102.55,0.));
#6874 = DIRECTION('',(0.,0.99976202708,2.181488503456E-02));
#6875 = DIRECTION('',(-1.,0.,0.));
#6876 = DEFINITIONAL_REPRESENTATION('',(#6877),#6881);
#6877 = LINE('',#6878,#6879);
#6878 = CARTESIAN_POINT('',(-44.9375,29.327877617039));
#6879 = VECTOR('',#6880,1.);
#6880 = DIRECTION('',(1.,0.));
#6881 = ( GEOMETRIC_REPRESENTATION_CONTEXT(2) 
PARAMETRIC_REPRESENTATION_CONTEXT() REPRESENTATION_CONTEXT('2D SPACE',''
  ) );
#6882 = ADVANCED_FACE('',(#6883),#6897,.T.);
#6883 = FACE_BOUND('',#6884,.T.);
#6884 = EDGE_LOOP('',(#6885,#6915,#6938,#6961));
#6885 = ORIENTED_EDGE('',*,*,#6886,.F.);
#6886 = EDGE_CURVE('',#6887,#6889,#6891,.T.);
#6887 = VERTEX_POINT('',#6888);
#6888 = CARTESIAN_POINT('',(24.2,96.155296084497,29.5));
#6889 = VERTEX_POINT('',#6890);
#6890 = CARTESIAN_POINT('',(24.2,97.655296084497,29.5));
#6891 = SURFACE_CURVE('',#6892,(#6896,#6908),.PCURVE_S1.);
#6892 = LINE('',#6893,#6894);
#6893 = CARTESIAN_POINT('',(24.2,96.155296084497,29.5));
#6894 = VECTOR('',#6895,1.);
#6895 = DIRECTION('',(0.,1.,0.));
#6896 = PCURVE('',#6897,#6902);
#6897 = PLANE('',#6898);
#6898 = AXIS2_PLACEMENT_3D('',#6899,#6900,#6901);
#6899 = CARTESIAN_POINT('',(24.2,98.29898837435,14.75));
#6900 = DIRECTION('',(1.,0.,0.));
#6901 = DIRECTION('',(0.,0.,1.));
#6902 = DEFINITIONAL_REPRESENTATION('',(#6903),#6907);
#6903 = LINE('',#6904,#6905);
#6904 = CARTESIAN_POINT('',(14.75,2.143692289853));
#6905 = VECTOR('',#6906,1.);
#6906 = DIRECTION('',(0.,-1.));
#6907 = ( GEOMETRIC_REPRESENTATION_CONTEXT(2) 
PARAMETRIC_REPRESENTATION_CONTEXT() REPRESENTATION_CONTEXT('2D SPACE',''
  ) );
#6908 = PCURVE('',#67,#6909);
#6909 = DEFINITIONAL_REPRESENTATION('',(#6910),#6914);
#6910 = LINE('',#6911,#6912);
#6911 = CARTESIAN_POINT('',(69.2,-96.15529608449));
#6912 = VECTOR('',#6913,1.);
#6913 = DIRECTION('',(0.,-1.));
#6914 = ( GEOMETRIC_REPRESENTATION_CONTEXT(2) 
PARAMETRIC_REPRESENTATION_CONTEXT() REPRESENTATION_CONTEXT('2D SPACE',''
  ) );
#6915 = ORIENTED_EDGE('',*,*,#6916,.F.);
#6916 = EDGE_CURVE('',#6917,#6887,#6919,.T.);
#6917 = VERTEX_POINT('',#6918);
#6918 = CARTESIAN_POINT('',(24.2,96.79898837435,1.1E-14));
#6919 = SURFACE_CURVE('',#6920,(#6924,#6931),.PCURVE_S1.);
#6920 = LINE('',#6921,#6922);
#6921 = CARTESIAN_POINT('',(24.2,96.79898837435,1.051E-14));
#6922 = VECTOR('',#6923,1.);
#6923 = DIRECTION('',(0.,-2.181488503456E-02,0.99976202708));
#6924 = PCURVE('',#6897,#6925);
#6925 = DEFINITIONAL_REPRESENTATION('',(#6926),#6930);
#6926 = LINE('',#6927,#6928);
#6927 = CARTESIAN_POINT('',(-14.75,1.5));
#6928 = VECTOR('',#6929,1.);
#6929 = DIRECTION('',(0.99976202708,2.181488503456E-02));
#6930 = ( GEOMETRIC_REPRESENTATION_CONTEXT(2) 
PARAMETRIC_REPRESENTATION_CONTEXT() REPRESENTATION_CONTEXT('2D SPACE',''
  ) );
#6931 = PCURVE('',#5182,#6932);
#6932 = DEFINITIONAL_REPRESENTATION('',(#6933),#6937);
#6933 = LINE('',#6934,#6935);
#6934 = CARTESIAN_POINT('',(14.753510936079,-9.947598300641E-14));
#6935 = VECTOR('',#6936,1.);
#6936 = DIRECTION('',(-1.,-4.092215945834E-30));
#6937 = ( GEOMETRIC_REPRESENTATION_CONTEXT(2) 
PARAMETRIC_REPRESENTATION_CONTEXT() REPRESENTATION_CONTEXT('2D SPACE',''
  ) );
#6938 = ORIENTED_EDGE('',*,*,#6939,.F.);
#6939 = EDGE_CURVE('',#6940,#6917,#6942,.T.);
#6940 = VERTEX_POINT('',#6941);
#6941 = CARTESIAN_POINT('',(24.2,98.29898837435,1.1E-14));
#6942 = SURFACE_CURVE('',#6943,(#6947,#6954),.PCURVE_S1.);
#6943 = LINE('',#6944,#6945);
#6944 = CARTESIAN_POINT('',(24.2,98.29898837435,1.051E-14));
#6945 = VECTOR('',#6946,1.);
#6946 = DIRECTION('',(0.,-1.,0.));
#6947 = PCURVE('',#6897,#6948);
#6948 = DEFINITIONAL_REPRESENTATION('',(#6949),#6953);
#6949 = LINE('',#6950,#6951);
#6950 = CARTESIAN_POINT('',(-14.75,0.));
#6951 = VECTOR('',#6952,1.);
#6952 = DIRECTION('',(0.,1.));
#6953 = ( GEOMETRIC_REPRESENTATION_CONTEXT(2) 
PARAMETRIC_REPRESENTATION_CONTEXT() REPRESENTATION_CONTEXT('2D SPACE',''
  ) );
#6954 = PCURVE('',#2501,#6955);
#6955 = DEFINITIONAL_REPRESENTATION('',(#6956),#6960);
#6956 = LINE('',#6957,#6958);
#6957 = CARTESIAN_POINT('',(-69.2,99.67398837435));
#6958 = VECTOR('',#6959,1.);
#6959 = DIRECTION('',(0.,-1.));
#6960 = ( GEOMETRIC_REPRESENTATION_CONTEXT(2) 
PARAMETRIC_REPRESENTATION_CONTEXT() REPRESENTATION_CONTEXT('2D SPACE',''
  ) );
#6961 = ORIENTED_EDGE('',*,*,#6962,.F.);
#6962 = EDGE_CURVE('',#6889,#6940,#6963,.T.);
#6963 = SURFACE_CURVE('',#6964,(#6968,#6975),.PCURVE_S1.);
#6964 = LINE('',#6965,#6966);
#6965 = CARTESIAN_POINT('',(24.2,97.655296084497,29.5));
#6966 = VECTOR('',#6967,1.);
#6967 = DIRECTION('',(0.,2.181488503456E-02,-0.99976202708));
#6968 = PCURVE('',#6897,#6969);
#6969 = DEFINITIONAL_REPRESENTATION('',(#6970),#6974);
#6970 = LINE('',#6971,#6972);
#6971 = CARTESIAN_POINT('',(14.75,0.643692289853));
#6972 = VECTOR('',#6973,1.);
#6973 = DIRECTION('',(-0.99976202708,-2.181488503456E-02));
#6974 = ( GEOMETRIC_REPRESENTATION_CONTEXT(2) 
PARAMETRIC_REPRESENTATION_CONTEXT() REPRESENTATION_CONTEXT('2D SPACE',''
  ) );
#6975 = PCURVE('',#6976,#6981);
#6976 = PLANE('',#6977);
#6977 = AXIS2_PLACEMENT_3D('',#6978,#6979,#6980);
#6978 = CARTESIAN_POINT('',(-134.875,98.30101138491,-9.271326139688E-02)
  );
#6979 = DIRECTION('',(0.,0.99976202708,2.181488503456E-02));
#6980 = DIRECTION('',(-1.,0.,0.));
#6981 = DEFINITIONAL_REPRESENTATION('',(#6982),#6986);
#6982 = LINE('',#6983,#6984);
#6983 = CARTESIAN_POINT('',(-159.075,29.599757202052));
#6984 = VECTOR('',#6985,1.);
#6985 = DIRECTION('',(0.,-1.));
#6986 = ( GEOMETRIC_REPRESENTATION_CONTEXT(2) 
PARAMETRIC_REPRESENTATION_CONTEXT() REPRESENTATION_CONTEXT('2D SPACE',''
  ) );
#6987 = ADVANCED_FACE('',(#6988),#332,.F.);
#6988 = FACE_BOUND('',#6989,.F.);
#6989 = EDGE_LOOP('',(#6990,#6991,#6992,#7016));
#6990 = ORIENTED_EDGE('',*,*,#315,.T.);
#6991 = ORIENTED_EDGE('',*,*,#4493,.F.);
#6992 = ORIENTED_EDGE('',*,*,#6993,.F.);
#6993 = EDGE_CURVE('',#6994,#4468,#6996,.T.);
#6994 = VERTEX_POINT('',#6995);
#6995 = CARTESIAN_POINT('',(-8.783978579811,98.296260864647,0.125));
#6996 = SURFACE_CURVE('',#6997,(#7002,#7009),.PCURVE_S1.);
#6997 = CIRCLE('',#6998,9.062383779386);
#6998 = AXIS2_PLACEMENT_3D('',#6999,#7000,#7001);
#6999 = CARTESIAN_POINT('',(-15.33107605373,92.0302961,0.125));
#7000 = DIRECTION('',(0.,0.,-1.));
#7001 = DIRECTION('',(0.722447606867,0.691425668697,0.));
#7002 = PCURVE('',#332,#7003);
#7003 = DEFINITIONAL_REPRESENTATION('',(#7004),#7008);
#7004 = LINE('',#7005,#7006);
#7005 = CARTESIAN_POINT('',(6.28318530718,3.E-17));
#7006 = VECTOR('',#7007,1.);
#7007 = DIRECTION('',(-1.,-4.E-17));
#7008 = ( GEOMETRIC_REPRESENTATION_CONTEXT(2) 
PARAMETRIC_REPRESENTATION_CONTEXT() REPRESENTATION_CONTEXT('2D SPACE',''
  ) );
#7009 = PCURVE('',#1868,#7010);
#7010 = DEFINITIONAL_REPRESENTATION('',(#7011),#7015);
#7011 = CIRCLE('',#7012,9.062383779386);
#7012 = AXIS2_PLACEMENT_2D('',#7013,#7014);
#7013 = CARTESIAN_POINT('',(-15.33107605373,3.815460185633));
#7014 = DIRECTION('',(0.722447606867,-0.691425668697));
#7015 = ( GEOMETRIC_REPRESENTATION_CONTEXT(2) 
PARAMETRIC_REPRESENTATION_CONTEXT() REPRESENTATION_CONTEXT('2D SPACE',''
  ) );
#7016 = ORIENTED_EDGE('',*,*,#7017,.T.);
#7017 = EDGE_CURVE('',#6994,#288,#7018,.T.);
#7018 = SURFACE_CURVE('',#7019,(#7024,#7053),.PCURVE_S1.);
#7019 = ELLIPSE('',#7020,415.42202789647,9.062383779386);
#7020 = AXIS2_PLACEMENT_3D('',#7021,#7022,#7023);
#7021 = CARTESIAN_POINT('',(-15.33107605373,92.0302961,287.29009964597)
  );
#7022 = DIRECTION('',(0.,-0.99976202708,-2.181488503456E-02));
#7023 = DIRECTION('',(0.,2.181488503456E-02,-0.99976202708));
#7024 = PCURVE('',#332,#7025);
#7025 = DEFINITIONAL_REPRESENTATION('',(#7026),#7052);
#7026 = B_SPLINE_CURVE_WITH_KNOTS('',3,(#7027,#7028,#7029,#7030,#7031,
    #7032,#7033,#7034,#7035,#7036,#7037,#7038,#7039,#7040,#7041,#7042,
    #7043,#7044,#7045,#7046,#7047,#7048,#7049,#7050,#7051),
  .UNSPECIFIED.,.F.,.F.,(4,1,1,1,1,1,1,1,1,1,1,1,1,1,1,1,1,1,1,1,1,1,4),
  (0.807335745805,0.811600674645,0.815865603484,0.820130532324,
    0.824395461163,0.828660390003,0.832925318842,0.837190247682,
    0.841455176521,0.845720105361,0.8499850342,0.85424996304,
    0.858514891879,0.862779820719,0.867044749558,0.871309678398,
    0.875574607237,0.879839536077,0.884104464916,0.888369393756,
    0.892634322595,0.896899251435,0.901164180274),
  .QUASI_UNIFORM_KNOTS.);
#7027 = CARTESIAN_POINT('',(6.28318530718,-1.199E-14));
#7028 = CARTESIAN_POINT('',(6.281763664233,0.426562862572));
#7029 = CARTESIAN_POINT('',(6.27892037834,1.281429758789));
#7030 = CARTESIAN_POINT('',(6.274655449501,2.568930188054));
#7031 = CARTESIAN_POINT('',(6.270390520661,3.861607310956));
#7032 = CARTESIAN_POINT('',(6.266125591822,5.159437606778));
#7033 = CARTESIAN_POINT('',(6.261860662982,6.462397470514));
#7034 = CARTESIAN_POINT('',(6.257595734143,7.770463201324));
#7035 = CARTESIAN_POINT('',(6.253330805303,9.08361100617));
#7036 = CARTESIAN_POINT('',(6.249065876463,10.401816999394));
#7037 = CARTESIAN_POINT('',(6.244800947624,11.725057203379));
#7038 = CARTESIAN_POINT('',(6.240536018784,13.053307548925));
#7039 = CARTESIAN_POINT('',(6.236271089945,14.386543875702));
#7040 = CARTESIAN_POINT('',(6.232006161105,15.724741932687));
#7041 = CARTESIAN_POINT('',(6.227741232266,17.067877378608));
#7042 = CARTESIAN_POINT('',(6.223476303426,18.415925782378));
#7043 = CARTESIAN_POINT('',(6.219211374587,19.768862623552));
#7044 = CARTESIAN_POINT('',(6.214946445747,21.126663292754));
#7045 = CARTESIAN_POINT('',(6.210681516908,22.48930309218));
#7046 = CARTESIAN_POINT('',(6.206416588068,23.856757235841));
#7047 = CARTESIAN_POINT('',(6.202151659229,25.229000850791));
#7048 = CARTESIAN_POINT('',(6.197886730389,26.606008974668));
#7049 = CARTESIAN_POINT('',(6.19362180155,27.987756567027));
#7050 = CARTESIAN_POINT('',(6.190778515657,28.912064501798));
#7051 = CARTESIAN_POINT('',(6.18935687271,29.375));
#7052 = ( GEOMETRIC_REPRESENTATION_CONTEXT(2) 
PARAMETRIC_REPRESENTATION_CONTEXT() REPRESENTATION_CONTEXT('2D SPACE',''
  ) );
#7053 = PCURVE('',#303,#7054);
#7054 = DEFINITIONAL_REPRESENTATION('',(#7055),#7063);
#7055 = ( BOUNDED_CURVE() B_SPLINE_CURVE(2,(#7056,#7057,#7058,#7059,
#7060,#7061,#7062),.UNSPECIFIED.,.T.,.F.) B_SPLINE_CURVE_WITH_KNOTS((1,2
    ,2,2,2,1),(-2.094395102393,0.,2.094395102393,4.188790204786,
6.28318530718,8.377580409573),.UNSPECIFIED.) CURVE() 
GEOMETRIC_REPRESENTATION_ITEM() RATIONAL_B_SPLINE_CURVE((1.,0.5,1.,0.5,
1.,0.5,1.)) REPRESENTATION_ITEM('') );
#7056 = CARTESIAN_POINT('',(-74.54392394626,-127.9708093832));
#7057 = CARTESIAN_POINT('',(-90.24043308984,-127.9708093832));
#7058 = CARTESIAN_POINT('',(-82.39217851805,495.16223246145));
#7059 = CARTESIAN_POINT('',(-74.54392394626,1.118295274306E+03));
#7060 = CARTESIAN_POINT('',(-66.69566937447,495.16223246145));
#7061 = CARTESIAN_POINT('',(-58.84741480268,-127.9708093832));
#7062 = CARTESIAN_POINT('',(-74.54392394626,-127.9708093832));
#7063 = ( GEOMETRIC_REPRESENTATION_CONTEXT(2) 
PARAMETRIC_REPRESENTATION_CONTEXT() REPRESENTATION_CONTEXT('2D SPACE',''
  ) );
#7064 = ADVANCED_FACE('',(#7065),#4090,.T.);
#7065 = FACE_BOUND('',#7066,.T.);
#7066 = EDGE_LOOP('',(#7067,#7068,#7096,#7119));
#7067 = ORIENTED_EDGE('',*,*,#4074,.F.);
#7068 = ORIENTED_EDGE('',*,*,#7069,.T.);
#7069 = EDGE_CURVE('',#4042,#7070,#7072,.T.);
#7070 = VERTEX_POINT('',#7071);
#7071 = CARTESIAN_POINT('',(-9.,99.69898837435,1.75));
#7072 = SURFACE_CURVE('',#7073,(#7077,#7084),.PCURVE_S1.);
#7073 = LINE('',#7074,#7075);
#7074 = CARTESIAN_POINT('',(78.25,99.69898837435,1.75));
#7075 = VECTOR('',#7076,1.);
#7076 = DIRECTION('',(-1.,0.,0.));
#7077 = PCURVE('',#4090,#7078);
#7078 = DEFINITIONAL_REPRESENTATION('',(#7079),#7083);
#7079 = LINE('',#7080,#7081);
#7080 = CARTESIAN_POINT('',(78.25,0.75));
#7081 = VECTOR('',#7082,1.);
#7082 = DIRECTION('',(-1.,0.));
#7083 = ( GEOMETRIC_REPRESENTATION_CONTEXT(2) 
PARAMETRIC_REPRESENTATION_CONTEXT() REPRESENTATION_CONTEXT('2D SPACE',''
  ) );
#7084 = PCURVE('',#7085,#7090);
#7085 = PLANE('',#7086);
#7086 = AXIS2_PLACEMENT_3D('',#7087,#7088,#7089);
#7087 = CARTESIAN_POINT('',(78.25,99.69898837435,1.051E-14));
#7088 = DIRECTION('',(0.,-1.,0.));
#7089 = DIRECTION('',(0.,0.,-1.));
#7090 = DEFINITIONAL_REPRESENTATION('',(#7091),#7095);
#7091 = LINE('',#7092,#7093);
#7092 = CARTESIAN_POINT('',(-1.75,0.));
#7093 = VECTOR('',#7094,1.);
#7094 = DIRECTION('',(0.,-1.));
#7095 = ( GEOMETRIC_REPRESENTATION_CONTEXT(2) 
PARAMETRIC_REPRESENTATION_CONTEXT() REPRESENTATION_CONTEXT('2D SPACE',''
  ) );
#7096 = ORIENTED_EDGE('',*,*,#7097,.T.);
#7097 = EDGE_CURVE('',#7070,#7098,#7100,.T.);
#7098 = VERTEX_POINT('',#7099);
#7099 = CARTESIAN_POINT('',(-9.,101.19898837435,1.75));
#7100 = SURFACE_CURVE('',#7101,(#7105,#7112),.PCURVE_S1.);
#7101 = LINE('',#7102,#7103);
#7102 = CARTESIAN_POINT('',(-9.,112.76168126607,1.75));
#7103 = VECTOR('',#7104,1.);
#7104 = DIRECTION('',(0.,1.,0.));
#7105 = PCURVE('',#4090,#7106);
#7106 = DEFINITIONAL_REPRESENTATION('',(#7107),#7111);
#7107 = LINE('',#7108,#7109);
#7108 = CARTESIAN_POINT('',(-9.,-12.31269289172));
#7109 = VECTOR('',#7110,1.);
#7110 = DIRECTION('',(0.,-1.));
#7111 = ( GEOMETRIC_REPRESENTATION_CONTEXT(2) 
PARAMETRIC_REPRESENTATION_CONTEXT() REPRESENTATION_CONTEXT('2D SPACE',''
  ) );
#7112 = PCURVE('',#2335,#7113);
#7113 = DEFINITIONAL_REPRESENTATION('',(#7114),#7118);
#7114 = LINE('',#7115,#7116);
#7115 = CARTESIAN_POINT('',(-54.,-12.31269289172));
#7116 = VECTOR('',#7117,1.);
#7117 = DIRECTION('',(0.,-1.));
#7118 = ( GEOMETRIC_REPRESENTATION_CONTEXT(2) 
PARAMETRIC_REPRESENTATION_CONTEXT() REPRESENTATION_CONTEXT('2D SPACE',''
  ) );
#7119 = ORIENTED_EDGE('',*,*,#7120,.T.);
#7120 = EDGE_CURVE('',#7098,#4075,#7121,.T.);
#7121 = SURFACE_CURVE('',#7122,(#7126,#7133),.PCURVE_S1.);
#7122 = LINE('',#7123,#7124);
#7123 = CARTESIAN_POINT('',(-78.25,101.19898837435,1.75));
#7124 = VECTOR('',#7125,1.);
#7125 = DIRECTION('',(1.,0.,0.));
#7126 = PCURVE('',#4090,#7127);
#7127 = DEFINITIONAL_REPRESENTATION('',(#7128),#7132);
#7128 = LINE('',#7129,#7130);
#7129 = CARTESIAN_POINT('',(-78.25,-0.75));
#7130 = VECTOR('',#7131,1.);
#7131 = DIRECTION('',(1.,0.));
#7132 = ( GEOMETRIC_REPRESENTATION_CONTEXT(2) 
PARAMETRIC_REPRESENTATION_CONTEXT() REPRESENTATION_CONTEXT('2D SPACE',''
  ) );
#7133 = PCURVE('',#2527,#7134);
#7134 = DEFINITIONAL_REPRESENTATION('',(#7135),#7139);
#7135 = LINE('',#7136,#7137);
#7136 = CARTESIAN_POINT('',(1.75,0.));
#7137 = VECTOR('',#7138,1.);
#7138 = DIRECTION('',(0.,1.));
#7139 = ( GEOMETRIC_REPRESENTATION_CONTEXT(2) 
PARAMETRIC_REPRESENTATION_CONTEXT() REPRESENTATION_CONTEXT('2D SPACE',''
  ) );
#7140 = ADVANCED_FACE('',(#7141),#3816,.T.);
#7141 = FACE_BOUND('',#7142,.T.);
#7142 = EDGE_LOOP('',(#7143,#7166,#7194,#7215));
#7143 = ORIENTED_EDGE('',*,*,#7144,.F.);
#7144 = EDGE_CURVE('',#7145,#3771,#7147,.T.);
#7145 = VERTEX_POINT('',#7146);
#7146 = CARTESIAN_POINT('',(18.65,97.655296084497,29.5));
#7147 = SURFACE_CURVE('',#7148,(#7152,#7159),.PCURVE_S1.);
#7148 = LINE('',#7149,#7150);
#7149 = CARTESIAN_POINT('',(18.65,97.655296084497,29.5));
#7150 = VECTOR('',#7151,1.);
#7151 = DIRECTION('',(0.,-1.,0.));
#7152 = PCURVE('',#3816,#7153);
#7153 = DEFINITIONAL_REPRESENTATION('',(#7154),#7158);
#7154 = LINE('',#7155,#7156);
#7155 = CARTESIAN_POINT('',(-14.75,0.643692289853));
#7156 = VECTOR('',#7157,1.);
#7157 = DIRECTION('',(0.,1.));
#7158 = ( GEOMETRIC_REPRESENTATION_CONTEXT(2) 
PARAMETRIC_REPRESENTATION_CONTEXT() REPRESENTATION_CONTEXT('2D SPACE',''
  ) );
#7159 = PCURVE('',#67,#7160);
#7160 = DEFINITIONAL_REPRESENTATION('',(#7161),#7165);
#7161 = LINE('',#7162,#7163);
#7162 = CARTESIAN_POINT('',(63.65,-97.65529608449));
#7163 = VECTOR('',#7164,1.);
#7164 = DIRECTION('',(0.,1.));
#7165 = ( GEOMETRIC_REPRESENTATION_CONTEXT(2) 
PARAMETRIC_REPRESENTATION_CONTEXT() REPRESENTATION_CONTEXT('2D SPACE',''
  ) );
#7166 = ORIENTED_EDGE('',*,*,#7167,.F.);
#7167 = EDGE_CURVE('',#7168,#7145,#7170,.T.);
#7168 = VERTEX_POINT('',#7169);
#7169 = CARTESIAN_POINT('',(18.65,98.29898837435,1.1E-14));
#7170 = SURFACE_CURVE('',#7171,(#7175,#7182),.PCURVE_S1.);
#7171 = LINE('',#7172,#7173);
#7172 = CARTESIAN_POINT('',(18.65,98.29898837435,1.051E-14));
#7173 = VECTOR('',#7174,1.);
#7174 = DIRECTION('',(0.,-2.181488503456E-02,0.99976202708));
#7175 = PCURVE('',#3816,#7176);
#7176 = DEFINITIONAL_REPRESENTATION('',(#7177),#7181);
#7177 = LINE('',#7178,#7179);
#7178 = CARTESIAN_POINT('',(14.75,0.));
#7179 = VECTOR('',#7180,1.);
#7180 = DIRECTION('',(-0.99976202708,2.181488503456E-02));
#7181 = ( GEOMETRIC_REPRESENTATION_CONTEXT(2) 
PARAMETRIC_REPRESENTATION_CONTEXT() REPRESENTATION_CONTEXT('2D SPACE',''
  ) );
#7182 = PCURVE('',#7183,#7188);
#7183 = PLANE('',#7184);
#7184 = AXIS2_PLACEMENT_3D('',#7185,#7186,#7187);
#7185 = CARTESIAN_POINT('',(-134.875,98.30101138491,-9.271326139688E-02)
  );
#7186 = DIRECTION('',(0.,0.99976202708,2.181488503456E-02));
#7187 = DIRECTION('',(-1.,0.,0.));
#7188 = DEFINITIONAL_REPRESENTATION('',(#7189),#7193);
#7189 = LINE('',#7190,#7191);
#7190 = CARTESIAN_POINT('',(-153.525,9.273532989414E-02));
#7191 = VECTOR('',#7192,1.);
#7192 = DIRECTION('',(0.,1.));
#7193 = ( GEOMETRIC_REPRESENTATION_CONTEXT(2) 
PARAMETRIC_REPRESENTATION_CONTEXT() REPRESENTATION_CONTEXT('2D SPACE',''
  ) );
#7194 = ORIENTED_EDGE('',*,*,#7195,.F.);
#7195 = EDGE_CURVE('',#3801,#7168,#7196,.T.);
#7196 = SURFACE_CURVE('',#7197,(#7201,#7208),.PCURVE_S1.);
#7197 = LINE('',#7198,#7199);
#7198 = CARTESIAN_POINT('',(18.65,96.79898837435,1.051E-14));
#7199 = VECTOR('',#7200,1.);
#7200 = DIRECTION('',(0.,1.,0.));
#7201 = PCURVE('',#3816,#7202);
#7202 = DEFINITIONAL_REPRESENTATION('',(#7203),#7207);
#7203 = LINE('',#7204,#7205);
#7204 = CARTESIAN_POINT('',(14.75,1.5));
#7205 = VECTOR('',#7206,1.);
#7206 = DIRECTION('',(0.,-1.));
#7207 = ( GEOMETRIC_REPRESENTATION_CONTEXT(2) 
PARAMETRIC_REPRESENTATION_CONTEXT() REPRESENTATION_CONTEXT('2D SPACE',''
  ) );
#7208 = PCURVE('',#2501,#7209);
#7209 = DEFINITIONAL_REPRESENTATION('',(#7210),#7214);
#7210 = LINE('',#7211,#7212);
#7211 = CARTESIAN_POINT('',(-63.65,98.17398837435));
#7212 = VECTOR('',#7213,1.);
#7213 = DIRECTION('',(0.,1.));
#7214 = ( GEOMETRIC_REPRESENTATION_CONTEXT(2) 
PARAMETRIC_REPRESENTATION_CONTEXT() REPRESENTATION_CONTEXT('2D SPACE',''
  ) );
#7215 = ORIENTED_EDGE('',*,*,#3800,.T.);
#7216 = ADVANCED_FACE('',(#7217),#4429,.F.);
#7217 = FACE_BOUND('',#7218,.T.);
#7218 = EDGE_LOOP('',(#7219));
#7219 = ORIENTED_EDGE('',*,*,#4414,.F.);
#7220 = ADVANCED_FACE('',(#7221),#7234,.F.);
#7221 = FACE_BOUND('',#7222,.T.);
#7222 = EDGE_LOOP('',(#7223));
#7223 = ORIENTED_EDGE('',*,*,#7224,.F.);
#7224 = EDGE_CURVE('',#7225,#7225,#7227,.T.);
#7225 = VERTEX_POINT('',#7226);
#7226 = CARTESIAN_POINT('',(1.7,92.0302961,14.025));
#7227 = SURFACE_CURVE('',#7228,(#7233,#7245),.PCURVE_S1.);
#7228 = CIRCLE('',#7229,1.7);
#7229 = AXIS2_PLACEMENT_3D('',#7230,#7231,#7232);
#7230 = CARTESIAN_POINT('',(1.8E-16,92.0302961,14.025));
#7231 = DIRECTION('',(0.,0.,1.));
#7232 = DIRECTION('',(-1.,0.,0.));
#7233 = PCURVE('',#7234,#7239);
#7234 = PLANE('',#7235);
#7235 = AXIS2_PLACEMENT_3D('',#7236,#7237,#7238);
#7236 = CARTESIAN_POINT('',(1.8E-16,92.0302961,14.025));
#7237 = DIRECTION('',(0.,0.,1.));
#7238 = DIRECTION('',(-1.,0.,0.));
#7239 = DEFINITIONAL_REPRESENTATION('',(#7240),#7244);
#7240 = CIRCLE('',#7241,1.7);
#7241 = AXIS2_PLACEMENT_2D('',#7242,#7243);
#7242 = CARTESIAN_POINT('',(0.,0.));
#7243 = DIRECTION('',(1.,0.));
#7244 = ( GEOMETRIC_REPRESENTATION_CONTEXT(2) 
PARAMETRIC_REPRESENTATION_CONTEXT() REPRESENTATION_CONTEXT('2D SPACE',''
  ) );
#7245 = PCURVE('',#7246,#7251);
#7246 = CYLINDRICAL_SURFACE('',#7247,1.7);
#7247 = AXIS2_PLACEMENT_3D('',#7248,#7249,#7250);
#7248 = CARTESIAN_POINT('',(1.8E-16,92.0302961,11.775));
#7249 = DIRECTION('',(0.,0.,1.));
#7250 = DIRECTION('',(-1.,0.,0.));
#7251 = DEFINITIONAL_REPRESENTATION('',(#7252),#7256);
#7252 = LINE('',#7253,#7254);
#7253 = CARTESIAN_POINT('',(0.,2.25));
#7254 = VECTOR('',#7255,1.);
#7255 = DIRECTION('',(1.,0.));
#7256 = ( GEOMETRIC_REPRESENTATION_CONTEXT(2) 
PARAMETRIC_REPRESENTATION_CONTEXT() REPRESENTATION_CONTEXT('2D SPACE',''
  ) );
#7257 = ADVANCED_FACE('',(#7258),#7271,.T.);
#7258 = FACE_BOUND('',#7259,.T.);
#7259 = EDGE_LOOP('',(#7260,#7294,#7317,#7344));
#7260 = ORIENTED_EDGE('',*,*,#7261,.T.);
#7261 = EDGE_CURVE('',#7262,#7262,#7264,.T.);
#7262 = VERTEX_POINT('',#7263);
#7263 = CARTESIAN_POINT('',(19.075,-25.1,25.65));
#7264 = SURFACE_CURVE('',#7265,(#7270,#7282),.PCURVE_S1.);
#7265 = CIRCLE('',#7266,4.);
#7266 = AXIS2_PLACEMENT_3D('',#7267,#7268,#7269);
#7267 = CARTESIAN_POINT('',(15.075,-25.1,25.65));
#7268 = DIRECTION('',(0.,0.,1.));
#7269 = DIRECTION('',(-1.,0.,0.));
#7270 = PCURVE('',#7271,#7276);
#7271 = CYLINDRICAL_SURFACE('',#7272,4.);
#7272 = AXIS2_PLACEMENT_3D('',#7273,#7274,#7275);
#7273 = CARTESIAN_POINT('',(15.075,-25.1,29.5));
#7274 = DIRECTION('',(0.,0.,-1.));
#7275 = DIRECTION('',(-1.,0.,0.));
#7276 = DEFINITIONAL_REPRESENTATION('',(#7277),#7281);
#7277 = LINE('',#7278,#7279);
#7278 = CARTESIAN_POINT('',(6.28318530718,3.85));
#7279 = VECTOR('',#7280,1.);
#7280 = DIRECTION('',(-1.,0.));
#7281 = ( GEOMETRIC_REPRESENTATION_CONTEXT(2) 
PARAMETRIC_REPRESENTATION_CONTEXT() REPRESENTATION_CONTEXT('2D SPACE',''
  ) );
#7282 = PCURVE('',#7283,#7288);
#7283 = PLANE('',#7284);
#7284 = AXIS2_PLACEMENT_3D('',#7285,#7286,#7287);
#7285 = CARTESIAN_POINT('',(15.075,-25.1,25.65));
#7286 = DIRECTION('',(0.,0.,1.));
#7287 = DIRECTION('',(-1.,0.,0.));
#7288 = DEFINITIONAL_REPRESENTATION('',(#7289),#7293);
#7289 = CIRCLE('',#7290,4.);
#7290 = AXIS2_PLACEMENT_2D('',#7291,#7292);
#7291 = CARTESIAN_POINT('',(0.,0.));
#7292 = DIRECTION('',(1.,0.));
#7293 = ( GEOMETRIC_REPRESENTATION_CONTEXT(2) 
PARAMETRIC_REPRESENTATION_CONTEXT() REPRESENTATION_CONTEXT('2D SPACE',''
  ) );
#7294 = ORIENTED_EDGE('',*,*,#7295,.T.);
#7295 = EDGE_CURVE('',#7262,#7296,#7298,.T.);
#7296 = VERTEX_POINT('',#7297);
#7297 = CARTESIAN_POINT('',(19.075,-25.1,28.));
#7298 = SEAM_CURVE('',#7299,(#7303,#7310),.PCURVE_S1.);
#7299 = LINE('',#7300,#7301);
#7300 = CARTESIAN_POINT('',(19.075,-25.1,29.5));
#7301 = VECTOR('',#7302,1.);
#7302 = DIRECTION('',(0.,0.,1.));
#7303 = PCURVE('',#7271,#7304);
#7304 = DEFINITIONAL_REPRESENTATION('',(#7305),#7309);
#7305 = LINE('',#7306,#7307);
#7306 = CARTESIAN_POINT('',(-3.14159265359,0.));
#7307 = VECTOR('',#7308,1.);
#7308 = DIRECTION('',(0.,-1.));
#7309 = ( GEOMETRIC_REPRESENTATION_CONTEXT(2) 
PARAMETRIC_REPRESENTATION_CONTEXT() REPRESENTATION_CONTEXT('2D SPACE',''
  ) );
#7310 = PCURVE('',#7271,#7311);
#7311 = DEFINITIONAL_REPRESENTATION('',(#7312),#7316);
#7312 = LINE('',#7313,#7314);
#7313 = CARTESIAN_POINT('',(3.14159265359,0.));
#7314 = VECTOR('',#7315,1.);
#7315 = DIRECTION('',(0.,-1.));
#7316 = ( GEOMETRIC_REPRESENTATION_CONTEXT(2) 
PARAMETRIC_REPRESENTATION_CONTEXT() REPRESENTATION_CONTEXT('2D SPACE',''
  ) );
#7317 = ORIENTED_EDGE('',*,*,#7318,.F.);
#7318 = EDGE_CURVE('',#7296,#7296,#7319,.T.);
#7319 = SURFACE_CURVE('',#7320,(#7325,#7332),.PCURVE_S1.);
#7320 = CIRCLE('',#7321,4.);
#7321 = AXIS2_PLACEMENT_3D('',#7322,#7323,#7324);
#7322 = CARTESIAN_POINT('',(15.075,-25.1,28.));
#7323 = DIRECTION('',(0.,0.,1.));
#7324 = DIRECTION('',(-1.,0.,0.));
#7325 = PCURVE('',#7271,#7326);
#7326 = DEFINITIONAL_REPRESENTATION('',(#7327),#7331);
#7327 = LINE('',#7328,#7329);
#7328 = CARTESIAN_POINT('',(6.28318530718,1.5));
#7329 = VECTOR('',#7330,1.);
#7330 = DIRECTION('',(-1.,0.));
#7331 = ( GEOMETRIC_REPRESENTATION_CONTEXT(2) 
PARAMETRIC_REPRESENTATION_CONTEXT() REPRESENTATION_CONTEXT('2D SPACE',''
  ) );
#7332 = PCURVE('',#7333,#7338);
#7333 = TOROIDAL_SURFACE('',#7334,5.5,1.5);
#7334 = AXIS2_PLACEMENT_3D('',#7335,#7336,#7337);
#7335 = CARTESIAN_POINT('',(15.075,-25.1,28.));
#7336 = DIRECTION('',(1.503E-14,-6.9E-16,1.));
#7337 = DIRECTION('',(-1.,0.,1.503E-14));
#7338 = DEFINITIONAL_REPRESENTATION('',(#7339),#7343);
#7339 = LINE('',#7340,#7341);
#7340 = CARTESIAN_POINT('',(-6.28318530718,3.14159265359));
#7341 = VECTOR('',#7342,1.);
#7342 = DIRECTION('',(1.,0.));
#7343 = ( GEOMETRIC_REPRESENTATION_CONTEXT(2) 
PARAMETRIC_REPRESENTATION_CONTEXT() REPRESENTATION_CONTEXT('2D SPACE',''
  ) );
#7344 = ORIENTED_EDGE('',*,*,#7295,.F.);
#7345 = ADVANCED_FACE('',(#7346),#5376,.F.);
#7346 = FACE_BOUND('',#7347,.T.);
#7347 = EDGE_LOOP('',(#7348,#7378,#7404,#7405,#7428));
#7348 = ORIENTED_EDGE('',*,*,#7349,.F.);
#7349 = EDGE_CURVE('',#7350,#7352,#7354,.T.);
#7350 = VERTEX_POINT('',#7351);
#7351 = CARTESIAN_POINT('',(-41.06617218876,97.462459327459,
    27.902633583067));
#7352 = VERTEX_POINT('',#7353);
#7353 = CARTESIAN_POINT('',(-41.05,97.45,27.902633583067));
#7354 = SURFACE_CURVE('',#7355,(#7359,#7366),.PCURVE_S1.);
#7355 = LINE('',#7356,#7357);
#7356 = CARTESIAN_POINT('',(5.588610785297,61.518826284442,
    27.902633583067));
#7357 = VECTOR('',#7358,1.);
#7358 = DIRECTION('',(0.792169681219,-0.61030090624,0.));
#7359 = PCURVE('',#5376,#7360);
#7360 = DEFINITIONAL_REPRESENTATION('',(#7361),#7365);
#7361 = LINE('',#7362,#7363);
#7362 = CARTESIAN_POINT('',(61.494521319158,1.597366416933));
#7363 = VECTOR('',#7364,1.);
#7364 = DIRECTION('',(1.,0.));
#7365 = ( GEOMETRIC_REPRESENTATION_CONTEXT(2) 
PARAMETRIC_REPRESENTATION_CONTEXT() REPRESENTATION_CONTEXT('2D SPACE',''
  ) );
#7366 = PCURVE('',#7367,#7372);
#7367 = PLANE('',#7368);
#7368 = AXIS2_PLACEMENT_3D('',#7369,#7370,#7371);
#7369 = CARTESIAN_POINT('',(-41.06617218876,-99.8,27.902633583067));
#7370 = DIRECTION('',(0.,0.,1.));
#7371 = DIRECTION('',(1.,0.,0.));
#7372 = DEFINITIONAL_REPRESENTATION('',(#7373),#7377);
#7373 = LINE('',#7374,#7375);
#7374 = CARTESIAN_POINT('',(46.654782974066,161.31882628444));
#7375 = VECTOR('',#7376,1.);
#7376 = DIRECTION('',(0.792169681219,-0.61030090624));
#7377 = ( GEOMETRIC_REPRESENTATION_CONTEXT(2) 
PARAMETRIC_REPRESENTATION_CONTEXT() REPRESENTATION_CONTEXT('2D SPACE',''
  ) );
#7378 = ORIENTED_EDGE('',*,*,#7379,.F.);
#7379 = EDGE_CURVE('',#5361,#7350,#7380,.T.);
#7380 = SURFACE_CURVE('',#7381,(#7385,#7392),.PCURVE_S1.);
#7381 = LINE('',#7382,#7383);
#7382 = CARTESIAN_POINT('',(-8.232271655534,72.166667622812,
    2.434049671596));
#7383 = VECTOR('',#7384,1.);
#7384 = DIRECTION('',(0.674933346593,-0.519980053319,-0.523531968276));
#7385 = PCURVE('',#5376,#7386);
#7386 = DEFINITIONAL_REPRESENTATION('',(#7387),#7391);
#7387 = LINE('',#7388,#7389);
#7388 = CARTESIAN_POINT('',(44.047650063533,27.065950328404));
#7389 = VECTOR('',#7390,1.);
#7390 = DIRECTION('',(0.852006031782,0.523531968276));
#7391 = ( GEOMETRIC_REPRESENTATION_CONTEXT(2) 
PARAMETRIC_REPRESENTATION_CONTEXT() REPRESENTATION_CONTEXT('2D SPACE',''
  ) );
#7392 = PCURVE('',#7393,#7398);
#7393 = PLANE('',#7394);
#7394 = AXIS2_PLACEMENT_3D('',#7395,#7396,#7397);
#7395 = CARTESIAN_POINT('',(-43.12548456479,-99.8,29.5));
#7396 = DIRECTION('',(0.612907053653,0.,0.790155012376));
#7397 = DIRECTION('',(0.790155012376,0.,-0.612907053653));
#7398 = DEFINITIONAL_REPRESENTATION('',(#7399),#7403);
#7399 = LINE('',#7400,#7401);
#7400 = CARTESIAN_POINT('',(44.159958948243,171.96666762281));
#7401 = VECTOR('',#7402,1.);
#7402 = DIRECTION('',(0.854178402999,-0.519980053319));
#7403 = ( GEOMETRIC_REPRESENTATION_CONTEXT(2) 
PARAMETRIC_REPRESENTATION_CONTEXT() REPRESENTATION_CONTEXT('2D SPACE',''
  ) );
#7404 = ORIENTED_EDGE('',*,*,#5360,.T.);
#7405 = ORIENTED_EDGE('',*,*,#7406,.T.);
#7406 = EDGE_CURVE('',#5338,#7407,#7409,.T.);
#7407 = VERTEX_POINT('',#7408);
#7408 = CARTESIAN_POINT('',(-41.05,97.45,0.));
#7409 = SURFACE_CURVE('',#7410,(#7414,#7421),.PCURVE_S1.);
#7410 = LINE('',#7411,#7412);
#7411 = CARTESIAN_POINT('',(-41.05,97.45,0.));
#7412 = VECTOR('',#7413,1.);
#7413 = DIRECTION('',(0.792169681219,-0.61030090624,0.));
#7414 = PCURVE('',#5376,#7415);
#7415 = DEFINITIONAL_REPRESENTATION('',(#7416),#7420);
#7416 = LINE('',#7417,#7418);
#7417 = CARTESIAN_POINT('',(2.62,29.5));
#7418 = VECTOR('',#7419,1.);
#7419 = DIRECTION('',(1.,0.));
#7420 = ( GEOMETRIC_REPRESENTATION_CONTEXT(2) 
PARAMETRIC_REPRESENTATION_CONTEXT() REPRESENTATION_CONTEXT('2D SPACE',''
  ) );
#7421 = PCURVE('',#527,#7422);
#7422 = DEFINITIONAL_REPRESENTATION('',(#7423),#7427);
#7423 = LINE('',#7424,#7425);
#7424 = CARTESIAN_POINT('',(86.05,98.825));
#7425 = VECTOR('',#7426,1.);
#7426 = DIRECTION('',(-0.792169681219,-0.61030090624));
#7427 = ( GEOMETRIC_REPRESENTATION_CONTEXT(2) 
PARAMETRIC_REPRESENTATION_CONTEXT() REPRESENTATION_CONTEXT('2D SPACE',''
  ) );
#7428 = ORIENTED_EDGE('',*,*,#7429,.F.);
#7429 = EDGE_CURVE('',#7352,#7407,#7430,.T.);
#7430 = SURFACE_CURVE('',#7431,(#7435,#7442),.PCURVE_S1.);
#7431 = LINE('',#7432,#7433);
#7432 = CARTESIAN_POINT('',(-41.05,97.45,29.5));
#7433 = VECTOR('',#7434,1.);
#7434 = DIRECTION('',(0.,0.,-1.));
#7435 = PCURVE('',#5376,#7436);
#7436 = DEFINITIONAL_REPRESENTATION('',(#7437),#7441);
#7437 = LINE('',#7438,#7439);
#7438 = CARTESIAN_POINT('',(2.62,0.));
#7439 = VECTOR('',#7440,1.);
#7440 = DIRECTION('',(0.,1.));
#7441 = ( GEOMETRIC_REPRESENTATION_CONTEXT(2) 
PARAMETRIC_REPRESENTATION_CONTEXT() REPRESENTATION_CONTEXT('2D SPACE',''
  ) );
#7442 = PCURVE('',#7443,#7448);
#7443 = PLANE('',#7444);
#7444 = AXIS2_PLACEMENT_3D('',#7445,#7446,#7447);
#7445 = CARTESIAN_POINT('',(-41.05,97.45,29.5));
#7446 = DIRECTION('',(0.,1.,0.));
#7447 = DIRECTION('',(1.,0.,0.));
#7448 = DEFINITIONAL_REPRESENTATION('',(#7449),#7453);
#7449 = LINE('',#7450,#7451);
#7450 = CARTESIAN_POINT('',(0.,0.));
#7451 = VECTOR('',#7452,1.);
#7452 = DIRECTION('',(0.,1.));
#7453 = ( GEOMETRIC_REPRESENTATION_CONTEXT(2) 
PARAMETRIC_REPRESENTATION_CONTEXT() REPRESENTATION_CONTEXT('2D SPACE',''
  ) );
#7454 = ADVANCED_FACE('',(#7455),#195,.T.);
#7455 = FACE_BOUND('',#7456,.T.);
#7456 = EDGE_LOOP('',(#7457,#7481,#7502,#7503));
#7457 = ORIENTED_EDGE('',*,*,#7458,.F.);
#7458 = EDGE_CURVE('',#7459,#5419,#7461,.T.);
#7459 = VERTEX_POINT('',#7460);
#7460 = CARTESIAN_POINT('',(-6.26869227435,-92.0302961,0.125));
#7461 = SURFACE_CURVE('',#7462,(#7467,#7474),.PCURVE_S1.);
#7462 = CIRCLE('',#7463,6.26869227435);
#7463 = AXIS2_PLACEMENT_3D('',#7464,#7465,#7466);
#7464 = CARTESIAN_POINT('',(0.,-92.0302961,0.125));
#7465 = DIRECTION('',(-1.E-17,0.,-1.));
#7466 = DIRECTION('',(-1.,0.,1.E-17));
#7467 = PCURVE('',#195,#7468);
#7468 = DEFINITIONAL_REPRESENTATION('',(#7469),#7473);
#7469 = LINE('',#7470,#7471);
#7470 = CARTESIAN_POINT('',(6.28318530718,3.E-17));
#7471 = VECTOR('',#7472,1.);
#7472 = DIRECTION('',(-1.,-2.E-17));
#7473 = ( GEOMETRIC_REPRESENTATION_CONTEXT(2) 
PARAMETRIC_REPRESENTATION_CONTEXT() REPRESENTATION_CONTEXT('2D SPACE',''
  ) );
#7474 = PCURVE('',#2909,#7475);
#7475 = DEFINITIONAL_REPRESENTATION('',(#7476),#7480);
#7476 = CIRCLE('',#7477,6.26869227435);
#7477 = AXIS2_PLACEMENT_2D('',#7478,#7479);
#7478 = CARTESIAN_POINT('',(0.,0.));
#7479 = DIRECTION('',(-1.,0.));
#7480 = ( GEOMETRIC_REPRESENTATION_CONTEXT(2) 
PARAMETRIC_REPRESENTATION_CONTEXT() REPRESENTATION_CONTEXT('2D SPACE',''
  ) );
#7481 = ORIENTED_EDGE('',*,*,#7482,.T.);
#7482 = EDGE_CURVE('',#7459,#175,#7483,.T.);
#7483 = SURFACE_CURVE('',#7484,(#7488,#7495),.PCURVE_S1.);
#7484 = LINE('',#7485,#7486);
#7485 = CARTESIAN_POINT('',(-6.26869227435,-92.0302961,0.125));
#7486 = VECTOR('',#7487,1.);
#7487 = DIRECTION('',(0.,0.,1.));
#7488 = PCURVE('',#195,#7489);
#7489 = DEFINITIONAL_REPRESENTATION('',(#7490),#7494);
#7490 = LINE('',#7491,#7492);
#7491 = CARTESIAN_POINT('',(6.28318530718,0.));
#7492 = VECTOR('',#7493,1.);
#7493 = DIRECTION('',(0.,1.));
#7494 = ( GEOMETRIC_REPRESENTATION_CONTEXT(2) 
PARAMETRIC_REPRESENTATION_CONTEXT() REPRESENTATION_CONTEXT('2D SPACE',''
  ) );
#7495 = PCURVE('',#224,#7496);
#7496 = DEFINITIONAL_REPRESENTATION('',(#7497),#7501);
#7497 = LINE('',#7498,#7499);
#7498 = CARTESIAN_POINT('',(6.28318530718,0.));
#7499 = VECTOR('',#7500,1.);
#7500 = DIRECTION('',(0.,1.));
#7501 = ( GEOMETRIC_REPRESENTATION_CONTEXT(2) 
PARAMETRIC_REPRESENTATION_CONTEXT() REPRESENTATION_CONTEXT('2D SPACE',''
  ) );
#7502 = ORIENTED_EDGE('',*,*,#174,.F.);
#7503 = ORIENTED_EDGE('',*,*,#5418,.F.);
#7504 = ADVANCED_FACE('',(#7505),#891,.T.);
#7505 = FACE_BOUND('',#7506,.T.);
#7506 = EDGE_LOOP('',(#7507,#7508,#7531,#7580));
#7507 = ORIENTED_EDGE('',*,*,#863,.T.);
#7508 = ORIENTED_EDGE('',*,*,#7509,.T.);
#7509 = EDGE_CURVE('',#866,#7510,#7512,.T.);
#7510 = VERTEX_POINT('',#7511);
#7511 = CARTESIAN_POINT('',(-42.23569166731,-101.9102157214,
    29.320898376362));
#7512 = SURFACE_CURVE('',#7513,(#7517,#7524),.PCURVE_S1.);
#7513 = LINE('',#7514,#7515);
#7514 = CARTESIAN_POINT('',(-42.78489762195,-102.4594216761,
    4.151145814257));
#7515 = VECTOR('',#7516,1.);
#7516 = DIRECTION('',(2.180969615229E-02,2.180969615229E-02,
    0.999524223972));
#7517 = PCURVE('',#891,#7518);
#7518 = DEFINITIONAL_REPRESENTATION('',(#7519),#7523);
#7519 = LINE('',#7520,#7521);
#7520 = CARTESIAN_POINT('',(7.068345525964,-6.22E-15));
#7521 = VECTOR('',#7522,1.);
#7522 = DIRECTION('',(0.,1.));
#7523 = ( GEOMETRIC_REPRESENTATION_CONTEXT(2) 
PARAMETRIC_REPRESENTATION_CONTEXT() REPRESENTATION_CONTEXT('2D SPACE',''
  ) );
#7524 = PCURVE('',#1746,#7525);
#7525 = DEFINITIONAL_REPRESENTATION('',(#7526),#7530);
#7526 = LINE('',#7527,#7528);
#7527 = CARTESIAN_POINT('',(-177.6598976219,4.152133909688));
#7528 = VECTOR('',#7529,1.);
#7529 = DIRECTION('',(2.180969615229E-02,0.999762140288));
#7530 = ( GEOMETRIC_REPRESENTATION_CONTEXT(2) 
PARAMETRIC_REPRESENTATION_CONTEXT() REPRESENTATION_CONTEXT('2D SPACE',''
  ) );
#7531 = ORIENTED_EDGE('',*,*,#7532,.T.);
#7532 = EDGE_CURVE('',#7510,#7533,#7535,.T.);
#7533 = VERTEX_POINT('',#7534);
#7534 = CARTESIAN_POINT('',(-44.23521572147,-99.91069166731,
    29.320898376362));
#7535 = SURFACE_CURVE('',#7536,(#7541,#7548),.PCURVE_S1.);
#7536 = CIRCLE('',#7537,2.);
#7537 = AXIS2_PLACEMENT_3D('',#7538,#7539,#7540);
#7538 = CARTESIAN_POINT('',(-42.23569166731,-99.91069166731,
    29.277268606293));
#7539 = DIRECTION('',(-2.18096961523E-02,-2.18096961523E-02,
    -0.999524223972));
#7540 = DIRECTION('',(0.,-0.99976202708,2.181488503456E-02));
#7541 = PCURVE('',#891,#7542);
#7542 = DEFINITIONAL_REPRESENTATION('',(#7543),#7547);
#7543 = LINE('',#7544,#7545);
#7544 = CARTESIAN_POINT('',(7.068345525964,25.181733427205));
#7545 = VECTOR('',#7546,1.);
#7546 = DIRECTION('',(-1.,0.));
#7547 = ( GEOMETRIC_REPRESENTATION_CONTEXT(2) 
PARAMETRIC_REPRESENTATION_CONTEXT() REPRESENTATION_CONTEXT('2D SPACE',''
  ) );
#7548 = PCURVE('',#7549,#7575);
#7549 = B_SPLINE_SURFACE_WITH_KNOTS('',3,3,(
    (#7550,#7551,#7552,#7553,#7554)
    ,(#7555,#7556,#7557,#7558,#7559)
    ,(#7560,#7561,#7562,#7563,#7564)
    ,(#7565,#7566,#7567,#7568,#7569)
    ,(#7570,#7571,#7572,#7573,#7574
  )),.UNSPECIFIED.,.F.,.F.,.F.,(4,1,4),(4,1,4),(0.,0.571428571429,1.),(
    5.452E-14,0.885131263511,1.548979711145),.UNSPECIFIED.);
#7550 = CARTESIAN_POINT('',(-44.20853562755,-98.66098913346,
    30.543629770069));
#7551 = CARTESIAN_POINT('',(-44.20853562755,-99.02979382659,
    30.543629770069));
#7552 = CARTESIAN_POINT('',(-44.21518834915,-99.66850338559,
    30.238739855575));
#7553 = CARTESIAN_POINT('',(-44.22918164749,-99.90465759333,
    29.597436072062));
#7554 = CARTESIAN_POINT('',(-44.23521572147,-99.91069166731,
    29.320898376362));
#7555 = CARTESIAN_POINT('',(-44.19566293638,-98.66098913346,
    31.133576854229));
#7556 = CARTESIAN_POINT('',(-44.19566293638,-99.20467201403,
    31.133576854229));
#7557 = CARTESIAN_POINT('',(-44.20526680196,-100.1450456329,
    30.688171204685));
#7558 = CARTESIAN_POINT('',(-44.22592183453,-100.4979543795,
    29.743307768875));
#7559 = CARTESIAN_POINT('',(-44.23493110402,-100.508766685,
    29.333942209299));
#7560 = CARTESIAN_POINT('',(-43.68596919779,-98.66098913346,
    32.14486449939));
#7561 = CARTESIAN_POINT('',(-43.68596919779,-99.50534085292,
    32.14486449939));
#7562 = CARTESIAN_POINT('',(-43.69755113836,-100.9698312692,
    31.453124871633));
#7563 = CARTESIAN_POINT('',(-43.72208210617,-101.5253911203,
    29.983167756442));
#7564 = CARTESIAN_POINT('',(-43.73270499409,-101.5441735908,
    29.345576255652));
#7565 = CARTESIAN_POINT('',(-42.65157720515,-98.66098913346,32.5));
#7566 = CARTESIAN_POINT('',(-42.65157720515,-99.61746049191,32.5));
#7567 = CARTESIAN_POINT('',(-42.65971404564,-101.2735912441,
    31.713155578536));
#7568 = CARTESIAN_POINT('',(-42.67685105087,-101.8921241234,
    30.049894079662));
#7569 = CARTESIAN_POINT('',(-42.68424793063,-101.9100022583,
    29.330681251065));
#7570 = CARTESIAN_POINT('',(-42.20901157339,-98.66098913346,32.5));
#7571 = CARTESIAN_POINT('',(-42.20901157339,-99.6198813356,32.5));
#7572 = CARTESIAN_POINT('',(-42.21566429499,-101.2805261889,
    31.707286222315));
#7573 = CARTESIAN_POINT('',(-42.22965759333,-101.8945271291,
    30.039896385182));
#7574 = CARTESIAN_POINT('',(-42.23569166731,-101.9102157214,
    29.320898376362));
#7575 = DEFINITIONAL_REPRESENTATION('',(#7576),#7579);
#7576 = B_SPLINE_CURVE_WITH_KNOTS('',1,(#7577,#7578),.UNSPECIFIED.,.F.,
  .F.,(2,2),(0.,1.570320437568),.PIECEWISE_BEZIER_KNOTS.);
#7577 = CARTESIAN_POINT('',(1.,1.548979711145));
#7578 = CARTESIAN_POINT('',(6.19E-15,1.548979711145));
#7579 = ( GEOMETRIC_REPRESENTATION_CONTEXT(2) 
PARAMETRIC_REPRESENTATION_CONTEXT() REPRESENTATION_CONTEXT('2D SPACE',''
  ) );
#7580 = ORIENTED_EDGE('',*,*,#7581,.T.);
#7581 = EDGE_CURVE('',#7533,#864,#7582,.T.);
#7582 = SURFACE_CURVE('',#7583,(#7587,#7594),.PCURVE_S1.);
#7583 = LINE('',#7584,#7585);
#7584 = CARTESIAN_POINT('',(-44.78442167611,-100.4598976219,
    4.151145814257));
#7585 = VECTOR('',#7586,1.);
#7586 = DIRECTION('',(-2.180969615229E-02,-2.180969615229E-02,
    -0.999524223972));
#7587 = PCURVE('',#891,#7588);
#7588 = DEFINITIONAL_REPRESENTATION('',(#7589),#7593);
#7589 = LINE('',#7590,#7591);
#7590 = CARTESIAN_POINT('',(5.498025088396,-3.55E-15));
#7591 = VECTOR('',#7592,1.);
#7592 = DIRECTION('',(0.,-1.));
#7593 = ( GEOMETRIC_REPRESENTATION_CONTEXT(2) 
PARAMETRIC_REPRESENTATION_CONTEXT() REPRESENTATION_CONTEXT('2D SPACE',''
  ) );
#7594 = PCURVE('',#941,#7595);
#7595 = DEFINITIONAL_REPRESENTATION('',(#7596),#7600);
#7596 = LINE('',#7597,#7598);
#7597 = CARTESIAN_POINT('',(-203.0098976219,4.152133909688));
#7598 = VECTOR('',#7599,1.);
#7599 = DIRECTION('',(-2.180969615229E-02,-0.999762140288));
#7600 = ( GEOMETRIC_REPRESENTATION_CONTEXT(2) 
PARAMETRIC_REPRESENTATION_CONTEXT() REPRESENTATION_CONTEXT('2D SPACE',''
  ) );
#7601 = ADVANCED_FACE('',(#7602),#1025,.F.);
#7602 = FACE_BOUND('',#7603,.T.);
#7603 = EDGE_LOOP('',(#7604,#7629,#7650,#7651));
#7604 = ORIENTED_EDGE('',*,*,#7605,.F.);
#7605 = EDGE_CURVE('',#7606,#7608,#7610,.T.);
#7606 = VERTEX_POINT('',#7607);
#7607 = CARTESIAN_POINT('',(-40.55,-97.45,27.902633583067));
#7608 = VERTEX_POINT('',#7609);
#7609 = CARTESIAN_POINT('',(-41.05,-97.45,27.902633583067));
#7610 = SURFACE_CURVE('',#7611,(#7615,#7622),.PCURVE_S1.);
#7611 = LINE('',#7612,#7613);
#7612 = CARTESIAN_POINT('',(-40.80808609438,-97.45,27.902633583067));
#7613 = VECTOR('',#7614,1.);
#7614 = DIRECTION('',(-1.,0.,0.));
#7615 = PCURVE('',#1025,#7616);
#7616 = DEFINITIONAL_REPRESENTATION('',(#7617),#7621);
#7617 = LINE('',#7618,#7619);
#7618 = CARTESIAN_POINT('',(0.258086094385,1.597366416933));
#7619 = VECTOR('',#7620,1.);
#7620 = DIRECTION('',(1.,0.));
#7621 = ( GEOMETRIC_REPRESENTATION_CONTEXT(2) 
PARAMETRIC_REPRESENTATION_CONTEXT() REPRESENTATION_CONTEXT('2D SPACE',''
  ) );
#7622 = PCURVE('',#7367,#7623);
#7623 = DEFINITIONAL_REPRESENTATION('',(#7624),#7628);
#7624 = LINE('',#7625,#7626);
#7625 = CARTESIAN_POINT('',(0.258086094384,2.35));
#7626 = VECTOR('',#7627,1.);
#7627 = DIRECTION('',(-1.,0.));
#7628 = ( GEOMETRIC_REPRESENTATION_CONTEXT(2) 
PARAMETRIC_REPRESENTATION_CONTEXT() REPRESENTATION_CONTEXT('2D SPACE',''
  ) );
#7629 = ORIENTED_EDGE('',*,*,#7630,.T.);
#7630 = EDGE_CURVE('',#7606,#1010,#7631,.T.);
#7631 = SURFACE_CURVE('',#7632,(#7636,#7643),.PCURVE_S1.);
#7632 = LINE('',#7633,#7634);
#7633 = CARTESIAN_POINT('',(-40.55,-97.45,29.5));
#7634 = VECTOR('',#7635,1.);
#7635 = DIRECTION('',(0.,0.,-1.));
#7636 = PCURVE('',#1025,#7637);
#7637 = DEFINITIONAL_REPRESENTATION('',(#7638),#7642);
#7638 = LINE('',#7639,#7640);
#7639 = CARTESIAN_POINT('',(0.,-0.));
#7640 = VECTOR('',#7641,1.);
#7641 = DIRECTION('',(0.,1.));
#7642 = ( GEOMETRIC_REPRESENTATION_CONTEXT(2) 
PARAMETRIC_REPRESENTATION_CONTEXT() REPRESENTATION_CONTEXT('2D SPACE',''
  ) );
#7643 = PCURVE('',#1053,#7644);
#7644 = DEFINITIONAL_REPRESENTATION('',(#7645),#7649);
#7645 = LINE('',#7646,#7647);
#7646 = CARTESIAN_POINT('',(1.59898837435,0.));
#7647 = VECTOR('',#7648,1.);
#7648 = DIRECTION('',(0.,1.));
#7649 = ( GEOMETRIC_REPRESENTATION_CONTEXT(2) 
PARAMETRIC_REPRESENTATION_CONTEXT() REPRESENTATION_CONTEXT('2D SPACE',''
  ) );
#7650 = ORIENTED_EDGE('',*,*,#1009,.T.);
#7651 = ORIENTED_EDGE('',*,*,#7652,.F.);
#7652 = EDGE_CURVE('',#7608,#982,#7653,.T.);
#7653 = SURFACE_CURVE('',#7654,(#7658,#7665),.PCURVE_S1.);
#7654 = LINE('',#7655,#7656);
#7655 = CARTESIAN_POINT('',(-41.05,-97.45,29.5));
#7656 = VECTOR('',#7657,1.);
#7657 = DIRECTION('',(0.,0.,-1.));
#7658 = PCURVE('',#1025,#7659);
#7659 = DEFINITIONAL_REPRESENTATION('',(#7660),#7664);
#7660 = LINE('',#7661,#7662);
#7661 = CARTESIAN_POINT('',(0.5,0.));
#7662 = VECTOR('',#7663,1.);
#7663 = DIRECTION('',(0.,1.));
#7664 = ( GEOMETRIC_REPRESENTATION_CONTEXT(2) 
PARAMETRIC_REPRESENTATION_CONTEXT() REPRESENTATION_CONTEXT('2D SPACE',''
  ) );
#7665 = PCURVE('',#997,#7666);
#7666 = DEFINITIONAL_REPRESENTATION('',(#7667),#7671);
#7667 = LINE('',#7668,#7669);
#7668 = CARTESIAN_POINT('',(0.,0.));
#7669 = VECTOR('',#7670,1.);
#7670 = DIRECTION('',(-0.,1.));
#7671 = ( GEOMETRIC_REPRESENTATION_CONTEXT(2) 
PARAMETRIC_REPRESENTATION_CONTEXT() REPRESENTATION_CONTEXT('2D SPACE',''
  ) );
#7672 = ADVANCED_FACE('',(#7673),#7686,.T.);
#7673 = FACE_BOUND('',#7674,.T.);
#7674 = EDGE_LOOP('',(#7675,#7709,#7732,#7763));
#7675 = ORIENTED_EDGE('',*,*,#7676,.F.);
#7676 = EDGE_CURVE('',#7677,#7677,#7679,.T.);
#7677 = VERTEX_POINT('',#7678);
#7678 = CARTESIAN_POINT('',(-11.075,24.9,28.));
#7679 = SURFACE_CURVE('',#7680,(#7685,#7697),.PCURVE_S1.);
#7680 = CIRCLE('',#7681,4.);
#7681 = AXIS2_PLACEMENT_3D('',#7682,#7683,#7684);
#7682 = CARTESIAN_POINT('',(-15.075,24.9,28.));
#7683 = DIRECTION('',(0.,0.,1.));
#7684 = DIRECTION('',(1.,0.,0.));
#7685 = PCURVE('',#7686,#7691);
#7686 = CYLINDRICAL_SURFACE('',#7687,4.);
#7687 = AXIS2_PLACEMENT_3D('',#7688,#7689,#7690);
#7688 = CARTESIAN_POINT('',(-15.075,24.9,26.825));
#7689 = DIRECTION('',(0.,0.,1.));
#7690 = DIRECTION('',(-1.,0.,0.));
#7691 = DEFINITIONAL_REPRESENTATION('',(#7692),#7696);
#7692 = LINE('',#7693,#7694);
#7693 = CARTESIAN_POINT('',(-3.14159265359,1.175));
#7694 = VECTOR('',#7695,1.);
#7695 = DIRECTION('',(1.,0.));
#7696 = ( GEOMETRIC_REPRESENTATION_CONTEXT(2) 
PARAMETRIC_REPRESENTATION_CONTEXT() REPRESENTATION_CONTEXT('2D SPACE',''
  ) );
#7697 = PCURVE('',#7698,#7703);
#7698 = TOROIDAL_SURFACE('',#7699,5.5,1.5);
#7699 = AXIS2_PLACEMENT_3D('',#7700,#7701,#7702);
#7700 = CARTESIAN_POINT('',(-15.075,24.9,28.));
#7701 = DIRECTION('',(1.266E-14,-1.83E-15,1.));
#7702 = DIRECTION('',(-1.,0.,1.266E-14));
#7703 = DEFINITIONAL_REPRESENTATION('',(#7704),#7708);
#7704 = LINE('',#7705,#7706);
#7705 = CARTESIAN_POINT('',(3.14159265359,3.14159265359));
#7706 = VECTOR('',#7707,1.);
#7707 = DIRECTION('',(1.,0.));
#7708 = ( GEOMETRIC_REPRESENTATION_CONTEXT(2) 
PARAMETRIC_REPRESENTATION_CONTEXT() REPRESENTATION_CONTEXT('2D SPACE',''
  ) );
#7709 = ORIENTED_EDGE('',*,*,#7710,.T.);
#7710 = EDGE_CURVE('',#7677,#7711,#7713,.T.);
#7711 = VERTEX_POINT('',#7712);
#7712 = CARTESIAN_POINT('',(-11.075,24.9,25.65));
#7713 = SEAM_CURVE('',#7714,(#7718,#7725),.PCURVE_S1.);
#7714 = LINE('',#7715,#7716);
#7715 = CARTESIAN_POINT('',(-11.075,24.9,26.825));
#7716 = VECTOR('',#7717,1.);
#7717 = DIRECTION('',(0.,0.,-1.));
#7718 = PCURVE('',#7686,#7719);
#7719 = DEFINITIONAL_REPRESENTATION('',(#7720),#7724);
#7720 = LINE('',#7721,#7722);
#7721 = CARTESIAN_POINT('',(-3.14159265359,0.));
#7722 = VECTOR('',#7723,1.);
#7723 = DIRECTION('',(0.,-1.));
#7724 = ( GEOMETRIC_REPRESENTATION_CONTEXT(2) 
PARAMETRIC_REPRESENTATION_CONTEXT() REPRESENTATION_CONTEXT('2D SPACE',''
  ) );
#7725 = PCURVE('',#7686,#7726);
#7726 = DEFINITIONAL_REPRESENTATION('',(#7727),#7731);
#7727 = LINE('',#7728,#7729);
#7728 = CARTESIAN_POINT('',(3.14159265359,0.));
#7729 = VECTOR('',#7730,1.);
#7730 = DIRECTION('',(0.,-1.));
#7731 = ( GEOMETRIC_REPRESENTATION_CONTEXT(2) 
PARAMETRIC_REPRESENTATION_CONTEXT() REPRESENTATION_CONTEXT('2D SPACE',''
  ) );
#7732 = ORIENTED_EDGE('',*,*,#7733,.F.);
#7733 = EDGE_CURVE('',#7711,#7711,#7734,.T.);
#7734 = SURFACE_CURVE('',#7735,(#7740,#7747),.PCURVE_S1.);
#7735 = CIRCLE('',#7736,4.);
#7736 = AXIS2_PLACEMENT_3D('',#7737,#7738,#7739);
#7737 = CARTESIAN_POINT('',(-15.075,24.9,25.65));
#7738 = DIRECTION('',(0.,0.,-1.));
#7739 = DIRECTION('',(1.,0.,0.));
#7740 = PCURVE('',#7686,#7741);
#7741 = DEFINITIONAL_REPRESENTATION('',(#7742),#7746);
#7742 = LINE('',#7743,#7744);
#7743 = CARTESIAN_POINT('',(3.14159265359,-1.175));
#7744 = VECTOR('',#7745,1.);
#7745 = DIRECTION('',(-1.,0.));
#7746 = ( GEOMETRIC_REPRESENTATION_CONTEXT(2) 
PARAMETRIC_REPRESENTATION_CONTEXT() REPRESENTATION_CONTEXT('2D SPACE',''
  ) );
#7747 = PCURVE('',#7748,#7753);
#7748 = PLANE('',#7749);
#7749 = AXIS2_PLACEMENT_3D('',#7750,#7751,#7752);
#7750 = CARTESIAN_POINT('',(-15.075,20.9,25.65));
#7751 = DIRECTION('',(0.,0.,1.));
#7752 = DIRECTION('',(-1.,0.,0.));
#7753 = DEFINITIONAL_REPRESENTATION('',(#7754),#7762);
#7754 = ( BOUNDED_CURVE() B_SPLINE_CURVE(2,(#7755,#7756,#7757,#7758,
#7759,#7760,#7761),.UNSPECIFIED.,.T.,.F.) B_SPLINE_CURVE_WITH_KNOTS((1,2
    ,2,2,2,1),(-2.094395102393,0.,2.094395102393,4.188790204786,
6.28318530718,8.377580409573),.UNSPECIFIED.) CURVE() 
GEOMETRIC_REPRESENTATION_ITEM() RATIONAL_B_SPLINE_CURVE((1.,0.5,1.,0.5,
1.,0.5,1.)) REPRESENTATION_ITEM('') );
#7755 = CARTESIAN_POINT('',(-4.,-4.));
#7756 = CARTESIAN_POINT('',(-4.,2.928203230276));
#7757 = CARTESIAN_POINT('',(2.,-0.535898384862));
#7758 = CARTESIAN_POINT('',(8.,-4.));
#7759 = CARTESIAN_POINT('',(2.,-7.464101615138));
#7760 = CARTESIAN_POINT('',(-4.,-10.92820323027));
#7761 = CARTESIAN_POINT('',(-4.,-4.));
#7762 = ( GEOMETRIC_REPRESENTATION_CONTEXT(2) 
PARAMETRIC_REPRESENTATION_CONTEXT() REPRESENTATION_CONTEXT('2D SPACE',''
  ) );
#7763 = ORIENTED_EDGE('',*,*,#7710,.F.);
#7764 = ADVANCED_FACE('',(#7765),#553,.T.);
#7765 = FACE_BOUND('',#7766,.T.);
#7766 = EDGE_LOOP('',(#7767,#7790,#7791,#7814));
#7767 = ORIENTED_EDGE('',*,*,#7768,.F.);
#7768 = EDGE_CURVE('',#456,#7769,#7771,.T.);
#7769 = VERTEX_POINT('',#7770);
#7770 = CARTESIAN_POINT('',(-18.65,97.655296084497,29.5));
#7771 = SURFACE_CURVE('',#7772,(#7776,#7783),.PCURVE_S1.);
#7772 = LINE('',#7773,#7774);
#7773 = CARTESIAN_POINT('',(-18.65,96.155296084497,29.5));
#7774 = VECTOR('',#7775,1.);
#7775 = DIRECTION('',(0.,1.,0.));
#7776 = PCURVE('',#553,#7777);
#7777 = DEFINITIONAL_REPRESENTATION('',(#7778),#7782);
#7778 = LINE('',#7779,#7780);
#7779 = CARTESIAN_POINT('',(-29.5,-2.143692289853));
#7780 = VECTOR('',#7781,1.);
#7781 = DIRECTION('',(0.,1.));
#7782 = ( GEOMETRIC_REPRESENTATION_CONTEXT(2) 
PARAMETRIC_REPRESENTATION_CONTEXT() REPRESENTATION_CONTEXT('2D SPACE',''
  ) );
#7783 = PCURVE('',#275,#7784);
#7784 = DEFINITIONAL_REPRESENTATION('',(#7785),#7789);
#7785 = LINE('',#7786,#7787);
#7786 = CARTESIAN_POINT('',(-63.65,-96.15529608449));
#7787 = VECTOR('',#7788,1.);
#7788 = DIRECTION('',(0.,-1.));
#7789 = ( GEOMETRIC_REPRESENTATION_CONTEXT(2) 
PARAMETRIC_REPRESENTATION_CONTEXT() REPRESENTATION_CONTEXT('2D SPACE',''
  ) );
#7790 = ORIENTED_EDGE('',*,*,#539,.F.);
#7791 = ORIENTED_EDGE('',*,*,#7792,.T.);
#7792 = EDGE_CURVE('',#512,#7793,#7795,.T.);
#7793 = VERTEX_POINT('',#7794);
#7794 = CARTESIAN_POINT('',(-18.65,98.29898837435,1.1E-14));
#7795 = SURFACE_CURVE('',#7796,(#7800,#7807),.PCURVE_S1.);
#7796 = LINE('',#7797,#7798);
#7797 = CARTESIAN_POINT('',(-18.65,96.79898837435,1.051E-14));
#7798 = VECTOR('',#7799,1.);
#7799 = DIRECTION('',(0.,1.,0.));
#7800 = PCURVE('',#553,#7801);
#7801 = DEFINITIONAL_REPRESENTATION('',(#7802),#7806);
#7802 = LINE('',#7803,#7804);
#7803 = CARTESIAN_POINT('',(0.,-1.5));
#7804 = VECTOR('',#7805,1.);
#7805 = DIRECTION('',(0.,1.));
#7806 = ( GEOMETRIC_REPRESENTATION_CONTEXT(2) 
PARAMETRIC_REPRESENTATION_CONTEXT() REPRESENTATION_CONTEXT('2D SPACE',''
  ) );
#7807 = PCURVE('',#527,#7808);
#7808 = DEFINITIONAL_REPRESENTATION('',(#7809),#7813);
#7809 = LINE('',#7810,#7811);
#7810 = CARTESIAN_POINT('',(63.65,98.17398837435));
#7811 = VECTOR('',#7812,1.);
#7812 = DIRECTION('',(0.,1.));
#7813 = ( GEOMETRIC_REPRESENTATION_CONTEXT(2) 
PARAMETRIC_REPRESENTATION_CONTEXT() REPRESENTATION_CONTEXT('2D SPACE',''
  ) );
#7814 = ORIENTED_EDGE('',*,*,#7815,.F.);
#7815 = EDGE_CURVE('',#7769,#7793,#7816,.T.);
#7816 = SURFACE_CURVE('',#7817,(#7821,#7828),.PCURVE_S1.);
#7817 = LINE('',#7818,#7819);
#7818 = CARTESIAN_POINT('',(-18.65,97.655296084497,29.5));
#7819 = VECTOR('',#7820,1.);
#7820 = DIRECTION('',(0.,2.181488503456E-02,-0.99976202708));
#7821 = PCURVE('',#553,#7822);
#7822 = DEFINITIONAL_REPRESENTATION('',(#7823),#7827);
#7823 = LINE('',#7824,#7825);
#7824 = CARTESIAN_POINT('',(-29.5,-0.643692289853));
#7825 = VECTOR('',#7826,1.);
#7826 = DIRECTION('',(0.99976202708,2.181488503456E-02));
#7827 = ( GEOMETRIC_REPRESENTATION_CONTEXT(2) 
PARAMETRIC_REPRESENTATION_CONTEXT() REPRESENTATION_CONTEXT('2D SPACE',''
  ) );
#7828 = PCURVE('',#7829,#7834);
#7829 = PLANE('',#7830);
#7830 = AXIS2_PLACEMENT_3D('',#7831,#7832,#7833);
#7831 = CARTESIAN_POINT('',(-44.875,98.30101138491,-9.271326139688E-02)
  );
#7832 = DIRECTION('',(0.,0.99976202708,2.181488503456E-02));
#7833 = DIRECTION('',(-1.,0.,0.));
#7834 = DEFINITIONAL_REPRESENTATION('',(#7835),#7839);
#7835 = LINE('',#7836,#7837);
#7836 = CARTESIAN_POINT('',(-26.225,29.599757202052));
#7837 = VECTOR('',#7838,1.);
#7838 = DIRECTION('',(0.,-1.));
#7839 = ( GEOMETRIC_REPRESENTATION_CONTEXT(2) 
PARAMETRIC_REPRESENTATION_CONTEXT() REPRESENTATION_CONTEXT('2D SPACE',''
  ) );
#7840 = ADVANCED_FACE('',(#7841),#7333,.F.);
#7841 = FACE_BOUND('',#7842,.F.);
#7842 = EDGE_LOOP('',(#7843,#7867,#7889,#7890));
#7843 = ORIENTED_EDGE('',*,*,#7844,.T.);
#7844 = EDGE_CURVE('',#7296,#7845,#7847,.T.);
#7845 = VERTEX_POINT('',#7846);
#7846 = CARTESIAN_POINT('',(20.575,-25.1,29.5));
#7847 = SEAM_CURVE('',#7848,(#7853,#7860),.PCURVE_S1.);
#7848 = CIRCLE('',#7849,1.5);
#7849 = AXIS2_PLACEMENT_3D('',#7850,#7851,#7852);
#7850 = CARTESIAN_POINT('',(20.575,-25.1,28.));
#7851 = DIRECTION('',(0.,1.,6.9E-16));
#7852 = DIRECTION('',(1.,1.05087E-29,-1.523E-14));
#7853 = PCURVE('',#7333,#7854);
#7854 = DEFINITIONAL_REPRESENTATION('',(#7855),#7859);
#7855 = LINE('',#7856,#7857);
#7856 = CARTESIAN_POINT('',(-3.14159265359,6.28318530718));
#7857 = VECTOR('',#7858,1.);
#7858 = DIRECTION('',(2.8E-16,-1.));
#7859 = ( GEOMETRIC_REPRESENTATION_CONTEXT(2) 
PARAMETRIC_REPRESENTATION_CONTEXT() REPRESENTATION_CONTEXT('2D SPACE',''
  ) );
#7860 = PCURVE('',#7333,#7861);
#7861 = DEFINITIONAL_REPRESENTATION('',(#7862),#7866);
#7862 = LINE('',#7863,#7864);
#7863 = CARTESIAN_POINT('',(3.14159265359,6.28318530718));
#7864 = VECTOR('',#7865,1.);
#7865 = DIRECTION('',(2.8E-16,-1.));
#7866 = ( GEOMETRIC_REPRESENTATION_CONTEXT(2) 
PARAMETRIC_REPRESENTATION_CONTEXT() REPRESENTATION_CONTEXT('2D SPACE',''
  ) );
#7867 = ORIENTED_EDGE('',*,*,#7868,.F.);
#7868 = EDGE_CURVE('',#7845,#7845,#7869,.T.);
#7869 = SURFACE_CURVE('',#7870,(#7875,#7882),.PCURVE_S1.);
#7870 = CIRCLE('',#7871,5.5);
#7871 = AXIS2_PLACEMENT_3D('',#7872,#7873,#7874);
#7872 = CARTESIAN_POINT('',(15.075,-25.1,29.5));
#7873 = DIRECTION('',(0.,0.,-1.));
#7874 = DIRECTION('',(-1.,0.,0.));
#7875 = PCURVE('',#7333,#7876);
#7876 = DEFINITIONAL_REPRESENTATION('',(#7877),#7881);
#7877 = LINE('',#7878,#7879);
#7878 = CARTESIAN_POINT('',(6.28318530718,1.570796326795));
#7879 = VECTOR('',#7880,1.);
#7880 = DIRECTION('',(-1.,0.));
#7881 = ( GEOMETRIC_REPRESENTATION_CONTEXT(2) 
PARAMETRIC_REPRESENTATION_CONTEXT() REPRESENTATION_CONTEXT('2D SPACE',''
  ) );
#7882 = PCURVE('',#67,#7883);
#7883 = DEFINITIONAL_REPRESENTATION('',(#7884),#7888);
#7884 = CIRCLE('',#7885,5.5);
#7885 = AXIS2_PLACEMENT_2D('',#7886,#7887);
#7886 = CARTESIAN_POINT('',(60.075,25.1));
#7887 = DIRECTION('',(-1.,0.));
#7888 = ( GEOMETRIC_REPRESENTATION_CONTEXT(2) 
PARAMETRIC_REPRESENTATION_CONTEXT() REPRESENTATION_CONTEXT('2D SPACE',''
  ) );
#7889 = ORIENTED_EDGE('',*,*,#7844,.F.);
#7890 = ORIENTED_EDGE('',*,*,#7318,.F.);
#7891 = ADVANCED_FACE('',(#7892,#8322,#8353,#8356,#8359),#67,.T.);
#7892 = FACE_BOUND('',#7893,.T.);
#7893 = EDGE_LOOP('',(#7894,#7917,#7918,#7939,#7940,#7941,#7964,#7985,
    #7986,#8007,#8008,#8031,#8059,#8087,#8115,#8143,#8164,#8165,#8188,
    #8211,#8234,#8255,#8256,#8257,#8278,#8279,#8300,#8301));
#7894 = ORIENTED_EDGE('',*,*,#7895,.F.);
#7895 = EDGE_CURVE('',#113,#7896,#7898,.T.);
#7896 = VERTEX_POINT('',#7897);
#7897 = CARTESIAN_POINT('',(18.65,-97.65529608449,29.5));
#7898 = SURFACE_CURVE('',#7899,(#7903,#7910),.PCURVE_S1.);
#7899 = LINE('',#7900,#7901);
#7900 = CARTESIAN_POINT('',(-108.65,-97.65529608449,29.5));
#7901 = VECTOR('',#7902,1.);
#7902 = DIRECTION('',(1.,0.,0.));
#7903 = PCURVE('',#67,#7904);
#7904 = DEFINITIONAL_REPRESENTATION('',(#7905),#7909);
#7905 = LINE('',#7906,#7907);
#7906 = CARTESIAN_POINT('',(-63.65,97.655296084497));
#7907 = VECTOR('',#7908,1.);
#7908 = DIRECTION('',(1.,0.));
#7909 = ( GEOMETRIC_REPRESENTATION_CONTEXT(2) 
PARAMETRIC_REPRESENTATION_CONTEXT() REPRESENTATION_CONTEXT('2D SPACE',''
  ) );
#7910 = PCURVE('',#6263,#7911);
#7911 = DEFINITIONAL_REPRESENTATION('',(#7912),#7916);
#7912 = LINE('',#7913,#7914);
#7913 = CARTESIAN_POINT('',(-153.525,29.599757202052));
#7914 = VECTOR('',#7915,1.);
#7915 = DIRECTION('',(1.,0.));
#7916 = ( GEOMETRIC_REPRESENTATION_CONTEXT(2) 
PARAMETRIC_REPRESENTATION_CONTEXT() REPRESENTATION_CONTEXT('2D SPACE',''
  ) );
#7917 = ORIENTED_EDGE('',*,*,#429,.T.);
#7918 = ORIENTED_EDGE('',*,*,#7919,.F.);
#7919 = EDGE_CURVE('',#7145,#407,#7920,.T.);
#7920 = SURFACE_CURVE('',#7921,(#7925,#7932),.PCURVE_S1.);
#7921 = LINE('',#7922,#7923);
#7922 = CARTESIAN_POINT('',(18.65,97.655296084497,29.5));
#7923 = VECTOR('',#7924,1.);
#7924 = DIRECTION('',(-1.,0.,0.));
#7925 = PCURVE('',#67,#7926);
#7926 = DEFINITIONAL_REPRESENTATION('',(#7927),#7931);
#7927 = LINE('',#7928,#7929);
#7928 = CARTESIAN_POINT('',(63.65,-97.65529608449));
#7929 = VECTOR('',#7930,1.);
#7930 = DIRECTION('',(-1.,0.));
#7931 = ( GEOMETRIC_REPRESENTATION_CONTEXT(2) 
PARAMETRIC_REPRESENTATION_CONTEXT() REPRESENTATION_CONTEXT('2D SPACE',''
  ) );
#7932 = PCURVE('',#7183,#7933);
#7933 = DEFINITIONAL_REPRESENTATION('',(#7934),#7938);
#7934 = LINE('',#7935,#7936);
#7935 = CARTESIAN_POINT('',(-153.525,29.599757202052));
#7936 = VECTOR('',#7937,1.);
#7937 = DIRECTION('',(1.,0.));
#7938 = ( GEOMETRIC_REPRESENTATION_CONTEXT(2) 
PARAMETRIC_REPRESENTATION_CONTEXT() REPRESENTATION_CONTEXT('2D SPACE',''
  ) );
#7939 = ORIENTED_EDGE('',*,*,#7144,.T.);
#7940 = ORIENTED_EDGE('',*,*,#3770,.T.);
#7941 = ORIENTED_EDGE('',*,*,#7942,.T.);
#7942 = EDGE_CURVE('',#3773,#7943,#7945,.T.);
#7943 = VERTEX_POINT('',#7944);
#7944 = CARTESIAN_POINT('',(20.4,97.655296084497,29.5));
#7945 = SURFACE_CURVE('',#7946,(#7950,#7957),.PCURVE_S1.);
#7946 = LINE('',#7947,#7948);
#7947 = CARTESIAN_POINT('',(20.4,96.155296084497,29.5));
#7948 = VECTOR('',#7949,1.);
#7949 = DIRECTION('',(0.,1.,0.));
#7950 = PCURVE('',#67,#7951);
#7951 = DEFINITIONAL_REPRESENTATION('',(#7952),#7956);
#7952 = LINE('',#7953,#7954);
#7953 = CARTESIAN_POINT('',(65.4,-96.15529608449));
#7954 = VECTOR('',#7955,1.);
#7955 = DIRECTION('',(0.,-1.));
#7956 = ( GEOMETRIC_REPRESENTATION_CONTEXT(2) 
PARAMETRIC_REPRESENTATION_CONTEXT() REPRESENTATION_CONTEXT('2D SPACE',''
  ) );
#7957 = PCURVE('',#3865,#7958);
#7958 = DEFINITIONAL_REPRESENTATION('',(#7959),#7963);
#7959 = LINE('',#7960,#7961);
#7960 = CARTESIAN_POINT('',(14.75,2.143692289853));
#7961 = VECTOR('',#7962,1.);
#7962 = DIRECTION('',(0.,-1.));
#7963 = ( GEOMETRIC_REPRESENTATION_CONTEXT(2) 
PARAMETRIC_REPRESENTATION_CONTEXT() REPRESENTATION_CONTEXT('2D SPACE',''
  ) );
#7964 = ORIENTED_EDGE('',*,*,#7965,.F.);
#7965 = EDGE_CURVE('',#5088,#7943,#7966,.T.);
#7966 = SURFACE_CURVE('',#7967,(#7971,#7978),.PCURVE_S1.);
#7967 = LINE('',#7968,#7969);
#7968 = CARTESIAN_POINT('',(22.45,97.655296084497,29.5));
#7969 = VECTOR('',#7970,1.);
#7970 = DIRECTION('',(-1.,0.,0.));
#7971 = PCURVE('',#67,#7972);
#7972 = DEFINITIONAL_REPRESENTATION('',(#7973),#7977);
#7973 = LINE('',#7974,#7975);
#7974 = CARTESIAN_POINT('',(67.45,-97.65529608449));
#7975 = VECTOR('',#7976,1.);
#7976 = DIRECTION('',(-1.,0.));
#7977 = ( GEOMETRIC_REPRESENTATION_CONTEXT(2) 
PARAMETRIC_REPRESENTATION_CONTEXT() REPRESENTATION_CONTEXT('2D SPACE',''
  ) );
#7978 = PCURVE('',#5133,#7979);
#7979 = DEFINITIONAL_REPRESENTATION('',(#7980),#7984);
#7980 = LINE('',#7981,#7982);
#7981 = CARTESIAN_POINT('',(-157.325,29.599757202052));
#7982 = VECTOR('',#7983,1.);
#7983 = DIRECTION('',(1.,0.));
#7984 = ( GEOMETRIC_REPRESENTATION_CONTEXT(2) 
PARAMETRIC_REPRESENTATION_CONTEXT() REPRESENTATION_CONTEXT('2D SPACE',''
  ) );
#7985 = ORIENTED_EDGE('',*,*,#5087,.T.);
#7986 = ORIENTED_EDGE('',*,*,#7987,.T.);
#7987 = EDGE_CURVE('',#5090,#6887,#7988,.T.);
#7988 = SURFACE_CURVE('',#7989,(#7993,#8000),.PCURVE_S1.);
#7989 = LINE('',#7990,#7991);
#7990 = CARTESIAN_POINT('',(22.45,96.155296084497,29.5));
#7991 = VECTOR('',#7992,1.);
#7992 = DIRECTION('',(1.,0.,0.));
#7993 = PCURVE('',#67,#7994);
#7994 = DEFINITIONAL_REPRESENTATION('',(#7995),#7999);
#7995 = LINE('',#7996,#7997);
#7996 = CARTESIAN_POINT('',(67.45,-96.15529608449));
#7997 = VECTOR('',#7998,1.);
#7998 = DIRECTION('',(1.,0.));
#7999 = ( GEOMETRIC_REPRESENTATION_CONTEXT(2) 
PARAMETRIC_REPRESENTATION_CONTEXT() REPRESENTATION_CONTEXT('2D SPACE',''
  ) );
#8000 = PCURVE('',#5182,#8001);
#8001 = DEFINITIONAL_REPRESENTATION('',(#8002),#8006);
#8002 = LINE('',#8003,#8004);
#8003 = CARTESIAN_POINT('',(-14.75351093607,-1.75));
#8004 = VECTOR('',#8005,1.);
#8005 = DIRECTION('',(0.,1.));
#8006 = ( GEOMETRIC_REPRESENTATION_CONTEXT(2) 
PARAMETRIC_REPRESENTATION_CONTEXT() REPRESENTATION_CONTEXT('2D SPACE',''
  ) );
#8007 = ORIENTED_EDGE('',*,*,#6886,.T.);
#8008 = ORIENTED_EDGE('',*,*,#8009,.F.);
#8009 = EDGE_CURVE('',#8010,#6889,#8012,.T.);
#8010 = VERTEX_POINT('',#8011);
#8011 = CARTESIAN_POINT('',(26.25,97.655296084497,29.5));
#8012 = SURFACE_CURVE('',#8013,(#8017,#8024),.PCURVE_S1.);
#8013 = LINE('',#8014,#8015);
#8014 = CARTESIAN_POINT('',(26.25,97.655296084497,29.5));
#8015 = VECTOR('',#8016,1.);
#8016 = DIRECTION('',(-1.,0.,0.));
#8017 = PCURVE('',#67,#8018);
#8018 = DEFINITIONAL_REPRESENTATION('',(#8019),#8023);
#8019 = LINE('',#8020,#8021);
#8020 = CARTESIAN_POINT('',(71.25,-97.65529608449));
#8021 = VECTOR('',#8022,1.);
#8022 = DIRECTION('',(-1.,0.));
#8023 = ( GEOMETRIC_REPRESENTATION_CONTEXT(2) 
PARAMETRIC_REPRESENTATION_CONTEXT() REPRESENTATION_CONTEXT('2D SPACE',''
  ) );
#8024 = PCURVE('',#6976,#8025);
#8025 = DEFINITIONAL_REPRESENTATION('',(#8026),#8030);
#8026 = LINE('',#8027,#8028);
#8027 = CARTESIAN_POINT('',(-161.125,29.599757202052));
#8028 = VECTOR('',#8029,1.);
#8029 = DIRECTION('',(1.,0.));
#8030 = ( GEOMETRIC_REPRESENTATION_CONTEXT(2) 
PARAMETRIC_REPRESENTATION_CONTEXT() REPRESENTATION_CONTEXT('2D SPACE',''
  ) );
#8031 = ORIENTED_EDGE('',*,*,#8032,.T.);
#8032 = EDGE_CURVE('',#8010,#8033,#8035,.T.);
#8033 = VERTEX_POINT('',#8034);
#8034 = CARTESIAN_POINT('',(26.25,96.155296084497,29.5));
#8035 = SURFACE_CURVE('',#8036,(#8040,#8047),.PCURVE_S1.);
#8036 = LINE('',#8037,#8038);
#8037 = CARTESIAN_POINT('',(26.25,97.655296084497,29.5));
#8038 = VECTOR('',#8039,1.);
#8039 = DIRECTION('',(0.,-1.,0.));
#8040 = PCURVE('',#67,#8041);
#8041 = DEFINITIONAL_REPRESENTATION('',(#8042),#8046);
#8042 = LINE('',#8043,#8044);
#8043 = CARTESIAN_POINT('',(71.25,-97.65529608449));
#8044 = VECTOR('',#8045,1.);
#8045 = DIRECTION('',(0.,1.));
#8046 = ( GEOMETRIC_REPRESENTATION_CONTEXT(2) 
PARAMETRIC_REPRESENTATION_CONTEXT() REPRESENTATION_CONTEXT('2D SPACE',''
  ) );
#8047 = PCURVE('',#8048,#8053);
#8048 = PLANE('',#8049);
#8049 = AXIS2_PLACEMENT_3D('',#8050,#8051,#8052);
#8050 = CARTESIAN_POINT('',(26.25,98.29898837435,14.75));
#8051 = DIRECTION('',(-1.,0.,0.));
#8052 = DIRECTION('',(0.,0.,-1.));
#8053 = DEFINITIONAL_REPRESENTATION('',(#8054),#8058);
#8054 = LINE('',#8055,#8056);
#8055 = CARTESIAN_POINT('',(-14.75,0.643692289853));
#8056 = VECTOR('',#8057,1.);
#8057 = DIRECTION('',(0.,1.));
#8058 = ( GEOMETRIC_REPRESENTATION_CONTEXT(2) 
PARAMETRIC_REPRESENTATION_CONTEXT() REPRESENTATION_CONTEXT('2D SPACE',''
  ) );
#8059 = ORIENTED_EDGE('',*,*,#8060,.T.);
#8060 = EDGE_CURVE('',#8033,#8061,#8063,.T.);
#8061 = VERTEX_POINT('',#8062);
#8062 = CARTESIAN_POINT('',(28.,96.155296084497,29.5));
#8063 = SURFACE_CURVE('',#8064,(#8068,#8075),.PCURVE_S1.);
#8064 = LINE('',#8065,#8066);
#8065 = CARTESIAN_POINT('',(26.25,96.155296084497,29.5));
#8066 = VECTOR('',#8067,1.);
#8067 = DIRECTION('',(1.,0.,0.));
#8068 = PCURVE('',#67,#8069);
#8069 = DEFINITIONAL_REPRESENTATION('',(#8070),#8074);
#8070 = LINE('',#8071,#8072);
#8071 = CARTESIAN_POINT('',(71.25,-96.15529608449));
#8072 = VECTOR('',#8073,1.);
#8073 = DIRECTION('',(1.,0.));
#8074 = ( GEOMETRIC_REPRESENTATION_CONTEXT(2) 
PARAMETRIC_REPRESENTATION_CONTEXT() REPRESENTATION_CONTEXT('2D SPACE',''
  ) );
#8075 = PCURVE('',#8076,#8081);
#8076 = PLANE('',#8077);
#8077 = AXIS2_PLACEMENT_3D('',#8078,#8079,#8080);
#8078 = CARTESIAN_POINT('',(28.,96.477142229423,14.75));
#8079 = DIRECTION('',(-1.016E-14,-0.99976202708,-2.181488503456E-02));
#8080 = DIRECTION('',(0.,2.181488503456E-02,-0.99976202708));
#8081 = DEFINITIONAL_REPRESENTATION('',(#8082),#8086);
#8082 = LINE('',#8083,#8084);
#8083 = CARTESIAN_POINT('',(-14.75351093607,-1.75));
#8084 = VECTOR('',#8085,1.);
#8085 = DIRECTION('',(0.,1.));
#8086 = ( GEOMETRIC_REPRESENTATION_CONTEXT(2) 
PARAMETRIC_REPRESENTATION_CONTEXT() REPRESENTATION_CONTEXT('2D SPACE',''
  ) );
#8087 = ORIENTED_EDGE('',*,*,#8088,.T.);
#8088 = EDGE_CURVE('',#8061,#8089,#8091,.T.);
#8089 = VERTEX_POINT('',#8090);
#8090 = CARTESIAN_POINT('',(28.,97.655296084497,29.5));
#8091 = SURFACE_CURVE('',#8092,(#8096,#8103),.PCURVE_S1.);
#8092 = LINE('',#8093,#8094);
#8093 = CARTESIAN_POINT('',(28.,96.155296084497,29.5));
#8094 = VECTOR('',#8095,1.);
#8095 = DIRECTION('',(0.,1.,0.));
#8096 = PCURVE('',#67,#8097);
#8097 = DEFINITIONAL_REPRESENTATION('',(#8098),#8102);
#8098 = LINE('',#8099,#8100);
#8099 = CARTESIAN_POINT('',(73.,-96.15529608449));
#8100 = VECTOR('',#8101,1.);
#8101 = DIRECTION('',(0.,-1.));
#8102 = ( GEOMETRIC_REPRESENTATION_CONTEXT(2) 
PARAMETRIC_REPRESENTATION_CONTEXT() REPRESENTATION_CONTEXT('2D SPACE',''
  ) );
#8103 = PCURVE('',#8104,#8109);
#8104 = PLANE('',#8105);
#8105 = AXIS2_PLACEMENT_3D('',#8106,#8107,#8108);
#8106 = CARTESIAN_POINT('',(28.,98.29898837435,14.75));
#8107 = DIRECTION('',(1.,0.,0.));
#8108 = DIRECTION('',(0.,0.,1.));
#8109 = DEFINITIONAL_REPRESENTATION('',(#8110),#8114);
#8110 = LINE('',#8111,#8112);
#8111 = CARTESIAN_POINT('',(14.75,2.143692289853));
#8112 = VECTOR('',#8113,1.);
#8113 = DIRECTION('',(0.,-1.));
#8114 = ( GEOMETRIC_REPRESENTATION_CONTEXT(2) 
PARAMETRIC_REPRESENTATION_CONTEXT() REPRESENTATION_CONTEXT('2D SPACE',''
  ) );
#8115 = ORIENTED_EDGE('',*,*,#8116,.F.);
#8116 = EDGE_CURVE('',#8117,#8089,#8119,.T.);
#8117 = VERTEX_POINT('',#8118);
#8118 = CARTESIAN_POINT('',(36.149999999998,97.655296084497,29.5));
#8119 = SURFACE_CURVE('',#8120,(#8124,#8131),.PCURVE_S1.);
#8120 = LINE('',#8121,#8122);
#8121 = CARTESIAN_POINT('',(36.149999999998,97.655296084497,29.5));
#8122 = VECTOR('',#8123,1.);
#8123 = DIRECTION('',(-1.,0.,0.));
#8124 = PCURVE('',#67,#8125);
#8125 = DEFINITIONAL_REPRESENTATION('',(#8126),#8130);
#8126 = LINE('',#8127,#8128);
#8127 = CARTESIAN_POINT('',(81.149999999998,-97.65529608449));
#8128 = VECTOR('',#8129,1.);
#8129 = DIRECTION('',(-1.,0.));
#8130 = ( GEOMETRIC_REPRESENTATION_CONTEXT(2) 
PARAMETRIC_REPRESENTATION_CONTEXT() REPRESENTATION_CONTEXT('2D SPACE',''
  ) );
#8131 = PCURVE('',#8132,#8137);
#8132 = PLANE('',#8133);
#8133 = AXIS2_PLACEMENT_3D('',#8134,#8135,#8136);
#8134 = CARTESIAN_POINT('',(-134.875,98.30101138491,-9.271326139688E-02)
  );
#8135 = DIRECTION('',(0.,0.99976202708,2.181488503456E-02));
#8136 = DIRECTION('',(-1.,0.,0.));
#8137 = DEFINITIONAL_REPRESENTATION('',(#8138),#8142);
#8138 = LINE('',#8139,#8140);
#8139 = CARTESIAN_POINT('',(-171.0249999999,29.599757202052));
#8140 = VECTOR('',#8141,1.);
#8141 = DIRECTION('',(1.,0.));
#8142 = ( GEOMETRIC_REPRESENTATION_CONTEXT(2) 
PARAMETRIC_REPRESENTATION_CONTEXT() REPRESENTATION_CONTEXT('2D SPACE',''
  ) );
#8143 = ORIENTED_EDGE('',*,*,#8144,.F.);
#8144 = EDGE_CURVE('',#2146,#8117,#8145,.T.);
#8145 = SURFACE_CURVE('',#8146,(#8150,#8157),.PCURVE_S1.);
#8146 = LINE('',#8147,#8148);
#8147 = CARTESIAN_POINT('',(36.15,-97.65529608449,29.5));
#8148 = VECTOR('',#8149,1.);
#8149 = DIRECTION('',(0.,1.,0.));
#8150 = PCURVE('',#67,#8151);
#8151 = DEFINITIONAL_REPRESENTATION('',(#8152),#8156);
#8152 = LINE('',#8153,#8154);
#8153 = CARTESIAN_POINT('',(81.15,97.655296084497));
#8154 = VECTOR('',#8155,1.);
#8155 = DIRECTION('',(0.,-1.));
#8156 = ( GEOMETRIC_REPRESENTATION_CONTEXT(2) 
PARAMETRIC_REPRESENTATION_CONTEXT() REPRESENTATION_CONTEXT('2D SPACE',''
  ) );
#8157 = PCURVE('',#2631,#8158);
#8158 = DEFINITIONAL_REPRESENTATION('',(#8159),#8163);
#8159 = LINE('',#8160,#8161);
#8160 = CARTESIAN_POINT('',(7.068583470577,48.505801897322));
#8161 = VECTOR('',#8162,1.);
#8162 = DIRECTION('',(-1.183E-14,-1.));
#8163 = ( GEOMETRIC_REPRESENTATION_CONTEXT(2) 
PARAMETRIC_REPRESENTATION_CONTEXT() REPRESENTATION_CONTEXT('2D SPACE',''
  ) );
#8164 = ORIENTED_EDGE('',*,*,#2145,.F.);
#8165 = ORIENTED_EDGE('',*,*,#8166,.T.);
#8166 = EDGE_CURVE('',#2113,#8167,#8169,.T.);
#8167 = VERTEX_POINT('',#8168);
#8168 = CARTESIAN_POINT('',(28.,-96.15529608449,29.5));
#8169 = SURFACE_CURVE('',#8170,(#8174,#8181),.PCURVE_S1.);
#8170 = LINE('',#8171,#8172);
#8171 = CARTESIAN_POINT('',(28.,-97.65529608449,29.5));
#8172 = VECTOR('',#8173,1.);
#8173 = DIRECTION('',(0.,1.,0.));
#8174 = PCURVE('',#67,#8175);
#8175 = DEFINITIONAL_REPRESENTATION('',(#8176),#8180);
#8176 = LINE('',#8177,#8178);
#8177 = CARTESIAN_POINT('',(73.,97.655296084497));
#8178 = VECTOR('',#8179,1.);
#8179 = DIRECTION('',(0.,-1.));
#8180 = ( GEOMETRIC_REPRESENTATION_CONTEXT(2) 
PARAMETRIC_REPRESENTATION_CONTEXT() REPRESENTATION_CONTEXT('2D SPACE',''
  ) );
#8181 = PCURVE('',#2133,#8182);
#8182 = DEFINITIONAL_REPRESENTATION('',(#8183),#8187);
#8183 = LINE('',#8184,#8185);
#8184 = CARTESIAN_POINT('',(29.5,0.856307710147));
#8185 = VECTOR('',#8186,1.);
#8186 = DIRECTION('',(0.,-1.));
#8187 = ( GEOMETRIC_REPRESENTATION_CONTEXT(2) 
PARAMETRIC_REPRESENTATION_CONTEXT() REPRESENTATION_CONTEXT('2D SPACE',''
  ) );
#8188 = ORIENTED_EDGE('',*,*,#8189,.T.);
#8189 = EDGE_CURVE('',#8167,#8190,#8192,.T.);
#8190 = VERTEX_POINT('',#8191);
#8191 = CARTESIAN_POINT('',(26.25,-96.15529608449,29.5));
#8192 = SURFACE_CURVE('',#8193,(#8197,#8204),.PCURVE_S1.);
#8193 = LINE('',#8194,#8195);
#8194 = CARTESIAN_POINT('',(28.,-96.15529608449,29.5));
#8195 = VECTOR('',#8196,1.);
#8196 = DIRECTION('',(-1.,0.,0.));
#8197 = PCURVE('',#67,#8198);
#8198 = DEFINITIONAL_REPRESENTATION('',(#8199),#8203);
#8199 = LINE('',#8200,#8201);
#8200 = CARTESIAN_POINT('',(73.,96.155296084497));
#8201 = VECTOR('',#8202,1.);
#8202 = DIRECTION('',(-1.,0.));
#8203 = ( GEOMETRIC_REPRESENTATION_CONTEXT(2) 
PARAMETRIC_REPRESENTATION_CONTEXT() REPRESENTATION_CONTEXT('2D SPACE',''
  ) );
#8204 = PCURVE('',#6409,#8205);
#8205 = DEFINITIONAL_REPRESENTATION('',(#8206),#8210);
#8206 = LINE('',#8207,#8208);
#8207 = CARTESIAN_POINT('',(29.507021872158,1.75));
#8208 = VECTOR('',#8209,1.);
#8209 = DIRECTION('',(0.,-1.));
#8210 = ( GEOMETRIC_REPRESENTATION_CONTEXT(2) 
PARAMETRIC_REPRESENTATION_CONTEXT() REPRESENTATION_CONTEXT('2D SPACE',''
  ) );
#8211 = ORIENTED_EDGE('',*,*,#8212,.T.);
#8212 = EDGE_CURVE('',#8190,#8213,#8215,.T.);
#8213 = VERTEX_POINT('',#8214);
#8214 = CARTESIAN_POINT('',(26.25,-97.65529608449,29.5));
#8215 = SURFACE_CURVE('',#8216,(#8220,#8227),.PCURVE_S1.);
#8216 = LINE('',#8217,#8218);
#8217 = CARTESIAN_POINT('',(26.25,-96.15529608449,29.5));
#8218 = VECTOR('',#8219,1.);
#8219 = DIRECTION('',(0.,-1.,0.));
#8220 = PCURVE('',#67,#8221);
#8221 = DEFINITIONAL_REPRESENTATION('',(#8222),#8226);
#8222 = LINE('',#8223,#8224);
#8223 = CARTESIAN_POINT('',(71.25,96.155296084497));
#8224 = VECTOR('',#8225,1.);
#8225 = DIRECTION('',(0.,1.));
#8226 = ( GEOMETRIC_REPRESENTATION_CONTEXT(2) 
PARAMETRIC_REPRESENTATION_CONTEXT() REPRESENTATION_CONTEXT('2D SPACE',''
  ) );
#8227 = PCURVE('',#6381,#8228);
#8228 = DEFINITIONAL_REPRESENTATION('',(#8229),#8233);
#8229 = LINE('',#8230,#8231);
#8230 = CARTESIAN_POINT('',(-29.5,-2.143692289853));
#8231 = VECTOR('',#8232,1.);
#8232 = DIRECTION('',(0.,1.));
#8233 = ( GEOMETRIC_REPRESENTATION_CONTEXT(2) 
PARAMETRIC_REPRESENTATION_CONTEXT() REPRESENTATION_CONTEXT('2D SPACE',''
  ) );
#8234 = ORIENTED_EDGE('',*,*,#8235,.F.);
#8235 = EDGE_CURVE('',#5198,#8213,#8236,.T.);
#8236 = SURFACE_CURVE('',#8237,(#8241,#8248),.PCURVE_S1.);
#8237 = LINE('',#8238,#8239);
#8238 = CARTESIAN_POINT('',(24.2,-97.65529608449,29.5));
#8239 = VECTOR('',#8240,1.);
#8240 = DIRECTION('',(1.,0.,0.));
#8241 = PCURVE('',#67,#8242);
#8242 = DEFINITIONAL_REPRESENTATION('',(#8243),#8247);
#8243 = LINE('',#8244,#8245);
#8244 = CARTESIAN_POINT('',(69.2,97.655296084497));
#8245 = VECTOR('',#8246,1.);
#8246 = DIRECTION('',(1.,0.));
#8247 = ( GEOMETRIC_REPRESENTATION_CONTEXT(2) 
PARAMETRIC_REPRESENTATION_CONTEXT() REPRESENTATION_CONTEXT('2D SPACE',''
  ) );
#8248 = PCURVE('',#5243,#8249);
#8249 = DEFINITIONAL_REPRESENTATION('',(#8250),#8254);
#8250 = LINE('',#8251,#8252);
#8251 = CARTESIAN_POINT('',(-20.675,29.599757202052));
#8252 = VECTOR('',#8253,1.);
#8253 = DIRECTION('',(1.,0.));
#8254 = ( GEOMETRIC_REPRESENTATION_CONTEXT(2) 
PARAMETRIC_REPRESENTATION_CONTEXT() REPRESENTATION_CONTEXT('2D SPACE',''
  ) );
#8255 = ORIENTED_EDGE('',*,*,#5197,.T.);
#8256 = ORIENTED_EDGE('',*,*,#5904,.T.);
#8257 = ORIENTED_EDGE('',*,*,#8258,.T.);
#8258 = EDGE_CURVE('',#5905,#4160,#8259,.T.);
#8259 = SURFACE_CURVE('',#8260,(#8264,#8271),.PCURVE_S1.);
#8260 = LINE('',#8261,#8262);
#8261 = CARTESIAN_POINT('',(22.45,-96.15529608449,29.5));
#8262 = VECTOR('',#8263,1.);
#8263 = DIRECTION('',(0.,-1.,0.));
#8264 = PCURVE('',#67,#8265);
#8265 = DEFINITIONAL_REPRESENTATION('',(#8266),#8270);
#8266 = LINE('',#8267,#8268);
#8267 = CARTESIAN_POINT('',(67.45,96.155296084497));
#8268 = VECTOR('',#8269,1.);
#8269 = DIRECTION('',(0.,1.));
#8270 = ( GEOMETRIC_REPRESENTATION_CONTEXT(2) 
PARAMETRIC_REPRESENTATION_CONTEXT() REPRESENTATION_CONTEXT('2D SPACE',''
  ) );
#8271 = PCURVE('',#4182,#8272);
#8272 = DEFINITIONAL_REPRESENTATION('',(#8273),#8277);
#8273 = LINE('',#8274,#8275);
#8274 = CARTESIAN_POINT('',(-29.5,-2.143692289853));
#8275 = VECTOR('',#8276,1.);
#8276 = DIRECTION('',(0.,1.));
#8277 = ( GEOMETRIC_REPRESENTATION_CONTEXT(2) 
PARAMETRIC_REPRESENTATION_CONTEXT() REPRESENTATION_CONTEXT('2D SPACE',''
  ) );
#8278 = ORIENTED_EDGE('',*,*,#4240,.F.);
#8279 = ORIENTED_EDGE('',*,*,#8280,.T.);
#8280 = EDGE_CURVE('',#4218,#3034,#8281,.T.);
#8281 = SURFACE_CURVE('',#8282,(#8286,#8293),.PCURVE_S1.);
#8282 = LINE('',#8283,#8284);
#8283 = CARTESIAN_POINT('',(20.4,-97.65529608449,29.5));
#8284 = VECTOR('',#8285,1.);
#8285 = DIRECTION('',(0.,1.,0.));
#8286 = PCURVE('',#67,#8287);
#8287 = DEFINITIONAL_REPRESENTATION('',(#8288),#8292);
#8288 = LINE('',#8289,#8290);
#8289 = CARTESIAN_POINT('',(65.4,97.655296084497));
#8290 = VECTOR('',#8291,1.);
#8291 = DIRECTION('',(0.,-1.));
#8292 = ( GEOMETRIC_REPRESENTATION_CONTEXT(2) 
PARAMETRIC_REPRESENTATION_CONTEXT() REPRESENTATION_CONTEXT('2D SPACE',''
  ) );
#8293 = PCURVE('',#3079,#8294);
#8294 = DEFINITIONAL_REPRESENTATION('',(#8295),#8299);
#8295 = LINE('',#8296,#8297);
#8296 = CARTESIAN_POINT('',(29.5,0.856307710147));
#8297 = VECTOR('',#8298,1.);
#8298 = DIRECTION('',(0.,-1.));
#8299 = ( GEOMETRIC_REPRESENTATION_CONTEXT(2) 
PARAMETRIC_REPRESENTATION_CONTEXT() REPRESENTATION_CONTEXT('2D SPACE',''
  ) );
#8300 = ORIENTED_EDGE('',*,*,#3033,.T.);
#8301 = ORIENTED_EDGE('',*,*,#8302,.T.);
#8302 = EDGE_CURVE('',#3036,#7896,#8303,.T.);
#8303 = SURFACE_CURVE('',#8304,(#8308,#8315),.PCURVE_S1.);
#8304 = LINE('',#8305,#8306);
#8305 = CARTESIAN_POINT('',(18.65,-96.15529608449,29.5));
#8306 = VECTOR('',#8307,1.);
#8307 = DIRECTION('',(0.,-1.,0.));
#8308 = PCURVE('',#67,#8309);
#8309 = DEFINITIONAL_REPRESENTATION('',(#8310),#8314);
#8310 = LINE('',#8311,#8312);
#8311 = CARTESIAN_POINT('',(63.65,96.155296084497));
#8312 = VECTOR('',#8313,1.);
#8313 = DIRECTION('',(0.,1.));
#8314 = ( GEOMETRIC_REPRESENTATION_CONTEXT(2) 
PARAMETRIC_REPRESENTATION_CONTEXT() REPRESENTATION_CONTEXT('2D SPACE',''
  ) );
#8315 = PCURVE('',#3128,#8316);
#8316 = DEFINITIONAL_REPRESENTATION('',(#8317),#8321);
#8317 = LINE('',#8318,#8319);
#8318 = CARTESIAN_POINT('',(-29.5,-2.143692289853));
#8319 = VECTOR('',#8320,1.);
#8320 = DIRECTION('',(0.,1.));
#8321 = ( GEOMETRIC_REPRESENTATION_CONTEXT(2) 
PARAMETRIC_REPRESENTATION_CONTEXT() REPRESENTATION_CONTEXT('2D SPACE',''
  ) );
#8322 = FACE_BOUND('',#8323,.T.);
#8323 = EDGE_LOOP('',(#8324));
#8324 = ORIENTED_EDGE('',*,*,#8325,.F.);
#8325 = EDGE_CURVE('',#8326,#8326,#8328,.T.);
#8326 = VERTEX_POINT('',#8327);
#8327 = CARTESIAN_POINT('',(20.575,74.9,29.5));
#8328 = SURFACE_CURVE('',#8329,(#8334,#8341),.PCURVE_S1.);
#8329 = CIRCLE('',#8330,5.5);
#8330 = AXIS2_PLACEMENT_3D('',#8331,#8332,#8333);
#8331 = CARTESIAN_POINT('',(15.075,74.9,29.5));
#8332 = DIRECTION('',(0.,0.,-1.));
#8333 = DIRECTION('',(-1.,0.,0.));
#8334 = PCURVE('',#67,#8335);
#8335 = DEFINITIONAL_REPRESENTATION('',(#8336),#8340);
#8336 = CIRCLE('',#8337,5.5);
#8337 = AXIS2_PLACEMENT_2D('',#8338,#8339);
#8338 = CARTESIAN_POINT('',(60.075,-74.9));
#8339 = DIRECTION('',(-1.,0.));
#8340 = ( GEOMETRIC_REPRESENTATION_CONTEXT(2) 
PARAMETRIC_REPRESENTATION_CONTEXT() REPRESENTATION_CONTEXT('2D SPACE',''
  ) );
#8341 = PCURVE('',#8342,#8347);
#8342 = TOROIDAL_SURFACE('',#8343,5.5,1.5);
#8343 = AXIS2_PLACEMENT_3D('',#8344,#8345,#8346);
#8344 = CARTESIAN_POINT('',(15.075,74.9,28.));
#8345 = DIRECTION('',(1.683E-14,-3.5E-16,1.));
#8346 = DIRECTION('',(-1.,0.,1.683E-14));
#8347 = DEFINITIONAL_REPRESENTATION('',(#8348),#8352);
#8348 = LINE('',#8349,#8350);
#8349 = CARTESIAN_POINT('',(12.566370614359,1.570796326795));
#8350 = VECTOR('',#8351,1.);
#8351 = DIRECTION('',(-1.,0.));
#8352 = ( GEOMETRIC_REPRESENTATION_CONTEXT(2) 
PARAMETRIC_REPRESENTATION_CONTEXT() REPRESENTATION_CONTEXT('2D SPACE',''
  ) );
#8353 = FACE_BOUND('',#8354,.T.);
#8354 = EDGE_LOOP('',(#8355));
#8355 = ORIENTED_EDGE('',*,*,#52,.F.);
#8356 = FACE_BOUND('',#8357,.T.);
#8357 = EDGE_LOOP('',(#8358));
#8358 = ORIENTED_EDGE('',*,*,#7868,.F.);
#8359 = FACE_BOUND('',#8360,.T.);
#8360 = EDGE_LOOP('',(#8361));
#8361 = ORIENTED_EDGE('',*,*,#8362,.F.);
#8362 = EDGE_CURVE('',#8363,#8363,#8365,.T.);
#8363 = VERTEX_POINT('',#8364);
#8364 = CARTESIAN_POINT('',(20.575,-75.1,29.5));
#8365 = SURFACE_CURVE('',#8366,(#8371,#8378),.PCURVE_S1.);
#8366 = CIRCLE('',#8367,5.5);
#8367 = AXIS2_PLACEMENT_3D('',#8368,#8369,#8370);
#8368 = CARTESIAN_POINT('',(15.075,-75.1,29.5));
#8369 = DIRECTION('',(0.,0.,-1.));
#8370 = DIRECTION('',(-1.,0.,0.));
#8371 = PCURVE('',#67,#8372);
#8372 = DEFINITIONAL_REPRESENTATION('',(#8373),#8377);
#8373 = CIRCLE('',#8374,5.5);
#8374 = AXIS2_PLACEMENT_2D('',#8375,#8376);
#8375 = CARTESIAN_POINT('',(60.075,75.1));
#8376 = DIRECTION('',(-1.,0.));
#8377 = ( GEOMETRIC_REPRESENTATION_CONTEXT(2) 
PARAMETRIC_REPRESENTATION_CONTEXT() REPRESENTATION_CONTEXT('2D SPACE',''
  ) );
#8378 = PCURVE('',#1833,#8379);
#8379 = DEFINITIONAL_REPRESENTATION('',(#8380),#8384);
#8380 = LINE('',#8381,#8382);
#8381 = CARTESIAN_POINT('',(6.28318530718,1.570796326795));
#8382 = VECTOR('',#8383,1.);
#8383 = DIRECTION('',(-1.,0.));
#8384 = ( GEOMETRIC_REPRESENTATION_CONTEXT(2) 
PARAMETRIC_REPRESENTATION_CONTEXT() REPRESENTATION_CONTEXT('2D SPACE',''
  ) );
#8385 = ADVANCED_FACE('',(#8386),#8399,.F.);
#8386 = FACE_BOUND('',#8387,.T.);
#8387 = EDGE_LOOP('',(#8388));
#8388 = ORIENTED_EDGE('',*,*,#8389,.F.);
#8389 = EDGE_CURVE('',#8390,#8390,#8392,.T.);
#8390 = VERTEX_POINT('',#8391);
#8391 = CARTESIAN_POINT('',(-12.725,-25.1,30.35));
#8392 = SURFACE_CURVE('',#8393,(#8398,#8410),.PCURVE_S1.);
#8393 = CIRCLE('',#8394,2.35);
#8394 = AXIS2_PLACEMENT_3D('',#8395,#8396,#8397);
#8395 = CARTESIAN_POINT('',(-15.075,-25.1,30.35));
#8396 = DIRECTION('',(0.,0.,1.));
#8397 = DIRECTION('',(-1.,0.,0.));
#8398 = PCURVE('',#8399,#8404);
#8399 = PLANE('',#8400);
#8400 = AXIS2_PLACEMENT_3D('',#8401,#8402,#8403);
#8401 = CARTESIAN_POINT('',(-15.075,-25.1,30.35));
#8402 = DIRECTION('',(0.,0.,1.));
#8403 = DIRECTION('',(-1.,0.,0.));
#8404 = DEFINITIONAL_REPRESENTATION('',(#8405),#8409);
#8405 = CIRCLE('',#8406,2.35);
#8406 = AXIS2_PLACEMENT_2D('',#8407,#8408);
#8407 = CARTESIAN_POINT('',(0.,0.));
#8408 = DIRECTION('',(1.,0.));
#8409 = ( GEOMETRIC_REPRESENTATION_CONTEXT(2) 
PARAMETRIC_REPRESENTATION_CONTEXT() REPRESENTATION_CONTEXT('2D SPACE',''
  ) );
#8410 = PCURVE('',#8411,#8416);
#8411 = CYLINDRICAL_SURFACE('',#8412,2.35);
#8412 = AXIS2_PLACEMENT_3D('',#8413,#8414,#8415);
#8413 = CARTESIAN_POINT('',(-15.075,-25.1,28.));
#8414 = DIRECTION('',(0.,0.,1.));
#8415 = DIRECTION('',(-1.,0.,0.));
#8416 = DEFINITIONAL_REPRESENTATION('',(#8417),#8421);
#8417 = LINE('',#8418,#8419);
#8418 = CARTESIAN_POINT('',(0.,2.35));
#8419 = VECTOR('',#8420,1.);
#8420 = DIRECTION('',(1.,0.));
#8421 = ( GEOMETRIC_REPRESENTATION_CONTEXT(2) 
PARAMETRIC_REPRESENTATION_CONTEXT() REPRESENTATION_CONTEXT('2D SPACE',''
  ) );
#8422 = ADVANCED_FACE('',(#8423),#4540,.T.);
#8423 = FACE_BOUND('',#8424,.T.);
#8424 = EDGE_LOOP('',(#8425,#8448,#8469,#8470));
#8425 = ORIENTED_EDGE('',*,*,#8426,.T.);
#8426 = EDGE_CURVE('',#8427,#1710,#8429,.T.);
#8427 = VERTEX_POINT('',#8428);
#8428 = CARTESIAN_POINT('',(-9.,-101.9102157214,29.320898376362));
#8429 = SURFACE_CURVE('',#8430,(#8434,#8441),.PCURVE_S1.);
#8430 = LINE('',#8431,#8432);
#8431 = CARTESIAN_POINT('',(-9.,-103.1148070126,-25.88473892936));
#8432 = VECTOR('',#8433,1.);
#8433 = DIRECTION('',(6.E-17,-2.181488503456E-02,-0.99976202708));
#8434 = PCURVE('',#4540,#8435);
#8435 = DEFINITIONAL_REPRESENTATION('',(#8436),#8440);
#8436 = LINE('',#8437,#8438);
#8437 = CARTESIAN_POINT('',(-98.875,-25.8909002625));
#8438 = VECTOR('',#8439,1.);
#8439 = DIRECTION('',(6.E-17,-1.));
#8440 = ( GEOMETRIC_REPRESENTATION_CONTEXT(2) 
PARAMETRIC_REPRESENTATION_CONTEXT() REPRESENTATION_CONTEXT('2D SPACE',''
  ) );
#8441 = PCURVE('',#1746,#8442);
#8442 = DEFINITIONAL_REPRESENTATION('',(#8443),#8447);
#8443 = LINE('',#8444,#8445);
#8444 = CARTESIAN_POINT('',(-143.875,-25.8909002625));
#8445 = VECTOR('',#8446,1.);
#8446 = DIRECTION('',(6.E-17,-1.));
#8447 = ( GEOMETRIC_REPRESENTATION_CONTEXT(2) 
PARAMETRIC_REPRESENTATION_CONTEXT() REPRESENTATION_CONTEXT('2D SPACE',''
  ) );
#8448 = ORIENTED_EDGE('',*,*,#8449,.F.);
#8449 = EDGE_CURVE('',#4520,#1710,#8450,.T.);
#8450 = SURFACE_CURVE('',#8451,(#8455,#8462),.PCURVE_S1.);
#8451 = LINE('',#8452,#8453);
#8452 = CARTESIAN_POINT('',(44.9375,-102.55,0.));
#8453 = VECTOR('',#8454,1.);
#8454 = DIRECTION('',(-1.,0.,0.));
#8455 = PCURVE('',#4540,#8456);
#8456 = DEFINITIONAL_REPRESENTATION('',(#8457),#8461);
#8457 = LINE('',#8458,#8459);
#8458 = CARTESIAN_POINT('',(-44.9375,0.));
#8459 = VECTOR('',#8460,1.);
#8460 = DIRECTION('',(-1.,0.));
#8461 = ( GEOMETRIC_REPRESENTATION_CONTEXT(2) 
PARAMETRIC_REPRESENTATION_CONTEXT() REPRESENTATION_CONTEXT('2D SPACE',''
  ) );
#8462 = PCURVE('',#1697,#8463);
#8463 = DEFINITIONAL_REPRESENTATION('',(#8464),#8468);
#8464 = LINE('',#8465,#8466);
#8465 = CARTESIAN_POINT('',(-44.9375,-101.175));
#8466 = VECTOR('',#8467,1.);
#8467 = DIRECTION('',(1.,0.));
#8468 = ( GEOMETRIC_REPRESENTATION_CONTEXT(2) 
PARAMETRIC_REPRESENTATION_CONTEXT() REPRESENTATION_CONTEXT('2D SPACE',''
  ) );
#8469 = ORIENTED_EDGE('',*,*,#4517,.F.);
#8470 = ORIENTED_EDGE('',*,*,#8471,.F.);
#8471 = EDGE_CURVE('',#8427,#4518,#8472,.T.);
#8472 = SURFACE_CURVE('',#8473,(#8477,#8484),.PCURVE_S1.);
#8473 = LINE('',#8474,#8475);
#8474 = CARTESIAN_POINT('',(44.9375,-101.9102157214,29.320898376362));
#8475 = VECTOR('',#8476,1.);
#8476 = DIRECTION('',(1.,0.,0.));
#8477 = PCURVE('',#4540,#8478);
#8478 = DEFINITIONAL_REPRESENTATION('',(#8479),#8483);
#8479 = LINE('',#8480,#8481);
#8480 = CARTESIAN_POINT('',(-44.9375,29.327877617039));
#8481 = VECTOR('',#8482,1.);
#8482 = DIRECTION('',(1.,0.));
#8483 = ( GEOMETRIC_REPRESENTATION_CONTEXT(2) 
PARAMETRIC_REPRESENTATION_CONTEXT() REPRESENTATION_CONTEXT('2D SPACE',''
  ) );
#8484 = PCURVE('',#4315,#8485);
#8485 = DEFINITIONAL_REPRESENTATION('',(#8486),#8490);
#8486 = LINE('',#8487,#8488);
#8487 = CARTESIAN_POINT('',(-0.774489855572,0.));
#8488 = VECTOR('',#8489,1.);
#8489 = DIRECTION('',(0.,-1.));
#8490 = ( GEOMETRIC_REPRESENTATION_CONTEXT(2) 
PARAMETRIC_REPRESENTATION_CONTEXT() REPRESENTATION_CONTEXT('2D SPACE',''
  ) );
#8491 = ADVANCED_FACE('',(#8492),#1833,.F.);
#8492 = FACE_BOUND('',#8493,.F.);
#8493 = EDGE_LOOP('',(#8494,#8516,#8517,#8518));
#8494 = ORIENTED_EDGE('',*,*,#8495,.T.);
#8495 = EDGE_CURVE('',#1796,#8363,#8496,.T.);
#8496 = SEAM_CURVE('',#8497,(#8502,#8509),.PCURVE_S1.);
#8497 = CIRCLE('',#8498,1.5);
#8498 = AXIS2_PLACEMENT_3D('',#8499,#8500,#8501);
#8499 = CARTESIAN_POINT('',(20.575,-75.1,28.));
#8500 = DIRECTION('',(0.,1.,1.16E-15));
#8501 = DIRECTION('',(1.,1.91284E-29,-1.649E-14));
#8502 = PCURVE('',#1833,#8503);
#8503 = DEFINITIONAL_REPRESENTATION('',(#8504),#8508);
#8504 = LINE('',#8505,#8506);
#8505 = CARTESIAN_POINT('',(-3.14159265359,6.28318530718));
#8506 = VECTOR('',#8507,1.);
#8507 = DIRECTION('',(0.,-1.));
#8508 = ( GEOMETRIC_REPRESENTATION_CONTEXT(2) 
PARAMETRIC_REPRESENTATION_CONTEXT() REPRESENTATION_CONTEXT('2D SPACE',''
  ) );
#8509 = PCURVE('',#1833,#8510);
#8510 = DEFINITIONAL_REPRESENTATION('',(#8511),#8515);
#8511 = LINE('',#8512,#8513);
#8512 = CARTESIAN_POINT('',(3.14159265359,6.28318530718));
#8513 = VECTOR('',#8514,1.);
#8514 = DIRECTION('',(0.,-1.));
#8515 = ( GEOMETRIC_REPRESENTATION_CONTEXT(2) 
PARAMETRIC_REPRESENTATION_CONTEXT() REPRESENTATION_CONTEXT('2D SPACE',''
  ) );
#8516 = ORIENTED_EDGE('',*,*,#8362,.F.);
#8517 = ORIENTED_EDGE('',*,*,#8495,.F.);
#8518 = ORIENTED_EDGE('',*,*,#1818,.F.);
#8519 = ADVANCED_FACE('',(#8520,#8551),#8533,.F.);
#8520 = FACE_BOUND('',#8521,.T.);
#8521 = EDGE_LOOP('',(#8522));
#8522 = ORIENTED_EDGE('',*,*,#8523,.F.);
#8523 = EDGE_CURVE('',#8524,#8524,#8526,.T.);
#8524 = VERTEX_POINT('',#8525);
#8525 = CARTESIAN_POINT('',(2.35,92.0302961,9.525));
#8526 = SURFACE_CURVE('',#8527,(#8532,#8544),.PCURVE_S1.);
#8527 = CIRCLE('',#8528,2.35);
#8528 = AXIS2_PLACEMENT_3D('',#8529,#8530,#8531);
#8529 = CARTESIAN_POINT('',(9.E-17,92.0302961,9.525));
#8530 = DIRECTION('',(0.,0.,1.));
#8531 = DIRECTION('',(-1.,0.,0.));
#8532 = PCURVE('',#8533,#8538);
#8533 = PLANE('',#8534);
#8534 = AXIS2_PLACEMENT_3D('',#8535,#8536,#8537);
#8535 = CARTESIAN_POINT('',(9.E-17,92.0302961,9.525));
#8536 = DIRECTION('',(0.,0.,1.));
#8537 = DIRECTION('',(-1.,0.,0.));
#8538 = DEFINITIONAL_REPRESENTATION('',(#8539),#8543);
#8539 = CIRCLE('',#8540,2.35);
#8540 = AXIS2_PLACEMENT_2D('',#8541,#8542);
#8541 = CARTESIAN_POINT('',(0.,0.));
#8542 = DIRECTION('',(1.,0.));
#8543 = ( GEOMETRIC_REPRESENTATION_CONTEXT(2) 
PARAMETRIC_REPRESENTATION_CONTEXT() REPRESENTATION_CONTEXT('2D SPACE',''
  ) );
#8544 = PCURVE('',#3656,#8545);
#8545 = DEFINITIONAL_REPRESENTATION('',(#8546),#8550);
#8546 = LINE('',#8547,#8548);
#8547 = CARTESIAN_POINT('',(-6.28318530718,7.05));
#8548 = VECTOR('',#8549,1.);
#8549 = DIRECTION('',(1.,0.));
#8550 = ( GEOMETRIC_REPRESENTATION_CONTEXT(2) 
PARAMETRIC_REPRESENTATION_CONTEXT() REPRESENTATION_CONTEXT('2D SPACE',''
  ) );
#8551 = FACE_BOUND('',#8552,.T.);
#8552 = EDGE_LOOP('',(#8553));
#8553 = ORIENTED_EDGE('',*,*,#8554,.T.);
#8554 = EDGE_CURVE('',#8555,#8555,#8557,.T.);
#8555 = VERTEX_POINT('',#8556);
#8556 = CARTESIAN_POINT('',(1.7,92.0302961,9.525));
#8557 = SURFACE_CURVE('',#8558,(#8563,#8570),.PCURVE_S1.);
#8558 = CIRCLE('',#8559,1.7);
#8559 = AXIS2_PLACEMENT_3D('',#8560,#8561,#8562);
#8560 = CARTESIAN_POINT('',(1.8E-16,92.0302961,9.525));
#8561 = DIRECTION('',(0.,0.,1.));
#8562 = DIRECTION('',(-1.,0.,0.));
#8563 = PCURVE('',#8533,#8564);
#8564 = DEFINITIONAL_REPRESENTATION('',(#8565),#8569);
#8565 = CIRCLE('',#8566,1.7);
#8566 = AXIS2_PLACEMENT_2D('',#8567,#8568);
#8567 = CARTESIAN_POINT('',(-9.E-17,0.));
#8568 = DIRECTION('',(1.,0.));
#8569 = ( GEOMETRIC_REPRESENTATION_CONTEXT(2) 
PARAMETRIC_REPRESENTATION_CONTEXT() REPRESENTATION_CONTEXT('2D SPACE',''
  ) );
#8570 = PCURVE('',#7246,#8571);
#8571 = DEFINITIONAL_REPRESENTATION('',(#8572),#8576);
#8572 = LINE('',#8573,#8574);
#8573 = CARTESIAN_POINT('',(0.,-2.25));
#8574 = VECTOR('',#8575,1.);
#8575 = DIRECTION('',(1.,0.));
#8576 = ( GEOMETRIC_REPRESENTATION_CONTEXT(2) 
PARAMETRIC_REPRESENTATION_CONTEXT() REPRESENTATION_CONTEXT('2D SPACE',''
  ) );
#8577 = ADVANCED_FACE('',(#8578),#848,.F.);
#8578 = FACE_BOUND('',#8579,.F.);
#8579 = EDGE_LOOP('',(#8580,#8603,#8604,#8605));
#8580 = ORIENTED_EDGE('',*,*,#8581,.T.);
#8581 = EDGE_CURVE('',#8582,#827,#8584,.T.);
#8582 = VERTEX_POINT('',#8583);
#8583 = CARTESIAN_POINT('',(-12.725,74.9,25.65));
#8584 = SEAM_CURVE('',#8585,(#8589,#8596),.PCURVE_S1.);
#8585 = LINE('',#8586,#8587);
#8586 = CARTESIAN_POINT('',(-12.725,74.9,28.));
#8587 = VECTOR('',#8588,1.);
#8588 = DIRECTION('',(0.,0.,1.));
#8589 = PCURVE('',#848,#8590);
#8590 = DEFINITIONAL_REPRESENTATION('',(#8591),#8595);
#8591 = LINE('',#8592,#8593);
#8592 = CARTESIAN_POINT('',(9.424777960769,0.));
#8593 = VECTOR('',#8594,1.);
#8594 = DIRECTION('',(0.,1.));
#8595 = ( GEOMETRIC_REPRESENTATION_CONTEXT(2) 
PARAMETRIC_REPRESENTATION_CONTEXT() REPRESENTATION_CONTEXT('2D SPACE',''
  ) );
#8596 = PCURVE('',#848,#8597);
#8597 = DEFINITIONAL_REPRESENTATION('',(#8598),#8602);
#8598 = LINE('',#8599,#8600);
#8599 = CARTESIAN_POINT('',(3.14159265359,0.));
#8600 = VECTOR('',#8601,1.);
#8601 = DIRECTION('',(0.,1.));
#8602 = ( GEOMETRIC_REPRESENTATION_CONTEXT(2) 
PARAMETRIC_REPRESENTATION_CONTEXT() REPRESENTATION_CONTEXT('2D SPACE',''
  ) );
#8603 = ORIENTED_EDGE('',*,*,#826,.F.);
#8604 = ORIENTED_EDGE('',*,*,#8581,.F.);
#8605 = ORIENTED_EDGE('',*,*,#8606,.T.);
#8606 = EDGE_CURVE('',#8582,#8582,#8607,.T.);
#8607 = SURFACE_CURVE('',#8608,(#8613,#8620),.PCURVE_S1.);
#8608 = CIRCLE('',#8609,2.35);
#8609 = AXIS2_PLACEMENT_3D('',#8610,#8611,#8612);
#8610 = CARTESIAN_POINT('',(-15.075,74.9,25.65));
#8611 = DIRECTION('',(0.,0.,1.));
#8612 = DIRECTION('',(-1.,0.,0.));
#8613 = PCURVE('',#848,#8614);
#8614 = DEFINITIONAL_REPRESENTATION('',(#8615),#8619);
#8615 = LINE('',#8616,#8617);
#8616 = CARTESIAN_POINT('',(0.,-2.35));
#8617 = VECTOR('',#8618,1.);
#8618 = DIRECTION('',(1.,0.));
#8619 = ( GEOMETRIC_REPRESENTATION_CONTEXT(2) 
PARAMETRIC_REPRESENTATION_CONTEXT() REPRESENTATION_CONTEXT('2D SPACE',''
  ) );
#8620 = PCURVE('',#8621,#8626);
#8621 = PLANE('',#8622);
#8622 = AXIS2_PLACEMENT_3D('',#8623,#8624,#8625);
#8623 = CARTESIAN_POINT('',(-15.075,70.9,25.65));
#8624 = DIRECTION('',(0.,0.,1.));
#8625 = DIRECTION('',(-1.,0.,0.));
#8626 = DEFINITIONAL_REPRESENTATION('',(#8627),#8631);
#8627 = CIRCLE('',#8628,2.35);
#8628 = AXIS2_PLACEMENT_2D('',#8629,#8630);
#8629 = CARTESIAN_POINT('',(0.,-4.));
#8630 = DIRECTION('',(1.,0.));
#8631 = ( GEOMETRIC_REPRESENTATION_CONTEXT(2) 
PARAMETRIC_REPRESENTATION_CONTEXT() REPRESENTATION_CONTEXT('2D SPACE',''
  ) );
#8632 = ADVANCED_FACE('',(#8633),#1445,.F.);
#8633 = FACE_BOUND('',#8634,.T.);
#8634 = EDGE_LOOP('',(#8635,#8658,#8681,#8702));
#8635 = ORIENTED_EDGE('',*,*,#8636,.T.);
#8636 = EDGE_CURVE('',#1402,#8637,#8639,.T.);
#8637 = VERTEX_POINT('',#8638);
#8638 = CARTESIAN_POINT('',(-22.45,-97.65529608449,29.5));
#8639 = SURFACE_CURVE('',#8640,(#8644,#8651),.PCURVE_S1.);
#8640 = LINE('',#8641,#8642);
#8641 = CARTESIAN_POINT('',(-22.45,-98.29898837435,1.051E-14));
#8642 = VECTOR('',#8643,1.);
#8643 = DIRECTION('',(0.,2.181488503456E-02,0.99976202708));
#8644 = PCURVE('',#1445,#8645);
#8645 = DEFINITIONAL_REPRESENTATION('',(#8646),#8650);
#8646 = LINE('',#8647,#8648);
#8647 = CARTESIAN_POINT('',(-157.325,9.273532989414E-02));
#8648 = VECTOR('',#8649,1.);
#8649 = DIRECTION('',(0.,1.));
#8650 = ( GEOMETRIC_REPRESENTATION_CONTEXT(2) 
PARAMETRIC_REPRESENTATION_CONTEXT() REPRESENTATION_CONTEXT('2D SPACE',''
  ) );
#8651 = PCURVE('',#1417,#8652);
#8652 = DEFINITIONAL_REPRESENTATION('',(#8653),#8657);
#8653 = LINE('',#8654,#8655);
#8654 = CARTESIAN_POINT('',(-14.75,0.));
#8655 = VECTOR('',#8656,1.);
#8656 = DIRECTION('',(0.99976202708,-2.181488503456E-02));
#8657 = ( GEOMETRIC_REPRESENTATION_CONTEXT(2) 
PARAMETRIC_REPRESENTATION_CONTEXT() REPRESENTATION_CONTEXT('2D SPACE',''
  ) );
#8658 = ORIENTED_EDGE('',*,*,#8659,.T.);
#8659 = EDGE_CURVE('',#8637,#8660,#8662,.T.);
#8660 = VERTEX_POINT('',#8661);
#8661 = CARTESIAN_POINT('',(-20.4,-97.65529608449,29.5));
#8662 = SURFACE_CURVE('',#8663,(#8667,#8674),.PCURVE_S1.);
#8663 = LINE('',#8664,#8665);
#8664 = CARTESIAN_POINT('',(-22.45,-97.65529608449,29.5));
#8665 = VECTOR('',#8666,1.);
#8666 = DIRECTION('',(1.,0.,0.));
#8667 = PCURVE('',#1445,#8668);
#8668 = DEFINITIONAL_REPRESENTATION('',(#8669),#8673);
#8669 = LINE('',#8670,#8671);
#8670 = CARTESIAN_POINT('',(-157.325,29.599757202052));
#8671 = VECTOR('',#8672,1.);
#8672 = DIRECTION('',(1.,0.));
#8673 = ( GEOMETRIC_REPRESENTATION_CONTEXT(2) 
PARAMETRIC_REPRESENTATION_CONTEXT() REPRESENTATION_CONTEXT('2D SPACE',''
  ) );
#8674 = PCURVE('',#275,#8675);
#8675 = DEFINITIONAL_REPRESENTATION('',(#8676),#8680);
#8676 = LINE('',#8677,#8678);
#8677 = CARTESIAN_POINT('',(-67.45,97.655296084497));
#8678 = VECTOR('',#8679,1.);
#8679 = DIRECTION('',(1.,0.));
#8680 = ( GEOMETRIC_REPRESENTATION_CONTEXT(2) 
PARAMETRIC_REPRESENTATION_CONTEXT() REPRESENTATION_CONTEXT('2D SPACE',''
  ) );
#8681 = ORIENTED_EDGE('',*,*,#8682,.T.);
#8682 = EDGE_CURVE('',#8660,#1430,#8683,.T.);
#8683 = SURFACE_CURVE('',#8684,(#8688,#8695),.PCURVE_S1.);
#8684 = LINE('',#8685,#8686);
#8685 = CARTESIAN_POINT('',(-20.4,-97.65529608449,29.5));
#8686 = VECTOR('',#8687,1.);
#8687 = DIRECTION('',(0.,-2.181488503456E-02,-0.99976202708));
#8688 = PCURVE('',#1445,#8689);
#8689 = DEFINITIONAL_REPRESENTATION('',(#8690),#8694);
#8690 = LINE('',#8691,#8692);
#8691 = CARTESIAN_POINT('',(-155.275,29.599757202052));
#8692 = VECTOR('',#8693,1.);
#8693 = DIRECTION('',(0.,-1.));
#8694 = ( GEOMETRIC_REPRESENTATION_CONTEXT(2) 
PARAMETRIC_REPRESENTATION_CONTEXT() REPRESENTATION_CONTEXT('2D SPACE',''
  ) );
#8695 = PCURVE('',#1473,#8696);
#8696 = DEFINITIONAL_REPRESENTATION('',(#8697),#8701);
#8697 = LINE('',#8698,#8699);
#8698 = CARTESIAN_POINT('',(-14.75,-0.643692289853));
#8699 = VECTOR('',#8700,1.);
#8700 = DIRECTION('',(0.99976202708,2.181488503456E-02));
#8701 = ( GEOMETRIC_REPRESENTATION_CONTEXT(2) 
PARAMETRIC_REPRESENTATION_CONTEXT() REPRESENTATION_CONTEXT('2D SPACE',''
  ) );
#8702 = ORIENTED_EDGE('',*,*,#1429,.F.);
#8703 = ADVANCED_FACE('',(#8704),#1529,.T.);
#8704 = FACE_BOUND('',#8705,.T.);
#8705 = EDGE_LOOP('',(#8706,#8729,#8730,#8731));
#8706 = ORIENTED_EDGE('',*,*,#8707,.F.);
#8707 = EDGE_CURVE('',#1975,#8708,#8710,.T.);
#8708 = VERTEX_POINT('',#8709);
#8709 = CARTESIAN_POINT('',(-18.65,-96.15529608449,29.5));
#8710 = SURFACE_CURVE('',#8711,(#8715,#8722),.PCURVE_S1.);
#8711 = LINE('',#8712,#8713);
#8712 = CARTESIAN_POINT('',(-18.65,-97.65529608449,29.5));
#8713 = VECTOR('',#8714,1.);
#8714 = DIRECTION('',(0.,1.,0.));
#8715 = PCURVE('',#1529,#8716);
#8716 = DEFINITIONAL_REPRESENTATION('',(#8717),#8721);
#8717 = LINE('',#8718,#8719);
#8718 = CARTESIAN_POINT('',(14.75,-0.643692289853));
#8719 = VECTOR('',#8720,1.);
#8720 = DIRECTION('',(0.,-1.));
#8721 = ( GEOMETRIC_REPRESENTATION_CONTEXT(2) 
PARAMETRIC_REPRESENTATION_CONTEXT() REPRESENTATION_CONTEXT('2D SPACE',''
  ) );
#8722 = PCURVE('',#275,#8723);
#8723 = DEFINITIONAL_REPRESENTATION('',(#8724),#8728);
#8724 = LINE('',#8725,#8726);
#8725 = CARTESIAN_POINT('',(-63.65,97.655296084497));
#8726 = VECTOR('',#8727,1.);
#8727 = DIRECTION('',(0.,-1.));
#8728 = ( GEOMETRIC_REPRESENTATION_CONTEXT(2) 
PARAMETRIC_REPRESENTATION_CONTEXT() REPRESENTATION_CONTEXT('2D SPACE',''
  ) );
#8729 = ORIENTED_EDGE('',*,*,#1997,.F.);
#8730 = ORIENTED_EDGE('',*,*,#1513,.F.);
#8731 = ORIENTED_EDGE('',*,*,#8732,.T.);
#8732 = EDGE_CURVE('',#1486,#8708,#8733,.T.);
#8733 = SURFACE_CURVE('',#8734,(#8738,#8745),.PCURVE_S1.);
#8734 = LINE('',#8735,#8736);
#8735 = CARTESIAN_POINT('',(-18.65,-96.79898837435,1.051E-14));
#8736 = VECTOR('',#8737,1.);
#8737 = DIRECTION('',(0.,2.181488503456E-02,0.99976202708));
#8738 = PCURVE('',#1529,#8739);
#8739 = DEFINITIONAL_REPRESENTATION('',(#8740),#8744);
#8740 = LINE('',#8741,#8742);
#8741 = CARTESIAN_POINT('',(-14.75,-1.5));
#8742 = VECTOR('',#8743,1.);
#8743 = DIRECTION('',(0.99976202708,-2.181488503456E-02));
#8744 = ( GEOMETRIC_REPRESENTATION_CONTEXT(2) 
PARAMETRIC_REPRESENTATION_CONTEXT() REPRESENTATION_CONTEXT('2D SPACE',''
  ) );
#8745 = PCURVE('',#1501,#8746);
#8746 = DEFINITIONAL_REPRESENTATION('',(#8747),#8751);
#8747 = LINE('',#8748,#8749);
#8748 = CARTESIAN_POINT('',(-14.75351093607,1.75));
#8749 = VECTOR('',#8750,1.);
#8750 = DIRECTION('',(1.,4.092215945834E-30));
#8751 = ( GEOMETRIC_REPRESENTATION_CONTEXT(2) 
PARAMETRIC_REPRESENTATION_CONTEXT() REPRESENTATION_CONTEXT('2D SPACE',''
  ) );
#8752 = ADVANCED_FACE('',(#8753),#8767,.F.);
#8753 = FACE_BOUND('',#8754,.F.);
#8754 = EDGE_LOOP('',(#8755,#8785,#8812,#8813));
#8755 = ORIENTED_EDGE('',*,*,#8756,.T.);
#8756 = EDGE_CURVE('',#8757,#8759,#8761,.T.);
#8757 = VERTEX_POINT('',#8758);
#8758 = CARTESIAN_POINT('',(2.35,-92.0302961,3.875));
#8759 = VERTEX_POINT('',#8760);
#8760 = CARTESIAN_POINT('',(2.35,-92.0302961,8.575));
#8761 = SEAM_CURVE('',#8762,(#8766,#8778),.PCURVE_S1.);
#8762 = LINE('',#8763,#8764);
#8763 = CARTESIAN_POINT('',(2.35,-92.0302961,6.225));
#8764 = VECTOR('',#8765,1.);
#8765 = DIRECTION('',(0.,0.,1.));
#8766 = PCURVE('',#8767,#8772);
#8767 = CYLINDRICAL_SURFACE('',#8768,2.35);
#8768 = AXIS2_PLACEMENT_3D('',#8769,#8770,#8771);
#8769 = CARTESIAN_POINT('',(-1.6E-16,-92.0302961,6.225));
#8770 = DIRECTION('',(0.,0.,1.));
#8771 = DIRECTION('',(-1.,0.,0.));
#8772 = DEFINITIONAL_REPRESENTATION('',(#8773),#8777);
#8773 = LINE('',#8774,#8775);
#8774 = CARTESIAN_POINT('',(9.424777960769,0.));
#8775 = VECTOR('',#8776,1.);
#8776 = DIRECTION('',(0.,1.));
#8777 = ( GEOMETRIC_REPRESENTATION_CONTEXT(2) 
PARAMETRIC_REPRESENTATION_CONTEXT() REPRESENTATION_CONTEXT('2D SPACE',''
  ) );
#8778 = PCURVE('',#8767,#8779);
#8779 = DEFINITIONAL_REPRESENTATION('',(#8780),#8784);
#8780 = LINE('',#8781,#8782);
#8781 = CARTESIAN_POINT('',(3.14159265359,0.));
#8782 = VECTOR('',#8783,1.);
#8783 = DIRECTION('',(0.,1.));
#8784 = ( GEOMETRIC_REPRESENTATION_CONTEXT(2) 
PARAMETRIC_REPRESENTATION_CONTEXT() REPRESENTATION_CONTEXT('2D SPACE',''
  ) );
#8785 = ORIENTED_EDGE('',*,*,#8786,.F.);
#8786 = EDGE_CURVE('',#8759,#8759,#8787,.T.);
#8787 = SURFACE_CURVE('',#8788,(#8793,#8800),.PCURVE_S1.);
#8788 = CIRCLE('',#8789,2.35);
#8789 = AXIS2_PLACEMENT_3D('',#8790,#8791,#8792);
#8790 = CARTESIAN_POINT('',(-1.6E-16,-92.0302961,8.575));
#8791 = DIRECTION('',(0.,0.,1.));
#8792 = DIRECTION('',(-1.,0.,0.));
#8793 = PCURVE('',#8767,#8794);
#8794 = DEFINITIONAL_REPRESENTATION('',(#8795),#8799);
#8795 = LINE('',#8796,#8797);
#8796 = CARTESIAN_POINT('',(0.,2.35));
#8797 = VECTOR('',#8798,1.);
#8798 = DIRECTION('',(1.,0.));
#8799 = ( GEOMETRIC_REPRESENTATION_CONTEXT(2) 
PARAMETRIC_REPRESENTATION_CONTEXT() REPRESENTATION_CONTEXT('2D SPACE',''
  ) );
#8800 = PCURVE('',#8801,#8806);
#8801 = PLANE('',#8802);
#8802 = AXIS2_PLACEMENT_3D('',#8803,#8804,#8805);
#8803 = CARTESIAN_POINT('',(-1.6E-16,-92.0302961,8.575));
#8804 = DIRECTION('',(0.,0.,1.));
#8805 = DIRECTION('',(-1.,0.,0.));
#8806 = DEFINITIONAL_REPRESENTATION('',(#8807),#8811);
#8807 = CIRCLE('',#8808,2.35);
#8808 = AXIS2_PLACEMENT_2D('',#8809,#8810);
#8809 = CARTESIAN_POINT('',(0.,0.));
#8810 = DIRECTION('',(1.,0.));
#8811 = ( GEOMETRIC_REPRESENTATION_CONTEXT(2) 
PARAMETRIC_REPRESENTATION_CONTEXT() REPRESENTATION_CONTEXT('2D SPACE',''
  ) );
#8812 = ORIENTED_EDGE('',*,*,#8756,.F.);
#8813 = ORIENTED_EDGE('',*,*,#8814,.T.);
#8814 = EDGE_CURVE('',#8757,#8757,#8815,.T.);
#8815 = SURFACE_CURVE('',#8816,(#8821,#8828),.PCURVE_S1.);
#8816 = CIRCLE('',#8817,2.35);
#8817 = AXIS2_PLACEMENT_3D('',#8818,#8819,#8820);
#8818 = CARTESIAN_POINT('',(-1.6E-16,-92.0302961,3.875));
#8819 = DIRECTION('',(0.,0.,1.));
#8820 = DIRECTION('',(-1.,0.,0.));
#8821 = PCURVE('',#8767,#8822);
#8822 = DEFINITIONAL_REPRESENTATION('',(#8823),#8827);
#8823 = LINE('',#8824,#8825);
#8824 = CARTESIAN_POINT('',(0.,-2.35));
#8825 = VECTOR('',#8826,1.);
#8826 = DIRECTION('',(1.,0.));
#8827 = ( GEOMETRIC_REPRESENTATION_CONTEXT(2) 
PARAMETRIC_REPRESENTATION_CONTEXT() REPRESENTATION_CONTEXT('2D SPACE',''
  ) );
#8828 = PCURVE('',#2881,#8829);
#8829 = DEFINITIONAL_REPRESENTATION('',(#8830),#8834);
#8830 = CIRCLE('',#8831,2.35);
#8831 = AXIS2_PLACEMENT_2D('',#8832,#8833);
#8832 = CARTESIAN_POINT('',(1.6E-16,0.));
#8833 = DIRECTION('',(1.,0.));
#8834 = ( GEOMETRIC_REPRESENTATION_CONTEXT(2) 
PARAMETRIC_REPRESENTATION_CONTEXT() REPRESENTATION_CONTEXT('2D SPACE',''
  ) );
#8835 = ADVANCED_FACE('',(#8836,#8885),#2909,.T.);
#8836 = FACE_BOUND('',#8837,.T.);
#8837 = EDGE_LOOP('',(#8838,#8839,#8840,#8863));
#8838 = ORIENTED_EDGE('',*,*,#7458,.T.);
#8839 = ORIENTED_EDGE('',*,*,#5441,.F.);
#8840 = ORIENTED_EDGE('',*,*,#8841,.F.);
#8841 = EDGE_CURVE('',#8842,#5442,#8844,.T.);
#8842 = VERTEX_POINT('',#8843);
#8843 = CARTESIAN_POINT('',(-8.783978579811,-98.29626086464,0.125));
#8844 = SURFACE_CURVE('',#8845,(#8849,#8856),.PCURVE_S1.);
#8845 = LINE('',#8846,#8847);
#8846 = CARTESIAN_POINT('',(40.545510710094,-98.29626086464,0.125));
#8847 = VECTOR('',#8848,1.);
#8848 = DIRECTION('',(1.,0.,0.));
#8849 = PCURVE('',#2909,#8850);
#8850 = DEFINITIONAL_REPRESENTATION('',(#8851),#8855);
#8851 = LINE('',#8852,#8853);
#8852 = CARTESIAN_POINT('',(40.545510710094,6.265964764647));
#8853 = VECTOR('',#8854,1.);
#8854 = DIRECTION('',(1.,0.));
#8855 = ( GEOMETRIC_REPRESENTATION_CONTEXT(2) 
PARAMETRIC_REPRESENTATION_CONTEXT() REPRESENTATION_CONTEXT('2D SPACE',''
  ) );
#8856 = PCURVE('',#133,#8857);
#8857 = DEFINITIONAL_REPRESENTATION('',(#8858),#8862);
#8858 = LINE('',#8859,#8860);
#8859 = CARTESIAN_POINT('',(-49.3294892899,0.21776508359));
#8860 = VECTOR('',#8861,1.);
#8861 = DIRECTION('',(1.,0.));
#8862 = ( GEOMETRIC_REPRESENTATION_CONTEXT(2) 
PARAMETRIC_REPRESENTATION_CONTEXT() REPRESENTATION_CONTEXT('2D SPACE',''
  ) );
#8863 = ORIENTED_EDGE('',*,*,#8864,.F.);
#8864 = EDGE_CURVE('',#7459,#8842,#8865,.T.);
#8865 = SURFACE_CURVE('',#8866,(#8871,#8878),.PCURVE_S1.);
#8866 = CIRCLE('',#8867,9.062383779386);
#8867 = AXIS2_PLACEMENT_3D('',#8868,#8869,#8870);
#8868 = CARTESIAN_POINT('',(-15.33107605373,-92.0302961,0.125));
#8869 = DIRECTION('',(0.,0.,-1.));
#8870 = DIRECTION('',(1.,1.96E-15,0.));
#8871 = PCURVE('',#2909,#8872);
#8872 = DEFINITIONAL_REPRESENTATION('',(#8873),#8877);
#8873 = CIRCLE('',#8874,9.062383779386);
#8874 = AXIS2_PLACEMENT_2D('',#8875,#8876);
#8875 = CARTESIAN_POINT('',(-15.33107605373,0.));
#8876 = DIRECTION('',(1.,-1.96E-15));
#8877 = ( GEOMETRIC_REPRESENTATION_CONTEXT(2) 
PARAMETRIC_REPRESENTATION_CONTEXT() REPRESENTATION_CONTEXT('2D SPACE',''
  ) );
#8878 = PCURVE('',#224,#8879);
#8879 = DEFINITIONAL_REPRESENTATION('',(#8880),#8884);
#8880 = LINE('',#8881,#8882);
#8881 = CARTESIAN_POINT('',(6.28318530718,3.E-17));
#8882 = VECTOR('',#8883,1.);
#8883 = DIRECTION('',(-1.,0.));
#8884 = ( GEOMETRIC_REPRESENTATION_CONTEXT(2) 
PARAMETRIC_REPRESENTATION_CONTEXT() REPRESENTATION_CONTEXT('2D SPACE',''
  ) );
#8885 = FACE_BOUND('',#8886,.T.);
#8886 = EDGE_LOOP('',(#8887));
#8887 = ORIENTED_EDGE('',*,*,#2894,.T.);
#8888 = ADVANCED_FACE('',(#8889),#2242,.F.);
#8889 = FACE_BOUND('',#8890,.F.);
#8890 = EDGE_LOOP('',(#8891,#8915,#8937,#8938));
#8891 = ORIENTED_EDGE('',*,*,#8892,.T.);
#8892 = EDGE_CURVE('',#2221,#8893,#8895,.T.);
#8893 = VERTEX_POINT('',#8894);
#8894 = CARTESIAN_POINT('',(-9.575,-25.1,29.5));
#8895 = SEAM_CURVE('',#8896,(#8901,#8908),.PCURVE_S1.);
#8896 = CIRCLE('',#8897,1.5);
#8897 = AXIS2_PLACEMENT_3D('',#8898,#8899,#8900);
#8898 = CARTESIAN_POINT('',(-9.575,-25.1,28.));
#8899 = DIRECTION('',(0.,1.,1.9E-15));
#8900 = DIRECTION('',(1.,2.6524E-29,-1.396E-14));
#8901 = PCURVE('',#2242,#8902);
#8902 = DEFINITIONAL_REPRESENTATION('',(#8903),#8907);
#8903 = LINE('',#8904,#8905);
#8904 = CARTESIAN_POINT('',(-3.14159265359,6.28318530718));
#8905 = VECTOR('',#8906,1.);
#8906 = DIRECTION('',(0.,-1.));
#8907 = ( GEOMETRIC_REPRESENTATION_CONTEXT(2) 
PARAMETRIC_REPRESENTATION_CONTEXT() REPRESENTATION_CONTEXT('2D SPACE',''
  ) );
#8908 = PCURVE('',#2242,#8909);
#8909 = DEFINITIONAL_REPRESENTATION('',(#8910),#8914);
#8910 = LINE('',#8911,#8912);
#8911 = CARTESIAN_POINT('',(3.14159265359,6.28318530718));
#8912 = VECTOR('',#8913,1.);
#8913 = DIRECTION('',(0.,-1.));
#8914 = ( GEOMETRIC_REPRESENTATION_CONTEXT(2) 
PARAMETRIC_REPRESENTATION_CONTEXT() REPRESENTATION_CONTEXT('2D SPACE',''
  ) );
#8915 = ORIENTED_EDGE('',*,*,#8916,.F.);
#8916 = EDGE_CURVE('',#8893,#8893,#8917,.T.);
#8917 = SURFACE_CURVE('',#8918,(#8923,#8930),.PCURVE_S1.);
#8918 = CIRCLE('',#8919,5.5);
#8919 = AXIS2_PLACEMENT_3D('',#8920,#8921,#8922);
#8920 = CARTESIAN_POINT('',(-15.075,-25.1,29.5));
#8921 = DIRECTION('',(0.,0.,-1.));
#8922 = DIRECTION('',(1.,0.,0.));
#8923 = PCURVE('',#2242,#8924);
#8924 = DEFINITIONAL_REPRESENTATION('',(#8925),#8929);
#8925 = LINE('',#8926,#8927);
#8926 = CARTESIAN_POINT('',(3.14159265359,1.570796326795));
#8927 = VECTOR('',#8928,1.);
#8928 = DIRECTION('',(-1.,0.));
#8929 = ( GEOMETRIC_REPRESENTATION_CONTEXT(2) 
PARAMETRIC_REPRESENTATION_CONTEXT() REPRESENTATION_CONTEXT('2D SPACE',''
  ) );
#8930 = PCURVE('',#275,#8931);
#8931 = DEFINITIONAL_REPRESENTATION('',(#8932),#8936);
#8932 = CIRCLE('',#8933,5.5);
#8933 = AXIS2_PLACEMENT_2D('',#8934,#8935);
#8934 = CARTESIAN_POINT('',(-60.075,25.1));
#8935 = DIRECTION('',(1.,0.));
#8936 = ( GEOMETRIC_REPRESENTATION_CONTEXT(2) 
PARAMETRIC_REPRESENTATION_CONTEXT() REPRESENTATION_CONTEXT('2D SPACE',''
  ) );
#8937 = ORIENTED_EDGE('',*,*,#8892,.F.);
#8938 = ORIENTED_EDGE('',*,*,#2220,.F.);
#8939 = ADVANCED_FACE('',(#8940),#1221,.F.);
#8940 = FACE_BOUND('',#8941,.T.);
#8941 = EDGE_LOOP('',(#8942,#8963,#8986,#9007));
#8942 = ORIENTED_EDGE('',*,*,#8943,.F.);
#8943 = EDGE_CURVE('',#5717,#1178,#8944,.T.);
#8944 = SURFACE_CURVE('',#8945,(#8949,#8956),.PCURVE_S1.);
#8945 = LINE('',#8946,#8947);
#8946 = CARTESIAN_POINT('',(-36.15,-97.65529608449,29.5));
#8947 = VECTOR('',#8948,1.);
#8948 = DIRECTION('',(0.,-2.181488503456E-02,-0.99976202708));
#8949 = PCURVE('',#1221,#8950);
#8950 = DEFINITIONAL_REPRESENTATION('',(#8951),#8955);
#8951 = LINE('',#8952,#8953);
#8952 = CARTESIAN_POINT('',(-171.025,29.599757202052));
#8953 = VECTOR('',#8954,1.);
#8954 = DIRECTION('',(0.,-1.));
#8955 = ( GEOMETRIC_REPRESENTATION_CONTEXT(2) 
PARAMETRIC_REPRESENTATION_CONTEXT() REPRESENTATION_CONTEXT('2D SPACE',''
  ) );
#8956 = PCURVE('',#1194,#8957);
#8957 = DEFINITIONAL_REPRESENTATION('',(#8958),#8962);
#8958 = LINE('',#8959,#8960);
#8959 = CARTESIAN_POINT('',(7.068583470577,29.553389537105));
#8960 = VECTOR('',#8961,1.);
#8961 = DIRECTION('',(-2.1E-16,-1.));
#8962 = ( GEOMETRIC_REPRESENTATION_CONTEXT(2) 
PARAMETRIC_REPRESENTATION_CONTEXT() REPRESENTATION_CONTEXT('2D SPACE',''
  ) );
#8963 = ORIENTED_EDGE('',*,*,#8964,.T.);
#8964 = EDGE_CURVE('',#5717,#8965,#8967,.T.);
#8965 = VERTEX_POINT('',#8966);
#8966 = CARTESIAN_POINT('',(-28.,-97.65529608449,29.5));
#8967 = SURFACE_CURVE('',#8968,(#8972,#8979),.PCURVE_S1.);
#8968 = LINE('',#8969,#8970);
#8969 = CARTESIAN_POINT('',(-36.15,-97.65529608449,29.5));
#8970 = VECTOR('',#8971,1.);
#8971 = DIRECTION('',(1.,0.,0.));
#8972 = PCURVE('',#1221,#8973);
#8973 = DEFINITIONAL_REPRESENTATION('',(#8974),#8978);
#8974 = LINE('',#8975,#8976);
#8975 = CARTESIAN_POINT('',(-171.025,29.599757202052));
#8976 = VECTOR('',#8977,1.);
#8977 = DIRECTION('',(1.,0.));
#8978 = ( GEOMETRIC_REPRESENTATION_CONTEXT(2) 
PARAMETRIC_REPRESENTATION_CONTEXT() REPRESENTATION_CONTEXT('2D SPACE',''
  ) );
#8979 = PCURVE('',#275,#8980);
#8980 = DEFINITIONAL_REPRESENTATION('',(#8981),#8985);
#8981 = LINE('',#8982,#8983);
#8982 = CARTESIAN_POINT('',(-81.15,97.655296084497));
#8983 = VECTOR('',#8984,1.);
#8984 = DIRECTION('',(1.,0.));
#8985 = ( GEOMETRIC_REPRESENTATION_CONTEXT(2) 
PARAMETRIC_REPRESENTATION_CONTEXT() REPRESENTATION_CONTEXT('2D SPACE',''
  ) );
#8986 = ORIENTED_EDGE('',*,*,#8987,.T.);
#8987 = EDGE_CURVE('',#8965,#1206,#8988,.T.);
#8988 = SURFACE_CURVE('',#8989,(#8993,#9000),.PCURVE_S1.);
#8989 = LINE('',#8990,#8991);
#8990 = CARTESIAN_POINT('',(-28.,-97.65529608449,29.5));
#8991 = VECTOR('',#8992,1.);
#8992 = DIRECTION('',(0.,-2.181488503456E-02,-0.99976202708));
#8993 = PCURVE('',#1221,#8994);
#8994 = DEFINITIONAL_REPRESENTATION('',(#8995),#8999);
#8995 = LINE('',#8996,#8997);
#8996 = CARTESIAN_POINT('',(-162.875,29.599757202052));
#8997 = VECTOR('',#8998,1.);
#8998 = DIRECTION('',(0.,-1.));
#8999 = ( GEOMETRIC_REPRESENTATION_CONTEXT(2) 
PARAMETRIC_REPRESENTATION_CONTEXT() REPRESENTATION_CONTEXT('2D SPACE',''
  ) );
#9000 = PCURVE('',#1249,#9001);
#9001 = DEFINITIONAL_REPRESENTATION('',(#9002),#9006);
#9002 = LINE('',#9003,#9004);
#9003 = CARTESIAN_POINT('',(-14.75,-0.643692289853));
#9004 = VECTOR('',#9005,1.);
#9005 = DIRECTION('',(0.99976202708,2.181488503456E-02));
#9006 = ( GEOMETRIC_REPRESENTATION_CONTEXT(2) 
PARAMETRIC_REPRESENTATION_CONTEXT() REPRESENTATION_CONTEXT('2D SPACE',''
  ) );
#9007 = ORIENTED_EDGE('',*,*,#1205,.F.);
#9008 = ADVANCED_FACE('',(#9009),#4343,.F.);
#9009 = FACE_BOUND('',#9010,.F.);
#9010 = EDGE_LOOP('',(#9011,#9012,#9040,#9068));
#9011 = ORIENTED_EDGE('',*,*,#4327,.F.);
#9012 = ORIENTED_EDGE('',*,*,#9013,.T.);
#9013 = EDGE_CURVE('',#4300,#9014,#9016,.T.);
#9014 = VERTEX_POINT('',#9015);
#9015 = CARTESIAN_POINT('',(-42.20901157339,-98.66098913346,32.5));
#9016 = SURFACE_CURVE('',#9017,(#9021,#9028),.PCURVE_S1.);
#9017 = LINE('',#9018,#9019);
#9018 = CARTESIAN_POINT('',(89.9375,-98.66098913346,32.5));
#9019 = VECTOR('',#9020,1.);
#9020 = DIRECTION('',(-1.,0.,0.));
#9021 = PCURVE('',#4343,#9022);
#9022 = DEFINITIONAL_REPRESENTATION('',(#9023),#9027);
#9023 = LINE('',#9024,#9025);
#9024 = CARTESIAN_POINT('',(-44.9375,-98.66098913346));
#9025 = VECTOR('',#9026,1.);
#9026 = DIRECTION('',(1.,0.));
#9027 = ( GEOMETRIC_REPRESENTATION_CONTEXT(2) 
PARAMETRIC_REPRESENTATION_CONTEXT() REPRESENTATION_CONTEXT('2D SPACE',''
  ) );
#9028 = PCURVE('',#9029,#9034);
#9029 = CYLINDRICAL_SURFACE('',#9030,3.25);
#9030 = AXIS2_PLACEMENT_3D('',#9031,#9032,#9033);
#9031 = CARTESIAN_POINT('',(89.9375,-98.66098913346,29.25));
#9032 = DIRECTION('',(-1.,0.,0.));
#9033 = DIRECTION('',(0.,-0.699351526403,0.714777897334));
#9034 = DEFINITIONAL_REPRESENTATION('',(#9035),#9039);
#9035 = LINE('',#9036,#9037);
#9036 = CARTESIAN_POINT('',(0.774489855572,0.));
#9037 = VECTOR('',#9038,1.);
#9038 = DIRECTION('',(0.,1.));
#9039 = ( GEOMETRIC_REPRESENTATION_CONTEXT(2) 
PARAMETRIC_REPRESENTATION_CONTEXT() REPRESENTATION_CONTEXT('2D SPACE',''
  ) );
#9040 = ORIENTED_EDGE('',*,*,#9041,.T.);
#9041 = EDGE_CURVE('',#9014,#9042,#9044,.T.);
#9042 = VERTEX_POINT('',#9043);
#9043 = CARTESIAN_POINT('',(-42.20901157339,98.660989133467,32.5));
#9044 = SURFACE_CURVE('',#9045,(#9049,#9056),.PCURVE_S1.);
#9045 = LINE('',#9046,#9047);
#9046 = CARTESIAN_POINT('',(-42.20901157339,51.275,32.5));
#9047 = VECTOR('',#9048,1.);
#9048 = DIRECTION('',(-9.E-17,1.,0.));
#9049 = PCURVE('',#4343,#9050);
#9050 = DEFINITIONAL_REPRESENTATION('',(#9051),#9055);
#9051 = LINE('',#9052,#9053);
#9052 = CARTESIAN_POINT('',(87.209011573395,51.275));
#9053 = VECTOR('',#9054,1.);
#9054 = DIRECTION('',(9.E-17,1.));
#9055 = ( GEOMETRIC_REPRESENTATION_CONTEXT(2) 
PARAMETRIC_REPRESENTATION_CONTEXT() REPRESENTATION_CONTEXT('2D SPACE',''
  ) );
#9056 = PCURVE('',#9057,#9062);
#9057 = CYLINDRICAL_SURFACE('',#9058,2.);
#9058 = AXIS2_PLACEMENT_3D('',#9059,#9060,#9061);
#9059 = CARTESIAN_POINT('',(-42.20901157339,51.275,30.5));
#9060 = DIRECTION('',(9.E-17,-1.,0.));
#9061 = DIRECTION('',(-0.699351526403,-6.29416373763E-17,0.714777897334)
  );
#9062 = DEFINITIONAL_REPRESENTATION('',(#9063),#9067);
#9063 = LINE('',#9064,#9065);
#9064 = CARTESIAN_POINT('',(-0.774489855572,0.));
#9065 = VECTOR('',#9066,1.);
#9066 = DIRECTION('',(-3.E-17,-1.));
#9067 = ( GEOMETRIC_REPRESENTATION_CONTEXT(2) 
PARAMETRIC_REPRESENTATION_CONTEXT() REPRESENTATION_CONTEXT('2D SPACE',''
  ) );
#9068 = ORIENTED_EDGE('',*,*,#9069,.T.);
#9069 = EDGE_CURVE('',#9042,#4328,#9070,.T.);
#9070 = SURFACE_CURVE('',#9071,(#9075,#9082),.PCURVE_S1.);
#9071 = LINE('',#9072,#9073);
#9072 = CARTESIAN_POINT('',(6.25E-02,98.660989133467,32.5));
#9073 = VECTOR('',#9074,1.);
#9074 = DIRECTION('',(1.,0.,0.));
#9075 = PCURVE('',#4343,#9076);
#9076 = DEFINITIONAL_REPRESENTATION('',(#9077),#9081);
#9077 = LINE('',#9078,#9079);
#9078 = CARTESIAN_POINT('',(44.9375,98.660989133467));
#9079 = VECTOR('',#9080,1.);
#9080 = DIRECTION('',(-1.,0.));
#9081 = ( GEOMETRIC_REPRESENTATION_CONTEXT(2) 
PARAMETRIC_REPRESENTATION_CONTEXT() REPRESENTATION_CONTEXT('2D SPACE',''
  ) );
#9082 = PCURVE('',#4840,#9083);
#9083 = DEFINITIONAL_REPRESENTATION('',(#9084),#9088);
#9084 = LINE('',#9085,#9086);
#9085 = CARTESIAN_POINT('',(5.508695451607,0.));
#9086 = VECTOR('',#9087,1.);
#9087 = DIRECTION('',(0.,-1.));
#9088 = ( GEOMETRIC_REPRESENTATION_CONTEXT(2) 
PARAMETRIC_REPRESENTATION_CONTEXT() REPRESENTATION_CONTEXT('2D SPACE',''
  ) );
#9089 = ADVANCED_FACE('',(#9090),#4315,.T.);
#9090 = FACE_BOUND('',#9091,.T.);
#9091 = EDGE_LOOP('',(#9092,#9113,#9114,#9135));
#9092 = ORIENTED_EDGE('',*,*,#9093,.F.);
#9093 = EDGE_CURVE('',#8427,#4300,#9094,.T.);
#9094 = SURFACE_CURVE('',#9095,(#9100,#9107),.PCURVE_S1.);
#9095 = CIRCLE('',#9096,3.25);
#9096 = AXIS2_PLACEMENT_3D('',#9097,#9098,#9099);
#9097 = CARTESIAN_POINT('',(-9.,-98.66098913346,29.25));
#9098 = DIRECTION('',(-1.,0.,0.));
#9099 = DIRECTION('',(0.,-0.699351526403,0.714777897334));
#9100 = PCURVE('',#4315,#9101);
#9101 = DEFINITIONAL_REPRESENTATION('',(#9102),#9106);
#9102 = LINE('',#9103,#9104);
#9103 = CARTESIAN_POINT('',(-6.28318530718,53.9375));
#9104 = VECTOR('',#9105,1.);
#9105 = DIRECTION('',(1.,0.));
#9106 = ( GEOMETRIC_REPRESENTATION_CONTEXT(2) 
PARAMETRIC_REPRESENTATION_CONTEXT() REPRESENTATION_CONTEXT('2D SPACE',''
  ) );
#9107 = PCURVE('',#9029,#9108);
#9108 = DEFINITIONAL_REPRESENTATION('',(#9109),#9112);
#9109 = B_SPLINE_CURVE_WITH_KNOTS('',1,(#9110,#9111),.UNSPECIFIED.,.F.,
  .F.,(2,2),(5.508695451607,7.057675162752),.PIECEWISE_BEZIER_KNOTS.);
#9110 = CARTESIAN_POINT('',(-0.774489855572,98.9375));
#9111 = CARTESIAN_POINT('',(0.774489855573,98.9375));
#9112 = ( GEOMETRIC_REPRESENTATION_CONTEXT(2) 
PARAMETRIC_REPRESENTATION_CONTEXT() REPRESENTATION_CONTEXT('2D SPACE',''
  ) );
#9113 = ORIENTED_EDGE('',*,*,#8471,.T.);
#9114 = ORIENTED_EDGE('',*,*,#9115,.T.);
#9115 = EDGE_CURVE('',#4518,#4265,#9116,.T.);
#9116 = SURFACE_CURVE('',#9117,(#9122,#9129),.PCURVE_S1.);
#9117 = CIRCLE('',#9118,3.25);
#9118 = AXIS2_PLACEMENT_3D('',#9119,#9120,#9121);
#9119 = CARTESIAN_POINT('',(9.,-98.66098913346,29.25));
#9120 = DIRECTION('',(-1.,0.,0.));
#9121 = DIRECTION('',(0.,-0.699351526403,0.714777897334));
#9122 = PCURVE('',#4315,#9123);
#9123 = DEFINITIONAL_REPRESENTATION('',(#9124),#9128);
#9124 = LINE('',#9125,#9126);
#9125 = CARTESIAN_POINT('',(-6.28318530718,35.9375));
#9126 = VECTOR('',#9127,1.);
#9127 = DIRECTION('',(1.,0.));
#9128 = ( GEOMETRIC_REPRESENTATION_CONTEXT(2) 
PARAMETRIC_REPRESENTATION_CONTEXT() REPRESENTATION_CONTEXT('2D SPACE',''
  ) );
#9129 = PCURVE('',#4617,#9130);
#9130 = DEFINITIONAL_REPRESENTATION('',(#9131),#9134);
#9131 = B_SPLINE_CURVE_WITH_KNOTS('',1,(#9132,#9133),.UNSPECIFIED.,.F.,
  .F.,(2,2),(5.508695451607,7.057675162752),.PIECEWISE_BEZIER_KNOTS.);
#9132 = CARTESIAN_POINT('',(-0.774489855572,-9.0625));
#9133 = CARTESIAN_POINT('',(0.774489855573,-9.0625));
#9134 = ( GEOMETRIC_REPRESENTATION_CONTEXT(2) 
PARAMETRIC_REPRESENTATION_CONTEXT() REPRESENTATION_CONTEXT('2D SPACE',''
  ) );
#9135 = ORIENTED_EDGE('',*,*,#4299,.T.);
#9136 = ADVANCED_FACE('',(#9137,#9163),#1868,.T.);
#9137 = FACE_BOUND('',#9138,.T.);
#9138 = EDGE_LOOP('',(#9139,#9140,#9141,#9162));
#9139 = ORIENTED_EDGE('',*,*,#4467,.T.);
#9140 = ORIENTED_EDGE('',*,*,#6993,.F.);
#9141 = ORIENTED_EDGE('',*,*,#9142,.F.);
#9142 = EDGE_CURVE('',#1852,#6994,#9143,.T.);
#9143 = SURFACE_CURVE('',#9144,(#9148,#9155),.PCURVE_S1.);
#9144 = LINE('',#9145,#9146);
#9145 = CARTESIAN_POINT('',(-40.54551071009,98.296260864647,0.125));
#9146 = VECTOR('',#9147,1.);
#9147 = DIRECTION('',(-1.,0.,0.));
#9148 = PCURVE('',#1868,#9149);
#9149 = DEFINITIONAL_REPRESENTATION('',(#9150),#9154);
#9150 = LINE('',#9151,#9152);
#9151 = CARTESIAN_POINT('',(-40.54551071009,-2.450504579014));
#9152 = VECTOR('',#9153,1.);
#9153 = DIRECTION('',(-1.,0.));
#9154 = ( GEOMETRIC_REPRESENTATION_CONTEXT(2) 
PARAMETRIC_REPRESENTATION_CONTEXT() REPRESENTATION_CONTEXT('2D SPACE',''
  ) );
#9155 = PCURVE('',#303,#9156);
#9156 = DEFINITIONAL_REPRESENTATION('',(#9157),#9161);
#9157 = LINE('',#9158,#9159);
#9158 = CARTESIAN_POINT('',(-49.3294892899,0.21776508359));
#9159 = VECTOR('',#9160,1.);
#9160 = DIRECTION('',(1.,0.));
#9161 = ( GEOMETRIC_REPRESENTATION_CONTEXT(2) 
PARAMETRIC_REPRESENTATION_CONTEXT() REPRESENTATION_CONTEXT('2D SPACE',''
  ) );
#9162 = ORIENTED_EDGE('',*,*,#1849,.F.);
#9163 = FACE_BOUND('',#9164,.T.);
#9164 = EDGE_LOOP('',(#9165));
#9165 = ORIENTED_EDGE('',*,*,#2726,.T.);
#9166 = ADVANCED_FACE('',(#9167),#9181,.T.);
#9167 = FACE_BOUND('',#9168,.T.);
#9168 = EDGE_LOOP('',(#9169,#9204,#9227,#9250));
#9169 = ORIENTED_EDGE('',*,*,#9170,.F.);
#9170 = EDGE_CURVE('',#9171,#9173,#9175,.T.);
#9171 = VERTEX_POINT('',#9172);
#9172 = CARTESIAN_POINT('',(-37.15,96.188018412049,28.00035695938));
#9173 = VERTEX_POINT('',#9174);
#9174 = CARTESIAN_POINT('',(-38.65,96.188018412049,28.00035695938));
#9175 = SURFACE_CURVE('',#9176,(#9180,#9192),.PCURVE_S1.);
#9176 = LINE('',#9177,#9178);
#9177 = CARTESIAN_POINT('',(-37.15,96.188018412049,28.00035695938));
#9178 = VECTOR('',#9179,1.);
#9179 = DIRECTION('',(-1.,0.,0.));
#9180 = PCURVE('',#9181,#9186);
#9181 = PLANE('',#9182);
#9182 = AXIS2_PLACEMENT_3D('',#9183,#9184,#9185);
#9183 = CARTESIAN_POINT('',(-37.9,-96.18801841204,28.00035695938));
#9184 = DIRECTION('',(1.184E-14,1.E-17,-1.));
#9185 = DIRECTION('',(1.,0.,1.184E-14));
#9186 = DEFINITIONAL_REPRESENTATION('',(#9187),#9191);
#9187 = LINE('',#9188,#9189);
#9188 = CARTESIAN_POINT('',(0.75,-192.376036824));
#9189 = VECTOR('',#9190,1.);
#9190 = DIRECTION('',(-1.,-1.184E-31));
#9191 = ( GEOMETRIC_REPRESENTATION_CONTEXT(2) 
PARAMETRIC_REPRESENTATION_CONTEXT() REPRESENTATION_CONTEXT('2D SPACE',''
  ) );
#9192 = PCURVE('',#9193,#9198);
#9193 = PLANE('',#9194);
#9194 = AXIS2_PLACEMENT_3D('',#9195,#9196,#9197);
#9195 = CARTESIAN_POINT('',(-38.65,96.493503393199,14.00017847969));
#9196 = DIRECTION('',(1.184E-14,-0.99976202708,-2.181488503456E-02));
#9197 = DIRECTION('',(0.,2.181488503456E-02,-0.99976202708));
#9198 = DEFINITIONAL_REPRESENTATION('',(#9199),#9203);
#9199 = LINE('',#9200,#9201);
#9200 = CARTESIAN_POINT('',(-14.00351093607,1.5));
#9201 = VECTOR('',#9202,1.);
#9202 = DIRECTION('',(0.,-1.));
#9203 = ( GEOMETRIC_REPRESENTATION_CONTEXT(2) 
PARAMETRIC_REPRESENTATION_CONTEXT() REPRESENTATION_CONTEXT('2D SPACE',''
  ) );
#9204 = ORIENTED_EDGE('',*,*,#9205,.F.);
#9205 = EDGE_CURVE('',#9206,#9171,#9208,.T.);
#9206 = VERTEX_POINT('',#9207);
#9207 = CARTESIAN_POINT('',(-37.15,-96.18801841204,28.00035695938));
#9208 = SURFACE_CURVE('',#9209,(#9213,#9220),.PCURVE_S1.);
#9209 = LINE('',#9210,#9211);
#9210 = CARTESIAN_POINT('',(-37.15,-96.18801841204,28.00035695938));
#9211 = VECTOR('',#9212,1.);
#9212 = DIRECTION('',(0.,1.,0.));
#9213 = PCURVE('',#9181,#9214);
#9214 = DEFINITIONAL_REPRESENTATION('',(#9215),#9219);
#9215 = LINE('',#9216,#9217);
#9216 = CARTESIAN_POINT('',(0.75,1.774572642399E-32));
#9217 = VECTOR('',#9218,1.);
#9218 = DIRECTION('',(0.,-1.));
#9219 = ( GEOMETRIC_REPRESENTATION_CONTEXT(2) 
PARAMETRIC_REPRESENTATION_CONTEXT() REPRESENTATION_CONTEXT('2D SPACE',''
  ) );
#9220 = PCURVE('',#1165,#9221);
#9221 = DEFINITIONAL_REPRESENTATION('',(#9222),#9226);
#9222 = LINE('',#9223,#9224);
#9223 = CARTESIAN_POINT('',(13.75035695938,-1.110731932737));
#9224 = VECTOR('',#9225,1.);
#9225 = DIRECTION('',(0.,-1.));
#9226 = ( GEOMETRIC_REPRESENTATION_CONTEXT(2) 
PARAMETRIC_REPRESENTATION_CONTEXT() REPRESENTATION_CONTEXT('2D SPACE',''
  ) );
#9227 = ORIENTED_EDGE('',*,*,#9228,.T.);
#9228 = EDGE_CURVE('',#9206,#9229,#9231,.T.);
#9229 = VERTEX_POINT('',#9230);
#9230 = CARTESIAN_POINT('',(-38.65,-96.18801841204,28.00035695938));
#9231 = SURFACE_CURVE('',#9232,(#9236,#9243),.PCURVE_S1.);
#9232 = LINE('',#9233,#9234);
#9233 = CARTESIAN_POINT('',(-37.15,-96.18801841204,28.00035695938));
#9234 = VECTOR('',#9235,1.);
#9235 = DIRECTION('',(-1.,0.,0.));
#9236 = PCURVE('',#9181,#9237);
#9237 = DEFINITIONAL_REPRESENTATION('',(#9238),#9242);
#9238 = LINE('',#9239,#9240);
#9239 = CARTESIAN_POINT('',(0.75,1.774572642399E-32));
#9240 = VECTOR('',#9241,1.);
#9241 = DIRECTION('',(-1.,-1.184E-31));
#9242 = ( GEOMETRIC_REPRESENTATION_CONTEXT(2) 
PARAMETRIC_REPRESENTATION_CONTEXT() REPRESENTATION_CONTEXT('2D SPACE',''
  ) );
#9243 = PCURVE('',#1137,#9244);
#9244 = DEFINITIONAL_REPRESENTATION('',(#9245),#9249);
#9245 = LINE('',#9246,#9247);
#9246 = CARTESIAN_POINT('',(14.003510936079,1.5));
#9247 = VECTOR('',#9248,1.);
#9248 = DIRECTION('',(0.,-1.));
#9249 = ( GEOMETRIC_REPRESENTATION_CONTEXT(2) 
PARAMETRIC_REPRESENTATION_CONTEXT() REPRESENTATION_CONTEXT('2D SPACE',''
  ) );
#9250 = ORIENTED_EDGE('',*,*,#9251,.T.);
#9251 = EDGE_CURVE('',#9229,#9173,#9252,.T.);
#9252 = SURFACE_CURVE('',#9253,(#9257,#9264),.PCURVE_S1.);
#9253 = LINE('',#9254,#9255);
#9254 = CARTESIAN_POINT('',(-38.65,-96.18801841204,28.00035695938));
#9255 = VECTOR('',#9256,1.);
#9256 = DIRECTION('',(0.,1.,0.));
#9257 = PCURVE('',#9181,#9258);
#9258 = DEFINITIONAL_REPRESENTATION('',(#9259),#9263);
#9259 = LINE('',#9260,#9261);
#9260 = CARTESIAN_POINT('',(-0.75,-1.774572642399E-32));
#9261 = VECTOR('',#9262,1.);
#9262 = DIRECTION('',(0.,-1.));
#9263 = ( GEOMETRIC_REPRESENTATION_CONTEXT(2) 
PARAMETRIC_REPRESENTATION_CONTEXT() REPRESENTATION_CONTEXT('2D SPACE',''
  ) );
#9264 = PCURVE('',#1109,#9265);
#9265 = DEFINITIONAL_REPRESENTATION('',(#9266),#9270);
#9266 = LINE('',#9267,#9268);
#9267 = CARTESIAN_POINT('',(12.815954756007,-96.18801841204));
#9268 = VECTOR('',#9269,1.);
#9269 = DIRECTION('',(0.,1.));
#9270 = ( GEOMETRIC_REPRESENTATION_CONTEXT(2) 
PARAMETRIC_REPRESENTATION_CONTEXT() REPRESENTATION_CONTEXT('2D SPACE',''
  ) );
#9271 = ADVANCED_FACE('',(#9272),#1473,.T.);
#9272 = FACE_BOUND('',#9273,.T.);
#9273 = EDGE_LOOP('',(#9274,#9297,#9318,#9319));
#9274 = ORIENTED_EDGE('',*,*,#9275,.F.);
#9275 = EDGE_CURVE('',#9276,#8660,#9278,.T.);
#9276 = VERTEX_POINT('',#9277);
#9277 = CARTESIAN_POINT('',(-20.4,-96.15529608449,29.5));
#9278 = SURFACE_CURVE('',#9279,(#9283,#9290),.PCURVE_S1.);
#9279 = LINE('',#9280,#9281);
#9280 = CARTESIAN_POINT('',(-20.4,-96.15529608449,29.5));
#9281 = VECTOR('',#9282,1.);
#9282 = DIRECTION('',(0.,-1.,0.));
#9283 = PCURVE('',#1473,#9284);
#9284 = DEFINITIONAL_REPRESENTATION('',(#9285),#9289);
#9285 = LINE('',#9286,#9287);
#9286 = CARTESIAN_POINT('',(-14.75,-2.143692289853));
#9287 = VECTOR('',#9288,1.);
#9288 = DIRECTION('',(0.,1.));
#9289 = ( GEOMETRIC_REPRESENTATION_CONTEXT(2) 
PARAMETRIC_REPRESENTATION_CONTEXT() REPRESENTATION_CONTEXT('2D SPACE',''
  ) );
#9290 = PCURVE('',#275,#9291);
#9291 = DEFINITIONAL_REPRESENTATION('',(#9292),#9296);
#9292 = LINE('',#9293,#9294);
#9293 = CARTESIAN_POINT('',(-65.4,96.155296084497));
#9294 = VECTOR('',#9295,1.);
#9295 = DIRECTION('',(0.,1.));
#9296 = ( GEOMETRIC_REPRESENTATION_CONTEXT(2) 
PARAMETRIC_REPRESENTATION_CONTEXT() REPRESENTATION_CONTEXT('2D SPACE',''
  ) );
#9297 = ORIENTED_EDGE('',*,*,#9298,.F.);
#9298 = EDGE_CURVE('',#1458,#9276,#9299,.T.);
#9299 = SURFACE_CURVE('',#9300,(#9304,#9311),.PCURVE_S1.);
#9300 = LINE('',#9301,#9302);
#9301 = CARTESIAN_POINT('',(-20.4,-96.79898837435,1.051E-14));
#9302 = VECTOR('',#9303,1.);
#9303 = DIRECTION('',(0.,2.181488503456E-02,0.99976202708));
#9304 = PCURVE('',#1473,#9305);
#9305 = DEFINITIONAL_REPRESENTATION('',(#9306),#9310);
#9306 = LINE('',#9307,#9308);
#9307 = CARTESIAN_POINT('',(14.75,-1.5));
#9308 = VECTOR('',#9309,1.);
#9309 = DIRECTION('',(-0.99976202708,-2.181488503456E-02));
#9310 = ( GEOMETRIC_REPRESENTATION_CONTEXT(2) 
PARAMETRIC_REPRESENTATION_CONTEXT() REPRESENTATION_CONTEXT('2D SPACE',''
  ) );
#9311 = PCURVE('',#1501,#9312);
#9312 = DEFINITIONAL_REPRESENTATION('',(#9313),#9317);
#9313 = LINE('',#9314,#9315);
#9314 = CARTESIAN_POINT('',(-14.75351093607,9.947598300641E-14));
#9315 = VECTOR('',#9316,1.);
#9316 = DIRECTION('',(1.,4.092215945834E-30));
#9317 = ( GEOMETRIC_REPRESENTATION_CONTEXT(2) 
PARAMETRIC_REPRESENTATION_CONTEXT() REPRESENTATION_CONTEXT('2D SPACE',''
  ) );
#9318 = ORIENTED_EDGE('',*,*,#1457,.F.);
#9319 = ORIENTED_EDGE('',*,*,#8682,.F.);
#9320 = ADVANCED_FACE('',(#9321),#2473,.T.);
#9321 = FACE_BOUND('',#9322,.T.);
#9322 = EDGE_LOOP('',(#9323,#9349,#9350,#9371));
#9323 = ORIENTED_EDGE('',*,*,#9324,.T.);
#9324 = EDGE_CURVE('',#2430,#4824,#9325,.T.);
#9325 = SURFACE_CURVE('',#9326,(#9330,#9337),.PCURVE_S1.);
#9326 = LINE('',#9327,#9328);
#9327 = CARTESIAN_POINT('',(-9.,103.17432855766,-28.6125727173));
#9328 = VECTOR('',#9329,1.);
#9329 = DIRECTION('',(-6.E-17,-2.181488503456E-02,0.99976202708));
#9330 = PCURVE('',#2473,#9331);
#9331 = DEFINITIONAL_REPRESENTATION('',(#9332),#9336);
#9332 = LINE('',#9333,#9334);
#9333 = CARTESIAN_POINT('',(-80.875,-28.61938335553));
#9334 = VECTOR('',#9335,1.);
#9335 = DIRECTION('',(6.E-17,1.));
#9336 = ( GEOMETRIC_REPRESENTATION_CONTEXT(2) 
PARAMETRIC_REPRESENTATION_CONTEXT() REPRESENTATION_CONTEXT('2D SPACE',''
  ) );
#9337 = PCURVE('',#9338,#9343);
#9338 = PLANE('',#9339);
#9339 = AXIS2_PLACEMENT_3D('',#9340,#9341,#9342);
#9340 = CARTESIAN_POINT('',(-44.875,102.55,0.));
#9341 = DIRECTION('',(0.,0.99976202708,2.181488503456E-02));
#9342 = DIRECTION('',(-1.,0.,0.));
#9343 = DEFINITIONAL_REPRESENTATION('',(#9344),#9348);
#9344 = LINE('',#9345,#9346);
#9345 = CARTESIAN_POINT('',(-35.875,-28.61938335553));
#9346 = VECTOR('',#9347,1.);
#9347 = DIRECTION('',(6.E-17,1.));
#9348 = ( GEOMETRIC_REPRESENTATION_CONTEXT(2) 
PARAMETRIC_REPRESENTATION_CONTEXT() REPRESENTATION_CONTEXT('2D SPACE',''
  ) );
#9349 = ORIENTED_EDGE('',*,*,#4880,.F.);
#9350 = ORIENTED_EDGE('',*,*,#9351,.F.);
#9351 = EDGE_CURVE('',#2458,#4853,#9352,.T.);
#9352 = SURFACE_CURVE('',#9353,(#9357,#9364),.PCURVE_S1.);
#9353 = LINE('',#9354,#9355);
#9354 = CARTESIAN_POINT('',(9.,103.47848164398,-42.55171132105));
#9355 = VECTOR('',#9356,1.);
#9356 = DIRECTION('',(2.2E-16,-2.181488503456E-02,0.99976202708));
#9357 = PCURVE('',#2473,#9358);
#9358 = DEFINITIONAL_REPRESENTATION('',(#9359),#9363);
#9359 = LINE('',#9360,#9361);
#9360 = CARTESIAN_POINT('',(-98.875,-42.56183988637));
#9361 = VECTOR('',#9362,1.);
#9362 = DIRECTION('',(-2.2E-16,1.));
#9363 = ( GEOMETRIC_REPRESENTATION_CONTEXT(2) 
PARAMETRIC_REPRESENTATION_CONTEXT() REPRESENTATION_CONTEXT('2D SPACE',''
  ) );
#9364 = PCURVE('',#6871,#9365);
#9365 = DEFINITIONAL_REPRESENTATION('',(#9366),#9370);
#9366 = LINE('',#9367,#9368);
#9367 = CARTESIAN_POINT('',(-143.875,-42.56183988637));
#9368 = VECTOR('',#9369,1.);
#9369 = DIRECTION('',(-2.2E-16,1.));
#9370 = ( GEOMETRIC_REPRESENTATION_CONTEXT(2) 
PARAMETRIC_REPRESENTATION_CONTEXT() REPRESENTATION_CONTEXT('2D SPACE',''
  ) );
#9371 = ORIENTED_EDGE('',*,*,#2457,.T.);
#9372 = ADVANCED_FACE('',(#9373),#619,.T.);
#9373 = FACE_BOUND('',#9374,.T.);
#9374 = EDGE_LOOP('',(#9375,#9376,#9397,#9398));
#9375 = ORIENTED_EDGE('',*,*,#3746,.F.);
#9376 = ORIENTED_EDGE('',*,*,#9377,.F.);
#9377 = EDGE_CURVE('',#604,#3719,#9378,.T.);
#9378 = SURFACE_CURVE('',#9379,(#9383,#9390),.PCURVE_S1.);
#9379 = LINE('',#9380,#9381);
#9380 = CARTESIAN_POINT('',(43.125484564793,-49.9,29.5));
#9381 = VECTOR('',#9382,1.);
#9382 = DIRECTION('',(0.,1.,0.));
#9383 = PCURVE('',#619,#9384);
#9384 = DEFINITIONAL_REPRESENTATION('',(#9385),#9389);
#9385 = LINE('',#9386,#9387);
#9386 = CARTESIAN_POINT('',(-8.101426720197E-14,49.9));
#9387 = VECTOR('',#9388,1.);
#9388 = DIRECTION('',(0.,1.));
#9389 = ( GEOMETRIC_REPRESENTATION_CONTEXT(2) 
PARAMETRIC_REPRESENTATION_CONTEXT() REPRESENTATION_CONTEXT('2D SPACE',''
  ) );
#9390 = PCURVE('',#2772,#9391);
#9391 = DEFINITIONAL_REPRESENTATION('',(#9392),#9396);
#9392 = LINE('',#9393,#9394);
#9393 = CARTESIAN_POINT('',(-88.12548456479,-49.9));
#9394 = VECTOR('',#9395,1.);
#9395 = DIRECTION('',(0.,1.));
#9396 = ( GEOMETRIC_REPRESENTATION_CONTEXT(2) 
PARAMETRIC_REPRESENTATION_CONTEXT() REPRESENTATION_CONTEXT('2D SPACE',''
  ) );
#9397 = ORIENTED_EDGE('',*,*,#603,.F.);
#9398 = ORIENTED_EDGE('',*,*,#3301,.T.);
#9399 = ADVANCED_FACE('',(#9400),#5182,.T.);
#9400 = FACE_BOUND('',#9401,.T.);
#9401 = EDGE_LOOP('',(#9402,#9403,#9404,#9425));
#9402 = ORIENTED_EDGE('',*,*,#7987,.F.);
#9403 = ORIENTED_EDGE('',*,*,#5168,.F.);
#9404 = ORIENTED_EDGE('',*,*,#9405,.F.);
#9405 = EDGE_CURVE('',#6917,#5146,#9406,.T.);
#9406 = SURFACE_CURVE('',#9407,(#9411,#9418),.PCURVE_S1.);
#9407 = LINE('',#9408,#9409);
#9408 = CARTESIAN_POINT('',(24.2,96.79898837435,1.051E-14));
#9409 = VECTOR('',#9410,1.);
#9410 = DIRECTION('',(-1.,0.,0.));
#9411 = PCURVE('',#5182,#9412);
#9412 = DEFINITIONAL_REPRESENTATION('',(#9413),#9417);
#9413 = LINE('',#9414,#9415);
#9414 = CARTESIAN_POINT('',(14.753510936079,-9.947598300641E-14));
#9415 = VECTOR('',#9416,1.);
#9416 = DIRECTION('',(0.,-1.));
#9417 = ( GEOMETRIC_REPRESENTATION_CONTEXT(2) 
PARAMETRIC_REPRESENTATION_CONTEXT() REPRESENTATION_CONTEXT('2D SPACE',''
  ) );
#9418 = PCURVE('',#2501,#9419);
#9419 = DEFINITIONAL_REPRESENTATION('',(#9420),#9424);
#9420 = LINE('',#9421,#9422);
#9421 = CARTESIAN_POINT('',(-69.2,98.17398837435));
#9422 = VECTOR('',#9423,1.);
#9423 = DIRECTION('',(1.,0.));
#9424 = ( GEOMETRIC_REPRESENTATION_CONTEXT(2) 
PARAMETRIC_REPRESENTATION_CONTEXT() REPRESENTATION_CONTEXT('2D SPACE',''
  ) );
#9425 = ORIENTED_EDGE('',*,*,#6916,.T.);
#9426 = ADVANCED_FACE('',(#9427),#1109,.T.);
#9427 = FACE_BOUND('',#9428,.T.);
#9428 = EDGE_LOOP('',(#9429,#9430,#9431,#9432,#9455,#9476,#9477,#9498));
#9429 = ORIENTED_EDGE('',*,*,#6069,.T.);
#9430 = ORIENTED_EDGE('',*,*,#2986,.T.);
#9431 = ORIENTED_EDGE('',*,*,#5691,.T.);
#9432 = ORIENTED_EDGE('',*,*,#9433,.T.);
#9433 = EDGE_CURVE('',#5669,#9434,#9436,.T.);
#9434 = VERTEX_POINT('',#9435);
#9435 = CARTESIAN_POINT('',(-38.65,96.79898837435,1.1E-14));
#9436 = SURFACE_CURVE('',#9437,(#9441,#9448),.PCURVE_S1.);
#9437 = LINE('',#9438,#9439);
#9438 = CARTESIAN_POINT('',(-38.65,-5.8E-15,1.01E-14));
#9439 = VECTOR('',#9440,1.);
#9440 = DIRECTION('',(0.,-1.,0.));
#9441 = PCURVE('',#1109,#9442);
#9442 = DEFINITIONAL_REPRESENTATION('',(#9443),#9447);
#9443 = LINE('',#9444,#9445);
#9444 = CARTESIAN_POINT('',(-15.18440220337,3.08E-15));
#9445 = VECTOR('',#9446,1.);
#9446 = DIRECTION('',(0.,-1.));
#9447 = ( GEOMETRIC_REPRESENTATION_CONTEXT(2) 
PARAMETRIC_REPRESENTATION_CONTEXT() REPRESENTATION_CONTEXT('2D SPACE',''
  ) );
#9448 = PCURVE('',#527,#9449);
#9449 = DEFINITIONAL_REPRESENTATION('',(#9450),#9454);
#9450 = LINE('',#9451,#9452);
#9451 = CARTESIAN_POINT('',(83.65,1.375));
#9452 = VECTOR('',#9453,1.);
#9453 = DIRECTION('',(0.,-1.));
#9454 = ( GEOMETRIC_REPRESENTATION_CONTEXT(2) 
PARAMETRIC_REPRESENTATION_CONTEXT() REPRESENTATION_CONTEXT('2D SPACE',''
  ) );
#9455 = ORIENTED_EDGE('',*,*,#9456,.F.);
#9456 = EDGE_CURVE('',#9173,#9434,#9457,.T.);
#9457 = SURFACE_CURVE('',#9458,(#9462,#9469),.PCURVE_S1.);
#9458 = LINE('',#9459,#9460);
#9459 = CARTESIAN_POINT('',(-38.65,96.188018412049,28.00035695938));
#9460 = VECTOR('',#9461,1.);
#9461 = DIRECTION('',(0.,2.181488503456E-02,-0.99976202708));
#9462 = PCURVE('',#1109,#9463);
#9463 = DEFINITIONAL_REPRESENTATION('',(#9464),#9468);
#9464 = LINE('',#9465,#9466);
#9465 = CARTESIAN_POINT('',(12.815954756007,96.188018412049));
#9466 = VECTOR('',#9467,1.);
#9467 = DIRECTION('',(-0.99976202708,2.181488503456E-02));
#9468 = ( GEOMETRIC_REPRESENTATION_CONTEXT(2) 
PARAMETRIC_REPRESENTATION_CONTEXT() REPRESENTATION_CONTEXT('2D SPACE',''
  ) );
#9469 = PCURVE('',#9193,#9470);
#9470 = DEFINITIONAL_REPRESENTATION('',(#9471),#9475);
#9471 = LINE('',#9472,#9473);
#9472 = CARTESIAN_POINT('',(-14.00351093607,-4.338734978716E-29));
#9473 = VECTOR('',#9474,1.);
#9474 = DIRECTION('',(1.,-9.466330862652E-30));
#9475 = ( GEOMETRIC_REPRESENTATION_CONTEXT(2) 
PARAMETRIC_REPRESENTATION_CONTEXT() REPRESENTATION_CONTEXT('2D SPACE',''
  ) );
#9476 = ORIENTED_EDGE('',*,*,#9251,.F.);
#9477 = ORIENTED_EDGE('',*,*,#9478,.F.);
#9478 = EDGE_CURVE('',#1094,#9229,#9479,.T.);
#9479 = SURFACE_CURVE('',#9480,(#9484,#9491),.PCURVE_S1.);
#9480 = LINE('',#9481,#9482);
#9481 = CARTESIAN_POINT('',(-38.65,-96.79898837435,1.051E-14));
#9482 = VECTOR('',#9483,1.);
#9483 = DIRECTION('',(0.,2.181488503456E-02,0.99976202708));
#9484 = PCURVE('',#1109,#9485);
#9485 = DEFINITIONAL_REPRESENTATION('',(#9486),#9490);
#9486 = LINE('',#9487,#9488);
#9487 = CARTESIAN_POINT('',(-15.18440220337,-96.79898837435));
#9488 = VECTOR('',#9489,1.);
#9489 = DIRECTION('',(0.99976202708,2.181488503456E-02));
#9490 = ( GEOMETRIC_REPRESENTATION_CONTEXT(2) 
PARAMETRIC_REPRESENTATION_CONTEXT() REPRESENTATION_CONTEXT('2D SPACE',''
  ) );
#9491 = PCURVE('',#1137,#9492);
#9492 = DEFINITIONAL_REPRESENTATION('',(#9493),#9497);
#9493 = LINE('',#9494,#9495);
#9494 = CARTESIAN_POINT('',(-14.00351093607,4.812051521848E-29));
#9495 = VECTOR('',#9496,1.);
#9496 = DIRECTION('',(1.,9.417027056076E-30));
#9497 = ( GEOMETRIC_REPRESENTATION_CONTEXT(2) 
PARAMETRIC_REPRESENTATION_CONTEXT() REPRESENTATION_CONTEXT('2D SPACE',''
  ) );
#9498 = ORIENTED_EDGE('',*,*,#1093,.T.);
#9499 = ADVANCED_FACE('',(#9500),#9515,.F.);
#9500 = FACE_BOUND('',#9501,.F.);
#9501 = EDGE_LOOP('',(#9502,#9533,#9555,#9556));
#9502 = ORIENTED_EDGE('',*,*,#9503,.T.);
#9503 = EDGE_CURVE('',#9504,#9506,#9508,.T.);
#9504 = VERTEX_POINT('',#9505);
#9505 = CARTESIAN_POINT('',(-11.075,74.9,28.));
#9506 = VERTEX_POINT('',#9507);
#9507 = CARTESIAN_POINT('',(-9.575,74.9,29.5));
#9508 = SEAM_CURVE('',#9509,(#9514,#9526),.PCURVE_S1.);
#9509 = CIRCLE('',#9510,1.5);
#9510 = AXIS2_PLACEMENT_3D('',#9511,#9512,#9513);
#9511 = CARTESIAN_POINT('',(-9.575,74.9,28.));
#9512 = DIRECTION('',(0.,1.,1.76E-15));
#9513 = DIRECTION('',(1.,2.00992E-29,-1.142E-14));
#9514 = PCURVE('',#9515,#9520);
#9515 = TOROIDAL_SURFACE('',#9516,5.5,1.5);
#9516 = AXIS2_PLACEMENT_3D('',#9517,#9518,#9519);
#9517 = CARTESIAN_POINT('',(-15.075,74.9,28.));
#9518 = DIRECTION('',(1.115E-14,-1.76E-15,1.));
#9519 = DIRECTION('',(-1.,0.,1.115E-14));
#9520 = DEFINITIONAL_REPRESENTATION('',(#9521),#9525);
#9521 = LINE('',#9522,#9523);
#9522 = CARTESIAN_POINT('',(-3.14159265359,6.28318530718));
#9523 = VECTOR('',#9524,1.);
#9524 = DIRECTION('',(1.7E-15,-1.));
#9525 = ( GEOMETRIC_REPRESENTATION_CONTEXT(2) 
PARAMETRIC_REPRESENTATION_CONTEXT() REPRESENTATION_CONTEXT('2D SPACE',''
  ) );
#9526 = PCURVE('',#9515,#9527);
#9527 = DEFINITIONAL_REPRESENTATION('',(#9528),#9532);
#9528 = LINE('',#9529,#9530);
#9529 = CARTESIAN_POINT('',(3.14159265359,6.28318530718));
#9530 = VECTOR('',#9531,1.);
#9531 = DIRECTION('',(1.7E-15,-1.));
#9532 = ( GEOMETRIC_REPRESENTATION_CONTEXT(2) 
PARAMETRIC_REPRESENTATION_CONTEXT() REPRESENTATION_CONTEXT('2D SPACE',''
  ) );
#9533 = ORIENTED_EDGE('',*,*,#9534,.F.);
#9534 = EDGE_CURVE('',#9506,#9506,#9535,.T.);
#9535 = SURFACE_CURVE('',#9536,(#9541,#9548),.PCURVE_S1.);
#9536 = CIRCLE('',#9537,5.5);
#9537 = AXIS2_PLACEMENT_3D('',#9538,#9539,#9540);
#9538 = CARTESIAN_POINT('',(-15.075,74.9,29.5));
#9539 = DIRECTION('',(0.,0.,-1.));
#9540 = DIRECTION('',(1.,0.,0.));
#9541 = PCURVE('',#9515,#9542);
#9542 = DEFINITIONAL_REPRESENTATION('',(#9543),#9547);
#9543 = LINE('',#9544,#9545);
#9544 = CARTESIAN_POINT('',(3.14159265359,1.570796326795));
#9545 = VECTOR('',#9546,1.);
#9546 = DIRECTION('',(-1.,0.));
#9547 = ( GEOMETRIC_REPRESENTATION_CONTEXT(2) 
PARAMETRIC_REPRESENTATION_CONTEXT() REPRESENTATION_CONTEXT('2D SPACE',''
  ) );
#9548 = PCURVE('',#275,#9549);
#9549 = DEFINITIONAL_REPRESENTATION('',(#9550),#9554);
#9550 = CIRCLE('',#9551,5.5);
#9551 = AXIS2_PLACEMENT_2D('',#9552,#9553);
#9552 = CARTESIAN_POINT('',(-60.075,-74.9));
#9553 = DIRECTION('',(1.,0.));
#9554 = ( GEOMETRIC_REPRESENTATION_CONTEXT(2) 
PARAMETRIC_REPRESENTATION_CONTEXT() REPRESENTATION_CONTEXT('2D SPACE',''
  ) );
#9555 = ORIENTED_EDGE('',*,*,#9503,.F.);
#9556 = ORIENTED_EDGE('',*,*,#9557,.F.);
#9557 = EDGE_CURVE('',#9504,#9504,#9558,.T.);
#9558 = SURFACE_CURVE('',#9559,(#9564,#9571),.PCURVE_S1.);
#9559 = CIRCLE('',#9560,4.);
#9560 = AXIS2_PLACEMENT_3D('',#9561,#9562,#9563);
#9561 = CARTESIAN_POINT('',(-15.075,74.9,28.));
#9562 = DIRECTION('',(0.,0.,1.));
#9563 = DIRECTION('',(1.,0.,0.));
#9564 = PCURVE('',#9515,#9565);
#9565 = DEFINITIONAL_REPRESENTATION('',(#9566),#9570);
#9566 = LINE('',#9567,#9568);
#9567 = CARTESIAN_POINT('',(-3.14159265359,3.14159265359));
#9568 = VECTOR('',#9569,1.);
#9569 = DIRECTION('',(1.,0.));
#9570 = ( GEOMETRIC_REPRESENTATION_CONTEXT(2) 
PARAMETRIC_REPRESENTATION_CONTEXT() REPRESENTATION_CONTEXT('2D SPACE',''
  ) );
#9571 = PCURVE('',#9572,#9577);
#9572 = CYLINDRICAL_SURFACE('',#9573,4.);
#9573 = AXIS2_PLACEMENT_3D('',#9574,#9575,#9576);
#9574 = CARTESIAN_POINT('',(-15.075,74.9,26.825));
#9575 = DIRECTION('',(0.,0.,1.));
#9576 = DIRECTION('',(-1.,0.,0.));
#9577 = DEFINITIONAL_REPRESENTATION('',(#9578),#9582);
#9578 = LINE('',#9579,#9580);
#9579 = CARTESIAN_POINT('',(-3.14159265359,1.175));
#9580 = VECTOR('',#9581,1.);
#9581 = DIRECTION('',(1.,0.));
#9582 = ( GEOMETRIC_REPRESENTATION_CONTEXT(2) 
PARAMETRIC_REPRESENTATION_CONTEXT() REPRESENTATION_CONTEXT('2D SPACE',''
  ) );
#9583 = ADVANCED_FACE('',(#9584),#6976,.F.);
#9584 = FACE_BOUND('',#9585,.T.);
#9585 = EDGE_LOOP('',(#9586,#9609,#9610,#9611));
#9586 = ORIENTED_EDGE('',*,*,#9587,.T.);
#9587 = EDGE_CURVE('',#9588,#8010,#9590,.T.);
#9588 = VERTEX_POINT('',#9589);
#9589 = CARTESIAN_POINT('',(26.25,98.29898837435,1.1E-14));
#9590 = SURFACE_CURVE('',#9591,(#9595,#9602),.PCURVE_S1.);
#9591 = LINE('',#9592,#9593);
#9592 = CARTESIAN_POINT('',(26.25,98.29898837435,1.051E-14));
#9593 = VECTOR('',#9594,1.);
#9594 = DIRECTION('',(0.,-2.181488503456E-02,0.99976202708));
#9595 = PCURVE('',#6976,#9596);
#9596 = DEFINITIONAL_REPRESENTATION('',(#9597),#9601);
#9597 = LINE('',#9598,#9599);
#9598 = CARTESIAN_POINT('',(-161.125,9.273532989414E-02));
#9599 = VECTOR('',#9600,1.);
#9600 = DIRECTION('',(0.,1.));
#9601 = ( GEOMETRIC_REPRESENTATION_CONTEXT(2) 
PARAMETRIC_REPRESENTATION_CONTEXT() REPRESENTATION_CONTEXT('2D SPACE',''
  ) );
#9602 = PCURVE('',#8048,#9603);
#9603 = DEFINITIONAL_REPRESENTATION('',(#9604),#9608);
#9604 = LINE('',#9605,#9606);
#9605 = CARTESIAN_POINT('',(14.75,0.));
#9606 = VECTOR('',#9607,1.);
#9607 = DIRECTION('',(-0.99976202708,2.181488503456E-02));
#9608 = ( GEOMETRIC_REPRESENTATION_CONTEXT(2) 
PARAMETRIC_REPRESENTATION_CONTEXT() REPRESENTATION_CONTEXT('2D SPACE',''
  ) );
#9609 = ORIENTED_EDGE('',*,*,#8009,.T.);
#9610 = ORIENTED_EDGE('',*,*,#6962,.T.);
#9611 = ORIENTED_EDGE('',*,*,#9612,.F.);
#9612 = EDGE_CURVE('',#9588,#6940,#9613,.T.);
#9613 = SURFACE_CURVE('',#9614,(#9618,#9625),.PCURVE_S1.);
#9614 = LINE('',#9615,#9616);
#9615 = CARTESIAN_POINT('',(26.25,98.29898837435,1.051E-14));
#9616 = VECTOR('',#9617,1.);
#9617 = DIRECTION('',(-1.,0.,0.));
#9618 = PCURVE('',#6976,#9619);
#9619 = DEFINITIONAL_REPRESENTATION('',(#9620),#9624);
#9620 = LINE('',#9621,#9622);
#9621 = CARTESIAN_POINT('',(-161.125,9.273532989414E-02));
#9622 = VECTOR('',#9623,1.);
#9623 = DIRECTION('',(1.,0.));
#9624 = ( GEOMETRIC_REPRESENTATION_CONTEXT(2) 
PARAMETRIC_REPRESENTATION_CONTEXT() REPRESENTATION_CONTEXT('2D SPACE',''
  ) );
#9625 = PCURVE('',#2501,#9626);
#9626 = DEFINITIONAL_REPRESENTATION('',(#9627),#9631);
#9627 = LINE('',#9628,#9629);
#9628 = CARTESIAN_POINT('',(-71.25,99.67398837435));
#9629 = VECTOR('',#9630,1.);
#9630 = DIRECTION('',(1.,0.));
#9631 = ( GEOMETRIC_REPRESENTATION_CONTEXT(2) 
PARAMETRIC_REPRESENTATION_CONTEXT() REPRESENTATION_CONTEXT('2D SPACE',''
  ) );
#9632 = ADVANCED_FACE('',(#9633),#1249,.T.);
#9633 = FACE_BOUND('',#9634,.T.);
#9634 = EDGE_LOOP('',(#9635,#9636,#9659,#9680));
#9635 = ORIENTED_EDGE('',*,*,#8987,.F.);
#9636 = ORIENTED_EDGE('',*,*,#9637,.F.);
#9637 = EDGE_CURVE('',#9638,#8965,#9640,.T.);
#9638 = VERTEX_POINT('',#9639);
#9639 = CARTESIAN_POINT('',(-28.,-96.15529608449,29.5));
#9640 = SURFACE_CURVE('',#9641,(#9645,#9652),.PCURVE_S1.);
#9641 = LINE('',#9642,#9643);
#9642 = CARTESIAN_POINT('',(-28.,-96.15529608449,29.5));
#9643 = VECTOR('',#9644,1.);
#9644 = DIRECTION('',(0.,-1.,0.));
#9645 = PCURVE('',#1249,#9646);
#9646 = DEFINITIONAL_REPRESENTATION('',(#9647),#9651);
#9647 = LINE('',#9648,#9649);
#9648 = CARTESIAN_POINT('',(-14.75,-2.143692289853));
#9649 = VECTOR('',#9650,1.);
#9650 = DIRECTION('',(0.,1.));
#9651 = ( GEOMETRIC_REPRESENTATION_CONTEXT(2) 
PARAMETRIC_REPRESENTATION_CONTEXT() REPRESENTATION_CONTEXT('2D SPACE',''
  ) );
#9652 = PCURVE('',#275,#9653);
#9653 = DEFINITIONAL_REPRESENTATION('',(#9654),#9658);
#9654 = LINE('',#9655,#9656);
#9655 = CARTESIAN_POINT('',(-73.,96.155296084497));
#9656 = VECTOR('',#9657,1.);
#9657 = DIRECTION('',(0.,1.));
#9658 = ( GEOMETRIC_REPRESENTATION_CONTEXT(2) 
PARAMETRIC_REPRESENTATION_CONTEXT() REPRESENTATION_CONTEXT('2D SPACE',''
  ) );
#9659 = ORIENTED_EDGE('',*,*,#9660,.F.);
#9660 = EDGE_CURVE('',#1234,#9638,#9661,.T.);
#9661 = SURFACE_CURVE('',#9662,(#9666,#9673),.PCURVE_S1.);
#9662 = LINE('',#9663,#9664);
#9663 = CARTESIAN_POINT('',(-28.,-96.79898837435,1.051E-14));
#9664 = VECTOR('',#9665,1.);
#9665 = DIRECTION('',(0.,2.181488503456E-02,0.99976202708));
#9666 = PCURVE('',#1249,#9667);
#9667 = DEFINITIONAL_REPRESENTATION('',(#9668),#9672);
#9668 = LINE('',#9669,#9670);
#9669 = CARTESIAN_POINT('',(14.75,-1.5));
#9670 = VECTOR('',#9671,1.);
#9671 = DIRECTION('',(-0.99976202708,-2.181488503456E-02));
#9672 = ( GEOMETRIC_REPRESENTATION_CONTEXT(2) 
PARAMETRIC_REPRESENTATION_CONTEXT() REPRESENTATION_CONTEXT('2D SPACE',''
  ) );
#9673 = PCURVE('',#1277,#9674);
#9674 = DEFINITIONAL_REPRESENTATION('',(#9675),#9679);
#9675 = LINE('',#9676,#9677);
#9676 = CARTESIAN_POINT('',(-14.75351093607,9.947598300641E-14));
#9677 = VECTOR('',#9678,1.);
#9678 = DIRECTION('',(1.,4.092215945834E-30));
#9679 = ( GEOMETRIC_REPRESENTATION_CONTEXT(2) 
PARAMETRIC_REPRESENTATION_CONTEXT() REPRESENTATION_CONTEXT('2D SPACE',''
  ) );
#9680 = ORIENTED_EDGE('',*,*,#1233,.F.);
#9681 = ADVANCED_FACE('',(#9682),#4648,.T.);
#9682 = FACE_BOUND('',#9683,.T.);
#9683 = EDGE_LOOP('',(#9684,#9707,#9733,#9734));
#9684 = ORIENTED_EDGE('',*,*,#9685,.F.);
#9685 = EDGE_CURVE('',#9686,#6197,#9688,.T.);
#9686 = VERTEX_POINT('',#9687);
#9687 = CARTESIAN_POINT('',(9.,-99.69898837435,-1.25));
#9688 = SURFACE_CURVE('',#9689,(#9693,#9700),.PCURVE_S1.);
#9689 = LINE('',#9690,#9691);
#9690 = CARTESIAN_POINT('',(9.,-99.69898837435,-45.));
#9691 = VECTOR('',#9692,1.);
#9692 = DIRECTION('',(2.2E-16,0.,1.));
#9693 = PCURVE('',#4648,#9694);
#9694 = DEFINITIONAL_REPRESENTATION('',(#9695),#9699);
#9695 = LINE('',#9696,#9697);
#9696 = CARTESIAN_POINT('',(-45.,-69.));
#9697 = VECTOR('',#9698,1.);
#9698 = DIRECTION('',(1.,2.2E-16));
#9699 = ( GEOMETRIC_REPRESENTATION_CONTEXT(2) 
PARAMETRIC_REPRESENTATION_CONTEXT() REPRESENTATION_CONTEXT('2D SPACE',''
  ) );
#9700 = PCURVE('',#6212,#9701);
#9701 = DEFINITIONAL_REPRESENTATION('',(#9702),#9706);
#9702 = LINE('',#9703,#9704);
#9703 = CARTESIAN_POINT('',(-45.,-24.));
#9704 = VECTOR('',#9705,1.);
#9705 = DIRECTION('',(1.,2.2E-16));
#9706 = ( GEOMETRIC_REPRESENTATION_CONTEXT(2) 
PARAMETRIC_REPRESENTATION_CONTEXT() REPRESENTATION_CONTEXT('2D SPACE',''
  ) );
#9707 = ORIENTED_EDGE('',*,*,#9708,.T.);
#9708 = EDGE_CURVE('',#9686,#4633,#9709,.T.);
#9709 = SURFACE_CURVE('',#9710,(#9714,#9721),.PCURVE_S1.);
#9710 = LINE('',#9711,#9712);
#9711 = CARTESIAN_POINT('',(78.,-99.69898837435,-1.25));
#9712 = VECTOR('',#9713,1.);
#9713 = DIRECTION('',(-1.,0.,0.));
#9714 = PCURVE('',#4648,#9715);
#9715 = DEFINITIONAL_REPRESENTATION('',(#9716),#9720);
#9716 = LINE('',#9717,#9718);
#9717 = CARTESIAN_POINT('',(-1.25,0.));
#9718 = VECTOR('',#9719,1.);
#9719 = DIRECTION('',(0.,-1.));
#9720 = ( GEOMETRIC_REPRESENTATION_CONTEXT(2) 
PARAMETRIC_REPRESENTATION_CONTEXT() REPRESENTATION_CONTEXT('2D SPACE',''
  ) );
#9721 = PCURVE('',#9722,#9727);
#9722 = PLANE('',#9723);
#9723 = AXIS2_PLACEMENT_3D('',#9724,#9725,#9726);
#9724 = CARTESIAN_POINT('',(0.,-100.2989883743,-1.25));
#9725 = DIRECTION('',(0.,0.,-1.));
#9726 = DIRECTION('',(1.,0.,0.));
#9727 = DEFINITIONAL_REPRESENTATION('',(#9728),#9732);
#9728 = LINE('',#9729,#9730);
#9729 = CARTESIAN_POINT('',(78.,-0.6));
#9730 = VECTOR('',#9731,1.);
#9731 = DIRECTION('',(-1.,0.));
#9732 = ( GEOMETRIC_REPRESENTATION_CONTEXT(2) 
PARAMETRIC_REPRESENTATION_CONTEXT() REPRESENTATION_CONTEXT('2D SPACE',''
  ) );
#9733 = ORIENTED_EDGE('',*,*,#4632,.T.);
#9734 = ORIENTED_EDGE('',*,*,#9735,.F.);
#9735 = EDGE_CURVE('',#6197,#1570,#9736,.T.);
#9736 = SURFACE_CURVE('',#9737,(#9741,#9748),.PCURVE_S1.);
#9737 = LINE('',#9738,#9739);
#9738 = CARTESIAN_POINT('',(78.,-99.69898837435,1.051E-14));
#9739 = VECTOR('',#9740,1.);
#9740 = DIRECTION('',(-1.,0.,0.));
#9741 = PCURVE('',#4648,#9742);
#9742 = DEFINITIONAL_REPRESENTATION('',(#9743),#9747);
#9743 = LINE('',#9744,#9745);
#9744 = CARTESIAN_POINT('',(0.,0.));
#9745 = VECTOR('',#9746,1.);
#9746 = DIRECTION('',(0.,-1.));
#9747 = ( GEOMETRIC_REPRESENTATION_CONTEXT(2) 
PARAMETRIC_REPRESENTATION_CONTEXT() REPRESENTATION_CONTEXT('2D SPACE',''
  ) );
#9748 = PCURVE('',#1585,#9749);
#9749 = DEFINITIONAL_REPRESENTATION('',(#9750),#9754);
#9750 = LINE('',#9751,#9752);
#9751 = CARTESIAN_POINT('',(-78.,-98.32398837435));
#9752 = VECTOR('',#9753,1.);
#9753 = DIRECTION('',(1.,0.));
#9754 = ( GEOMETRIC_REPRESENTATION_CONTEXT(2) 
PARAMETRIC_REPRESENTATION_CONTEXT() REPRESENTATION_CONTEXT('2D SPACE',''
  ) );
#9755 = ADVANCED_FACE('',(#9756),#9769,.F.);
#9756 = FACE_BOUND('',#9757,.T.);
#9757 = EDGE_LOOP('',(#9758));
#9758 = ORIENTED_EDGE('',*,*,#9759,.F.);
#9759 = EDGE_CURVE('',#9760,#9760,#9762,.T.);
#9760 = VERTEX_POINT('',#9761);
#9761 = CARTESIAN_POINT('',(-12.725,24.9,30.35));
#9762 = SURFACE_CURVE('',#9763,(#9768,#9780),.PCURVE_S1.);
#9763 = CIRCLE('',#9764,2.35);
#9764 = AXIS2_PLACEMENT_3D('',#9765,#9766,#9767);
#9765 = CARTESIAN_POINT('',(-15.075,24.9,30.35));
#9766 = DIRECTION('',(0.,0.,1.));
#9767 = DIRECTION('',(-1.,0.,0.));
#9768 = PCURVE('',#9769,#9774);
#9769 = PLANE('',#9770);
#9770 = AXIS2_PLACEMENT_3D('',#9771,#9772,#9773);
#9771 = CARTESIAN_POINT('',(-15.075,24.9,30.35));
#9772 = DIRECTION('',(0.,0.,1.));
#9773 = DIRECTION('',(-1.,0.,0.));
#9774 = DEFINITIONAL_REPRESENTATION('',(#9775),#9779);
#9775 = CIRCLE('',#9776,2.35);
#9776 = AXIS2_PLACEMENT_2D('',#9777,#9778);
#9777 = CARTESIAN_POINT('',(0.,0.));
#9778 = DIRECTION('',(1.,0.));
#9779 = ( GEOMETRIC_REPRESENTATION_CONTEXT(2) 
PARAMETRIC_REPRESENTATION_CONTEXT() REPRESENTATION_CONTEXT('2D SPACE',''
  ) );
#9780 = PCURVE('',#9781,#9786);
#9781 = CYLINDRICAL_SURFACE('',#9782,2.35);
#9782 = AXIS2_PLACEMENT_3D('',#9783,#9784,#9785);
#9783 = CARTESIAN_POINT('',(-15.075,24.9,28.));
#9784 = DIRECTION('',(0.,0.,1.));
#9785 = DIRECTION('',(-1.,0.,0.));
#9786 = DEFINITIONAL_REPRESENTATION('',(#9787),#9791);
#9787 = LINE('',#9788,#9789);
#9788 = CARTESIAN_POINT('',(0.,2.35));
#9789 = VECTOR('',#9790,1.);
#9790 = DIRECTION('',(1.,0.));
#9791 = ( GEOMETRIC_REPRESENTATION_CONTEXT(2) 
PARAMETRIC_REPRESENTATION_CONTEXT() REPRESENTATION_CONTEXT('2D SPACE',''
  ) );
#9792 = ADVANCED_FACE('',(#9793),#9808,.F.);
#9793 = FACE_BOUND('',#9794,.F.);
#9794 = EDGE_LOOP('',(#9795,#9826,#9848,#9849));
#9795 = ORIENTED_EDGE('',*,*,#9796,.T.);
#9796 = EDGE_CURVE('',#9797,#9799,#9801,.T.);
#9797 = VERTEX_POINT('',#9798);
#9798 = CARTESIAN_POINT('',(-11.075,-75.1,28.));
#9799 = VERTEX_POINT('',#9800);
#9800 = CARTESIAN_POINT('',(-9.575,-75.1,29.5));
#9801 = SEAM_CURVE('',#9802,(#9807,#9819),.PCURVE_S1.);
#9802 = CIRCLE('',#9803,1.5);
#9803 = AXIS2_PLACEMENT_3D('',#9804,#9805,#9806);
#9804 = CARTESIAN_POINT('',(-9.575,-75.1,28.));
#9805 = DIRECTION('',(0.,1.,1.9E-15));
#9806 = DIRECTION('',(1.,2.6524E-29,-1.396E-14));
#9807 = PCURVE('',#9808,#9813);
#9808 = TOROIDAL_SURFACE('',#9809,5.5,1.5);
#9809 = AXIS2_PLACEMENT_3D('',#9810,#9811,#9812);
#9810 = CARTESIAN_POINT('',(-15.075,-75.1,28.));
#9811 = DIRECTION('',(1.416E-14,-1.9E-15,1.));
#9812 = DIRECTION('',(-1.,0.,1.416E-14));
#9813 = DEFINITIONAL_REPRESENTATION('',(#9814),#9818);
#9814 = LINE('',#9815,#9816);
#9815 = CARTESIAN_POINT('',(-3.14159265359,6.28318530718));
#9816 = VECTOR('',#9817,1.);
#9817 = DIRECTION('',(0.,-1.));
#9818 = ( GEOMETRIC_REPRESENTATION_CONTEXT(2) 
PARAMETRIC_REPRESENTATION_CONTEXT() REPRESENTATION_CONTEXT('2D SPACE',''
  ) );
#9819 = PCURVE('',#9808,#9820);
#9820 = DEFINITIONAL_REPRESENTATION('',(#9821),#9825);
#9821 = LINE('',#9822,#9823);
#9822 = CARTESIAN_POINT('',(3.14159265359,6.28318530718));
#9823 = VECTOR('',#9824,1.);
#9824 = DIRECTION('',(0.,-1.));
#9825 = ( GEOMETRIC_REPRESENTATION_CONTEXT(2) 
PARAMETRIC_REPRESENTATION_CONTEXT() REPRESENTATION_CONTEXT('2D SPACE',''
  ) );
#9826 = ORIENTED_EDGE('',*,*,#9827,.F.);
#9827 = EDGE_CURVE('',#9799,#9799,#9828,.T.);
#9828 = SURFACE_CURVE('',#9829,(#9834,#9841),.PCURVE_S1.);
#9829 = CIRCLE('',#9830,5.5);
#9830 = AXIS2_PLACEMENT_3D('',#9831,#9832,#9833);
#9831 = CARTESIAN_POINT('',(-15.075,-75.1,29.5));
#9832 = DIRECTION('',(0.,0.,-1.));
#9833 = DIRECTION('',(1.,0.,0.));
#9834 = PCURVE('',#9808,#9835);
#9835 = DEFINITIONAL_REPRESENTATION('',(#9836),#9840);
#9836 = LINE('',#9837,#9838);
#9837 = CARTESIAN_POINT('',(3.14159265359,1.570796326795));
#9838 = VECTOR('',#9839,1.);
#9839 = DIRECTION('',(-1.,0.));
#9840 = ( GEOMETRIC_REPRESENTATION_CONTEXT(2) 
PARAMETRIC_REPRESENTATION_CONTEXT() REPRESENTATION_CONTEXT('2D SPACE',''
  ) );
#9841 = PCURVE('',#275,#9842);
#9842 = DEFINITIONAL_REPRESENTATION('',(#9843),#9847);
#9843 = CIRCLE('',#9844,5.5);
#9844 = AXIS2_PLACEMENT_2D('',#9845,#9846);
#9845 = CARTESIAN_POINT('',(-60.075,75.1));
#9846 = DIRECTION('',(1.,0.));
#9847 = ( GEOMETRIC_REPRESENTATION_CONTEXT(2) 
PARAMETRIC_REPRESENTATION_CONTEXT() REPRESENTATION_CONTEXT('2D SPACE',''
  ) );
#9848 = ORIENTED_EDGE('',*,*,#9796,.F.);
#9849 = ORIENTED_EDGE('',*,*,#9850,.F.);
#9850 = EDGE_CURVE('',#9797,#9797,#9851,.T.);
#9851 = SURFACE_CURVE('',#9852,(#9857,#9864),.PCURVE_S1.);
#9852 = CIRCLE('',#9853,4.);
#9853 = AXIS2_PLACEMENT_3D('',#9854,#9855,#9856);
#9854 = CARTESIAN_POINT('',(-15.075,-75.1,28.));
#9855 = DIRECTION('',(0.,0.,1.));
#9856 = DIRECTION('',(1.,0.,0.));
#9857 = PCURVE('',#9808,#9858);
#9858 = DEFINITIONAL_REPRESENTATION('',(#9859),#9863);
#9859 = LINE('',#9860,#9861);
#9860 = CARTESIAN_POINT('',(-3.14159265359,3.14159265359));
#9861 = VECTOR('',#9862,1.);
#9862 = DIRECTION('',(1.,0.));
#9863 = ( GEOMETRIC_REPRESENTATION_CONTEXT(2) 
PARAMETRIC_REPRESENTATION_CONTEXT() REPRESENTATION_CONTEXT('2D SPACE',''
  ) );
#9864 = PCURVE('',#9865,#9870);
#9865 = CYLINDRICAL_SURFACE('',#9866,4.);
#9866 = AXIS2_PLACEMENT_3D('',#9867,#9868,#9869);
#9867 = CARTESIAN_POINT('',(-15.075,-75.1,26.825));
#9868 = DIRECTION('',(0.,0.,1.));
#9869 = DIRECTION('',(-1.,0.,0.));
#9870 = DEFINITIONAL_REPRESENTATION('',(#9871),#9875);
#9871 = LINE('',#9872,#9873);
#9872 = CARTESIAN_POINT('',(-3.14159265359,1.175));
#9873 = VECTOR('',#9874,1.);
#9874 = DIRECTION('',(1.,0.));
#9875 = ( GEOMETRIC_REPRESENTATION_CONTEXT(2) 
PARAMETRIC_REPRESENTATION_CONTEXT() REPRESENTATION_CONTEXT('2D SPACE',''
  ) );
#9876 = ADVANCED_FACE('',(#9877),#8411,.F.);
#9877 = FACE_BOUND('',#9878,.F.);
#9878 = EDGE_LOOP('',(#9879,#9902,#9903,#9904));
#9879 = ORIENTED_EDGE('',*,*,#9880,.T.);
#9880 = EDGE_CURVE('',#9881,#8390,#9883,.T.);
#9881 = VERTEX_POINT('',#9882);
#9882 = CARTESIAN_POINT('',(-12.725,-25.1,25.65));
#9883 = SEAM_CURVE('',#9884,(#9888,#9895),.PCURVE_S1.);
#9884 = LINE('',#9885,#9886);
#9885 = CARTESIAN_POINT('',(-12.725,-25.1,28.));
#9886 = VECTOR('',#9887,1.);
#9887 = DIRECTION('',(0.,0.,1.));
#9888 = PCURVE('',#8411,#9889);
#9889 = DEFINITIONAL_REPRESENTATION('',(#9890),#9894);
#9890 = LINE('',#9891,#9892);
#9891 = CARTESIAN_POINT('',(9.424777960769,0.));
#9892 = VECTOR('',#9893,1.);
#9893 = DIRECTION('',(0.,1.));
#9894 = ( GEOMETRIC_REPRESENTATION_CONTEXT(2) 
PARAMETRIC_REPRESENTATION_CONTEXT() REPRESENTATION_CONTEXT('2D SPACE',''
  ) );
#9895 = PCURVE('',#8411,#9896);
#9896 = DEFINITIONAL_REPRESENTATION('',(#9897),#9901);
#9897 = LINE('',#9898,#9899);
#9898 = CARTESIAN_POINT('',(3.14159265359,0.));
#9899 = VECTOR('',#9900,1.);
#9900 = DIRECTION('',(0.,1.));
#9901 = ( GEOMETRIC_REPRESENTATION_CONTEXT(2) 
PARAMETRIC_REPRESENTATION_CONTEXT() REPRESENTATION_CONTEXT('2D SPACE',''
  ) );
#9902 = ORIENTED_EDGE('',*,*,#8389,.F.);
#9903 = ORIENTED_EDGE('',*,*,#9880,.F.);
#9904 = ORIENTED_EDGE('',*,*,#9905,.T.);
#9905 = EDGE_CURVE('',#9881,#9881,#9906,.T.);
#9906 = SURFACE_CURVE('',#9907,(#9912,#9919),.PCURVE_S1.);
#9907 = CIRCLE('',#9908,2.35);
#9908 = AXIS2_PLACEMENT_3D('',#9909,#9910,#9911);
#9909 = CARTESIAN_POINT('',(-15.075,-25.1,25.65));
#9910 = DIRECTION('',(0.,0.,1.));
#9911 = DIRECTION('',(-1.,0.,0.));
#9912 = PCURVE('',#8411,#9913);
#9913 = DEFINITIONAL_REPRESENTATION('',(#9914),#9918);
#9914 = LINE('',#9915,#9916);
#9915 = CARTESIAN_POINT('',(0.,-2.35));
#9916 = VECTOR('',#9917,1.);
#9917 = DIRECTION('',(1.,0.));
#9918 = ( GEOMETRIC_REPRESENTATION_CONTEXT(2) 
PARAMETRIC_REPRESENTATION_CONTEXT() REPRESENTATION_CONTEXT('2D SPACE',''
  ) );
#9919 = PCURVE('',#2292,#9920);
#9920 = DEFINITIONAL_REPRESENTATION('',(#9921),#9925);
#9921 = CIRCLE('',#9922,2.35);
#9922 = AXIS2_PLACEMENT_2D('',#9923,#9924);
#9923 = CARTESIAN_POINT('',(0.,-4.));
#9924 = DIRECTION('',(1.,0.));
#9925 = ( GEOMETRIC_REPRESENTATION_CONTEXT(2) 
PARAMETRIC_REPRESENTATION_CONTEXT() REPRESENTATION_CONTEXT('2D SPACE',''
  ) );
#9926 = ADVANCED_FACE('',(#9927),#1194,.F.);
#9927 = FACE_BOUND('',#9928,.F.);
#9928 = EDGE_LOOP('',(#9929,#9930,#9931,#9932));
#9929 = ORIENTED_EDGE('',*,*,#1177,.F.);
#9930 = ORIENTED_EDGE('',*,*,#8943,.F.);
#9931 = ORIENTED_EDGE('',*,*,#5835,.F.);
#9932 = ORIENTED_EDGE('',*,*,#9933,.F.);
#9933 = EDGE_CURVE('',#1150,#5813,#9934,.T.);
#9934 = SURFACE_CURVE('',#9935,(#9939,#9946),.PCURVE_S1.);
#9935 = LINE('',#9936,#9937);
#9936 = CARTESIAN_POINT('',(-37.15,-97.29875034478,1.051E-14));
#9937 = VECTOR('',#9938,1.);
#9938 = DIRECTION('',(-1.E-15,2.181488503456E-02,0.99976202708));
#9939 = PCURVE('',#1194,#9940);
#9940 = DEFINITIONAL_REPRESENTATION('',(#9941),#9945);
#9941 = LINE('',#9942,#9943);
#9942 = CARTESIAN_POINT('',(5.497787143782,6.818774256922E-02));
#9943 = VECTOR('',#9944,1.);
#9944 = DIRECTION('',(1.2E-16,1.));
#9945 = ( GEOMETRIC_REPRESENTATION_CONTEXT(2) 
PARAMETRIC_REPRESENTATION_CONTEXT() REPRESENTATION_CONTEXT('2D SPACE',''
  ) );
#9946 = PCURVE('',#1165,#9947);
#9947 = DEFINITIONAL_REPRESENTATION('',(#9948),#9952);
#9948 = LINE('',#9949,#9950);
#9949 = CARTESIAN_POINT('',(-14.25,-0.));
#9950 = VECTOR('',#9951,1.);
#9951 = DIRECTION('',(0.99976202708,-2.181488503456E-02));
#9952 = ( GEOMETRIC_REPRESENTATION_CONTEXT(2) 
PARAMETRIC_REPRESENTATION_CONTEXT() REPRESENTATION_CONTEXT('2D SPACE',''
  ) );
#9953 = ADVANCED_FACE('',(#9954),#2133,.T.);
#9954 = FACE_BOUND('',#9955,.T.);
#9955 = EDGE_LOOP('',(#9956,#9957,#9958,#9959));
#9956 = ORIENTED_EDGE('',*,*,#8166,.F.);
#9957 = ORIENTED_EDGE('',*,*,#2110,.F.);
#9958 = ORIENTED_EDGE('',*,*,#6421,.T.);
#9959 = ORIENTED_EDGE('',*,*,#9960,.T.);
#9960 = EDGE_CURVE('',#6394,#8167,#9961,.T.);
#9961 = SURFACE_CURVE('',#9962,(#9966,#9973),.PCURVE_S1.);
#9962 = LINE('',#9963,#9964);
#9963 = CARTESIAN_POINT('',(28.,-96.79898837435,1.051E-14));
#9964 = VECTOR('',#9965,1.);
#9965 = DIRECTION('',(0.,2.181488503456E-02,0.99976202708));
#9966 = PCURVE('',#2133,#9967);
#9967 = DEFINITIONAL_REPRESENTATION('',(#9968),#9972);
#9968 = LINE('',#9969,#9970);
#9969 = CARTESIAN_POINT('',(0.,0.));
#9970 = VECTOR('',#9971,1.);
#9971 = DIRECTION('',(0.99976202708,-2.181488503456E-02));
#9972 = ( GEOMETRIC_REPRESENTATION_CONTEXT(2) 
PARAMETRIC_REPRESENTATION_CONTEXT() REPRESENTATION_CONTEXT('2D SPACE',''
  ) );
#9973 = PCURVE('',#6409,#9974);
#9974 = DEFINITIONAL_REPRESENTATION('',(#9975),#9979);
#9975 = LINE('',#9976,#9977);
#9976 = CARTESIAN_POINT('',(-1.547730443668E-16,1.75));
#9977 = VECTOR('',#9978,1.);
#9978 = DIRECTION('',(1.,-9.860761315263E-32));
#9979 = ( GEOMETRIC_REPRESENTATION_CONTEXT(2) 
PARAMETRIC_REPRESENTATION_CONTEXT() REPRESENTATION_CONTEXT('2D SPACE',''
  ) );
#9980 = ADVANCED_FACE('',(#9981),#9722,.T.);
#9981 = FACE_BOUND('',#9982,.T.);
#9982 = EDGE_LOOP('',(#9983,#10004,#10027,#10048));
#9983 = ORIENTED_EDGE('',*,*,#9984,.F.);
#9984 = EDGE_CURVE('',#6633,#9686,#9985,.T.);
#9985 = SURFACE_CURVE('',#9986,(#9990,#9997),.PCURVE_S1.);
#9986 = LINE('',#9987,#9988);
#9987 = CARTESIAN_POINT('',(9.,-110.1494941871,-1.25));
#9988 = VECTOR('',#9989,1.);
#9989 = DIRECTION('',(0.,1.,0.));
#9990 = PCURVE('',#9722,#9991);
#9991 = DEFINITIONAL_REPRESENTATION('',(#9992),#9996);
#9992 = LINE('',#9993,#9994);
#9993 = CARTESIAN_POINT('',(9.,9.850505812825));
#9994 = VECTOR('',#9995,1.);
#9995 = DIRECTION('',(0.,-1.));
#9996 = ( GEOMETRIC_REPRESENTATION_CONTEXT(2) 
PARAMETRIC_REPRESENTATION_CONTEXT() REPRESENTATION_CONTEXT('2D SPACE',''
  ) );
#9997 = PCURVE('',#6676,#9998);
#9998 = DEFINITIONAL_REPRESENTATION('',(#9999),#10003);
#9999 = LINE('',#10000,#10001);
#10000 = CARTESIAN_POINT('',(54.,9.850505812825));
#10001 = VECTOR('',#10002,1.);
#10002 = DIRECTION('',(0.,-1.));
#10003 = ( GEOMETRIC_REPRESENTATION_CONTEXT(2) 
PARAMETRIC_REPRESENTATION_CONTEXT() REPRESENTATION_CONTEXT('2D SPACE',''
  ) );
#10004 = ORIENTED_EDGE('',*,*,#10005,.F.);
#10005 = EDGE_CURVE('',#10006,#6633,#10008,.T.);
#10006 = VERTEX_POINT('',#10007);
#10007 = CARTESIAN_POINT('',(-9.,-100.8989883743,-1.25));
#10008 = SURFACE_CURVE('',#10009,(#10013,#10020),.PCURVE_S1.);
#10009 = LINE('',#10010,#10011);
#10010 = CARTESIAN_POINT('',(-78.,-100.8989883743,-1.25));
#10011 = VECTOR('',#10012,1.);
#10012 = DIRECTION('',(1.,0.,0.));
#10013 = PCURVE('',#9722,#10014);
#10014 = DEFINITIONAL_REPRESENTATION('',(#10015),#10019);
#10015 = LINE('',#10016,#10017);
#10016 = CARTESIAN_POINT('',(-78.,0.6));
#10017 = VECTOR('',#10018,1.);
#10018 = DIRECTION('',(1.,0.));
#10019 = ( GEOMETRIC_REPRESENTATION_CONTEXT(2) 
PARAMETRIC_REPRESENTATION_CONTEXT() REPRESENTATION_CONTEXT('2D SPACE',''
  ) );
#10020 = PCURVE('',#6648,#10021);
#10021 = DEFINITIONAL_REPRESENTATION('',(#10022),#10026);
#10022 = LINE('',#10023,#10024);
#10023 = CARTESIAN_POINT('',(1.25,0.));
#10024 = VECTOR('',#10025,1.);
#10025 = DIRECTION('',(0.,1.));
#10026 = ( GEOMETRIC_REPRESENTATION_CONTEXT(2) 
PARAMETRIC_REPRESENTATION_CONTEXT() REPRESENTATION_CONTEXT('2D SPACE',''
  ) );
#10027 = ORIENTED_EDGE('',*,*,#10028,.T.);
#10028 = EDGE_CURVE('',#10006,#4633,#10029,.T.);
#10029 = SURFACE_CURVE('',#10030,(#10034,#10041),.PCURVE_S1.);
#10030 = LINE('',#10031,#10032);
#10031 = CARTESIAN_POINT('',(-9.,12.387692891723,-1.25));
#10032 = VECTOR('',#10033,1.);
#10033 = DIRECTION('',(0.,1.,0.));
#10034 = PCURVE('',#9722,#10035);
#10035 = DEFINITIONAL_REPRESENTATION('',(#10036),#10040);
#10036 = LINE('',#10037,#10038);
#10037 = CARTESIAN_POINT('',(-9.,-112.686681266));
#10038 = VECTOR('',#10039,1.);
#10039 = DIRECTION('',(0.,-1.));
#10040 = ( GEOMETRIC_REPRESENTATION_CONTEXT(2) 
PARAMETRIC_REPRESENTATION_CONTEXT() REPRESENTATION_CONTEXT('2D SPACE',''
  ) );
#10041 = PCURVE('',#4676,#10042);
#10042 = DEFINITIONAL_REPRESENTATION('',(#10043),#10047);
#10043 = LINE('',#10044,#10045);
#10044 = CARTESIAN_POINT('',(-54.,-112.686681266));
#10045 = VECTOR('',#10046,1.);
#10046 = DIRECTION('',(0.,-1.));
#10047 = ( GEOMETRIC_REPRESENTATION_CONTEXT(2) 
PARAMETRIC_REPRESENTATION_CONTEXT() REPRESENTATION_CONTEXT('2D SPACE',''
  ) );
#10048 = ORIENTED_EDGE('',*,*,#9708,.F.);
#10049 = ADVANCED_FACE('',(#10050),#499,.T.);
#10050 = FACE_BOUND('',#10051,.T.);
#10051 = EDGE_LOOP('',(#10052,#10073,#10074,#10095));
#10052 = ORIENTED_EDGE('',*,*,#10053,.F.);
#10053 = EDGE_CURVE('',#3197,#454,#10054,.T.);
#10054 = SURFACE_CURVE('',#10055,(#10059,#10066),.PCURVE_S1.);
#10055 = LINE('',#10056,#10057);
#10056 = CARTESIAN_POINT('',(-20.4,97.655296084497,29.5));
#10057 = VECTOR('',#10058,1.);
#10058 = DIRECTION('',(0.,-1.,0.));
#10059 = PCURVE('',#499,#10060);
#10060 = DEFINITIONAL_REPRESENTATION('',(#10061),#10065);
#10061 = LINE('',#10062,#10063);
#10062 = CARTESIAN_POINT('',(29.5,0.856307710147));
#10063 = VECTOR('',#10064,1.);
#10064 = DIRECTION('',(0.,-1.));
#10065 = ( GEOMETRIC_REPRESENTATION_CONTEXT(2) 
PARAMETRIC_REPRESENTATION_CONTEXT() REPRESENTATION_CONTEXT('2D SPACE',''
  ) );
#10066 = PCURVE('',#275,#10067);
#10067 = DEFINITIONAL_REPRESENTATION('',(#10068),#10072);
#10068 = LINE('',#10069,#10070);
#10069 = CARTESIAN_POINT('',(-65.4,-97.65529608449));
#10070 = VECTOR('',#10071,1.);
#10071 = DIRECTION('',(0.,1.));
#10072 = ( GEOMETRIC_REPRESENTATION_CONTEXT(2) 
PARAMETRIC_REPRESENTATION_CONTEXT() REPRESENTATION_CONTEXT('2D SPACE',''
  ) );
#10073 = ORIENTED_EDGE('',*,*,#3196,.F.);
#10074 = ORIENTED_EDGE('',*,*,#10075,.T.);
#10075 = EDGE_CURVE('',#3174,#484,#10076,.T.);
#10076 = SURFACE_CURVE('',#10077,(#10081,#10088),.PCURVE_S1.);
#10077 = LINE('',#10078,#10079);
#10078 = CARTESIAN_POINT('',(-20.4,98.29898837435,1.051E-14));
#10079 = VECTOR('',#10080,1.);
#10080 = DIRECTION('',(0.,-1.,0.));
#10081 = PCURVE('',#499,#10082);
#10082 = DEFINITIONAL_REPRESENTATION('',(#10083),#10087);
#10083 = LINE('',#10084,#10085);
#10084 = CARTESIAN_POINT('',(0.,1.5));
#10085 = VECTOR('',#10086,1.);
#10086 = DIRECTION('',(0.,-1.));
#10087 = ( GEOMETRIC_REPRESENTATION_CONTEXT(2) 
PARAMETRIC_REPRESENTATION_CONTEXT() REPRESENTATION_CONTEXT('2D SPACE',''
  ) );
#10088 = PCURVE('',#527,#10089);
#10089 = DEFINITIONAL_REPRESENTATION('',(#10090),#10094);
#10090 = LINE('',#10091,#10092);
#10091 = CARTESIAN_POINT('',(65.4,99.67398837435));
#10092 = VECTOR('',#10093,1.);
#10093 = DIRECTION('',(0.,-1.));
#10094 = ( GEOMETRIC_REPRESENTATION_CONTEXT(2) 
PARAMETRIC_REPRESENTATION_CONTEXT() REPRESENTATION_CONTEXT('2D SPACE',''
  ) );
#10095 = ORIENTED_EDGE('',*,*,#483,.T.);
#10096 = ADVANCED_FACE('',(#10097),#6263,.F.);
#10097 = FACE_BOUND('',#10098,.F.);
#10098 = EDGE_LOOP('',(#10099,#10100,#10121,#10122));
#10099 = ORIENTED_EDGE('',*,*,#7895,.F.);
#10100 = ORIENTED_EDGE('',*,*,#10101,.T.);
#10101 = EDGE_CURVE('',#113,#6225,#10102,.T.);
#10102 = SURFACE_CURVE('',#10103,(#10107,#10114),.PCURVE_S1.);
#10103 = LINE('',#10104,#10105);
#10104 = CARTESIAN_POINT('',(9.,-99.28659973398,-45.26158782437));
#10105 = VECTOR('',#10106,1.);
#10106 = DIRECTION('',(-2.2E-16,-2.181488503456E-02,-0.99976202708));
#10107 = PCURVE('',#6263,#10108);
#10108 = DEFINITIONAL_REPRESENTATION('',(#10109),#10113);
#10109 = LINE('',#10110,#10111);
#10110 = CARTESIAN_POINT('',(-35.875,-45.17962609052));
#10111 = VECTOR('',#10112,1.);
#10112 = DIRECTION('',(-2.2E-16,-1.));
#10113 = ( GEOMETRIC_REPRESENTATION_CONTEXT(2) 
PARAMETRIC_REPRESENTATION_CONTEXT() REPRESENTATION_CONTEXT('2D SPACE',''
  ) );
#10114 = PCURVE('',#133,#10115);
#10115 = DEFINITIONAL_REPRESENTATION('',(#10116),#10120);
#10116 = LINE('',#10117,#10118);
#10117 = CARTESIAN_POINT('',(-80.875,-45.17962609052));
#10118 = VECTOR('',#10119,1.);
#10119 = DIRECTION('',(-2.2E-16,-1.));
#10120 = ( GEOMETRIC_REPRESENTATION_CONTEXT(2) 
PARAMETRIC_REPRESENTATION_CONTEXT() REPRESENTATION_CONTEXT('2D SPACE',''
  ) );
#10121 = ORIENTED_EDGE('',*,*,#6247,.T.);
#10122 = ORIENTED_EDGE('',*,*,#10123,.F.);
#10123 = EDGE_CURVE('',#7896,#6248,#10124,.T.);
#10124 = SURFACE_CURVE('',#10125,(#10129,#10136),.PCURVE_S1.);
#10125 = LINE('',#10126,#10127);
#10126 = CARTESIAN_POINT('',(18.65,-97.65529608449,29.5));
#10127 = VECTOR('',#10128,1.);
#10128 = DIRECTION('',(0.,-2.181488503456E-02,-0.99976202708));
#10129 = PCURVE('',#6263,#10130);
#10130 = DEFINITIONAL_REPRESENTATION('',(#10131),#10135);
#10131 = LINE('',#10132,#10133);
#10132 = CARTESIAN_POINT('',(-26.225,29.599757202052));
#10133 = VECTOR('',#10134,1.);
#10134 = DIRECTION('',(0.,-1.));
#10135 = ( GEOMETRIC_REPRESENTATION_CONTEXT(2) 
PARAMETRIC_REPRESENTATION_CONTEXT() REPRESENTATION_CONTEXT('2D SPACE',''
  ) );
#10136 = PCURVE('',#3128,#10137);
#10137 = DEFINITIONAL_REPRESENTATION('',(#10138),#10142);
#10138 = LINE('',#10139,#10140);
#10139 = CARTESIAN_POINT('',(-29.5,-0.643692289853));
#10140 = VECTOR('',#10141,1.);
#10141 = DIRECTION('',(0.99976202708,2.181488503456E-02));
#10142 = ( GEOMETRIC_REPRESENTATION_CONTEXT(2) 
PARAMETRIC_REPRESENTATION_CONTEXT() REPRESENTATION_CONTEXT('2D SPACE',''
  ) );
#10143 = ADVANCED_FACE('',(#10144),#9572,.T.);
#10144 = FACE_BOUND('',#10145,.T.);
#10145 = EDGE_LOOP('',(#10146,#10147,#10170,#10196));
#10146 = ORIENTED_EDGE('',*,*,#9557,.F.);
#10147 = ORIENTED_EDGE('',*,*,#10148,.T.);
#10148 = EDGE_CURVE('',#9504,#10149,#10151,.T.);
#10149 = VERTEX_POINT('',#10150);
#10150 = CARTESIAN_POINT('',(-11.075,74.9,25.65));
#10151 = SEAM_CURVE('',#10152,(#10156,#10163),.PCURVE_S1.);
#10152 = LINE('',#10153,#10154);
#10153 = CARTESIAN_POINT('',(-11.075,74.9,26.825));
#10154 = VECTOR('',#10155,1.);
#10155 = DIRECTION('',(0.,0.,-1.));
#10156 = PCURVE('',#9572,#10157);
#10157 = DEFINITIONAL_REPRESENTATION('',(#10158),#10162);
#10158 = LINE('',#10159,#10160);
#10159 = CARTESIAN_POINT('',(-3.14159265359,0.));
#10160 = VECTOR('',#10161,1.);
#10161 = DIRECTION('',(0.,-1.));
#10162 = ( GEOMETRIC_REPRESENTATION_CONTEXT(2) 
PARAMETRIC_REPRESENTATION_CONTEXT() REPRESENTATION_CONTEXT('2D SPACE',''
  ) );
#10163 = PCURVE('',#9572,#10164);
#10164 = DEFINITIONAL_REPRESENTATION('',(#10165),#10169);
#10165 = LINE('',#10166,#10167);
#10166 = CARTESIAN_POINT('',(3.14159265359,0.));
#10167 = VECTOR('',#10168,1.);
#10168 = DIRECTION('',(0.,-1.));
#10169 = ( GEOMETRIC_REPRESENTATION_CONTEXT(2) 
PARAMETRIC_REPRESENTATION_CONTEXT() REPRESENTATION_CONTEXT('2D SPACE',''
  ) );
#10170 = ORIENTED_EDGE('',*,*,#10171,.F.);
#10171 = EDGE_CURVE('',#10149,#10149,#10172,.T.);
#10172 = SURFACE_CURVE('',#10173,(#10178,#10185),.PCURVE_S1.);
#10173 = CIRCLE('',#10174,4.);
#10174 = AXIS2_PLACEMENT_3D('',#10175,#10176,#10177);
#10175 = CARTESIAN_POINT('',(-15.075,74.9,25.65));
#10176 = DIRECTION('',(0.,0.,-1.));
#10177 = DIRECTION('',(1.,0.,0.));
#10178 = PCURVE('',#9572,#10179);
#10179 = DEFINITIONAL_REPRESENTATION('',(#10180),#10184);
#10180 = LINE('',#10181,#10182);
#10181 = CARTESIAN_POINT('',(3.14159265359,-1.175));
#10182 = VECTOR('',#10183,1.);
#10183 = DIRECTION('',(-1.,0.));
#10184 = ( GEOMETRIC_REPRESENTATION_CONTEXT(2) 
PARAMETRIC_REPRESENTATION_CONTEXT() REPRESENTATION_CONTEXT('2D SPACE',''
  ) );
#10185 = PCURVE('',#8621,#10186);
#10186 = DEFINITIONAL_REPRESENTATION('',(#10187),#10195);
#10187 = ( BOUNDED_CURVE() B_SPLINE_CURVE(2,(#10188,#10189,#10190,#10191
    ,#10192,#10193,#10194),.UNSPECIFIED.,.T.,.F.) 
B_SPLINE_CURVE_WITH_KNOTS((1,2,2,2,2,1),(-2.094395102393,0.,
    2.094395102393,4.188790204786,6.28318530718,8.377580409573),
.UNSPECIFIED.) CURVE() GEOMETRIC_REPRESENTATION_ITEM() 
RATIONAL_B_SPLINE_CURVE((1.,0.5,1.,0.5,1.,0.5,1.)) REPRESENTATION_ITEM(
  '') );
#10188 = CARTESIAN_POINT('',(-4.,-4.));
#10189 = CARTESIAN_POINT('',(-4.,2.928203230276));
#10190 = CARTESIAN_POINT('',(2.,-0.535898384862));
#10191 = CARTESIAN_POINT('',(8.,-4.));
#10192 = CARTESIAN_POINT('',(2.,-7.464101615138));
#10193 = CARTESIAN_POINT('',(-4.,-10.92820323027));
#10194 = CARTESIAN_POINT('',(-4.,-4.));
#10195 = ( GEOMETRIC_REPRESENTATION_CONTEXT(2) 
PARAMETRIC_REPRESENTATION_CONTEXT() REPRESENTATION_CONTEXT('2D SPACE',''
  ) );
#10196 = ORIENTED_EDGE('',*,*,#10148,.F.);
#10197 = ADVANCED_FACE('',(#10198),#6409,.T.);
#10198 = FACE_BOUND('',#10199,.T.);
#10199 = EDGE_LOOP('',(#10200,#10201,#10202,#10203));
#10200 = ORIENTED_EDGE('',*,*,#8189,.F.);
#10201 = ORIENTED_EDGE('',*,*,#9960,.F.);
#10202 = ORIENTED_EDGE('',*,*,#6393,.T.);
#10203 = ORIENTED_EDGE('',*,*,#10204,.T.);
#10204 = EDGE_CURVE('',#6366,#8190,#10205,.T.);
#10205 = SURFACE_CURVE('',#10206,(#10210,#10217),.PCURVE_S1.);
#10206 = LINE('',#10207,#10208);
#10207 = CARTESIAN_POINT('',(26.25,-96.79898837435,1.051E-14));
#10208 = VECTOR('',#10209,1.);
#10209 = DIRECTION('',(0.,2.181488503456E-02,0.99976202708));
#10210 = PCURVE('',#6409,#10211);
#10211 = DEFINITIONAL_REPRESENTATION('',(#10212),#10216);
#10212 = LINE('',#10213,#10214);
#10213 = CARTESIAN_POINT('',(0.,0.));
#10214 = VECTOR('',#10215,1.);
#10215 = DIRECTION('',(1.,-9.860761315263E-32));
#10216 = ( GEOMETRIC_REPRESENTATION_CONTEXT(2) 
PARAMETRIC_REPRESENTATION_CONTEXT() REPRESENTATION_CONTEXT('2D SPACE',''
  ) );
#10217 = PCURVE('',#6381,#10218);
#10218 = DEFINITIONAL_REPRESENTATION('',(#10219),#10223);
#10219 = LINE('',#10220,#10221);
#10220 = CARTESIAN_POINT('',(0.,-1.5));
#10221 = VECTOR('',#10222,1.);
#10222 = DIRECTION('',(-0.99976202708,-2.181488503456E-02));
#10223 = ( GEOMETRIC_REPRESENTATION_CONTEXT(2) 
PARAMETRIC_REPRESENTATION_CONTEXT() REPRESENTATION_CONTEXT('2D SPACE',''
  ) );
#10224 = ADVANCED_FACE('',(#10225),#7183,.F.);
#10225 = FACE_BOUND('',#10226,.F.);
#10226 = EDGE_LOOP('',(#10227,#10250,#10251,#10252));
#10227 = ORIENTED_EDGE('',*,*,#10228,.T.);
#10228 = EDGE_CURVE('',#10229,#407,#10231,.T.);
#10229 = VERTEX_POINT('',#10230);
#10230 = CARTESIAN_POINT('',(9.,98.29898837435,5.E-15));
#10231 = SURFACE_CURVE('',#10232,(#10236,#10243),.PCURVE_S1.);
#10232 = LINE('',#10233,#10234);
#10233 = CARTESIAN_POINT('',(9.,99.229493028891,-42.64442458245));
#10234 = VECTOR('',#10235,1.);
#10235 = DIRECTION('',(2.2E-16,-2.181488503456E-02,0.99976202708));
#10236 = PCURVE('',#7183,#10237);
#10237 = DEFINITIONAL_REPRESENTATION('',(#10238),#10242);
#10238 = LINE('',#10239,#10240);
#10239 = CARTESIAN_POINT('',(-143.875,-42.56183988637));
#10240 = VECTOR('',#10241,1.);
#10241 = DIRECTION('',(-2.2E-16,1.));
#10242 = ( GEOMETRIC_REPRESENTATION_CONTEXT(2) 
PARAMETRIC_REPRESENTATION_CONTEXT() REPRESENTATION_CONTEXT('2D SPACE',''
  ) );
#10243 = PCURVE('',#303,#10244);
#10244 = DEFINITIONAL_REPRESENTATION('',(#10245),#10249);
#10245 = LINE('',#10246,#10247);
#10246 = CARTESIAN_POINT('',(-98.875,-42.56183988637));
#10247 = VECTOR('',#10248,1.);
#10248 = DIRECTION('',(-2.2E-16,1.));
#10249 = ( GEOMETRIC_REPRESENTATION_CONTEXT(2) 
PARAMETRIC_REPRESENTATION_CONTEXT() REPRESENTATION_CONTEXT('2D SPACE',''
  ) );
#10250 = ORIENTED_EDGE('',*,*,#7919,.F.);
#10251 = ORIENTED_EDGE('',*,*,#7167,.F.);
#10252 = ORIENTED_EDGE('',*,*,#10253,.T.);
#10253 = EDGE_CURVE('',#7168,#10229,#10254,.T.);
#10254 = SURFACE_CURVE('',#10255,(#10259,#10266),.PCURVE_S1.);
#10255 = LINE('',#10256,#10257);
#10256 = CARTESIAN_POINT('',(18.65,98.29898837435,1.051E-14));
#10257 = VECTOR('',#10258,1.);
#10258 = DIRECTION('',(-1.,0.,0.));
#10259 = PCURVE('',#7183,#10260);
#10260 = DEFINITIONAL_REPRESENTATION('',(#10261),#10265);
#10261 = LINE('',#10262,#10263);
#10262 = CARTESIAN_POINT('',(-153.525,9.273532989414E-02));
#10263 = VECTOR('',#10264,1.);
#10264 = DIRECTION('',(1.,0.));
#10265 = ( GEOMETRIC_REPRESENTATION_CONTEXT(2) 
PARAMETRIC_REPRESENTATION_CONTEXT() REPRESENTATION_CONTEXT('2D SPACE',''
  ) );
#10266 = PCURVE('',#2501,#10267);
#10267 = DEFINITIONAL_REPRESENTATION('',(#10268),#10272);
#10268 = LINE('',#10269,#10270);
#10269 = CARTESIAN_POINT('',(-63.65,99.67398837435));
#10270 = VECTOR('',#10271,1.);
#10271 = DIRECTION('',(1.,0.));
#10272 = ( GEOMETRIC_REPRESENTATION_CONTEXT(2) 
PARAMETRIC_REPRESENTATION_CONTEXT() REPRESENTATION_CONTEXT('2D SPACE',''
  ) );
#10273 = ADVANCED_FACE('',(#10274),#2772,.T.);
#10274 = FACE_BOUND('',#10275,.T.);
#10275 = EDGE_LOOP('',(#10276,#10277,#10300,#10321));
#10276 = ORIENTED_EDGE('',*,*,#9377,.T.);
#10277 = ORIENTED_EDGE('',*,*,#10278,.F.);
#10278 = EDGE_CURVE('',#10279,#3719,#10281,.T.);
#10279 = VERTEX_POINT('',#10280);
#10280 = CARTESIAN_POINT('',(44.231307710147,99.04898837435,29.5));
#10281 = SURFACE_CURVE('',#10282,(#10286,#10293),.PCURVE_S1.);
#10282 = LINE('',#10283,#10284);
#10283 = CARTESIAN_POINT('',(44.875,99.04898837435,29.5));
#10284 = VECTOR('',#10285,1.);
#10285 = DIRECTION('',(-1.,0.,0.));
#10286 = PCURVE('',#2772,#10287);
#10287 = DEFINITIONAL_REPRESENTATION('',(#10288),#10292);
#10288 = LINE('',#10289,#10290);
#10289 = CARTESIAN_POINT('',(-89.875,99.04898837435));
#10290 = VECTOR('',#10291,1.);
#10291 = DIRECTION('',(1.,0.));
#10292 = ( GEOMETRIC_REPRESENTATION_CONTEXT(2) 
PARAMETRIC_REPRESENTATION_CONTEXT() REPRESENTATION_CONTEXT('2D SPACE',''
  ) );
#10293 = PCURVE('',#3734,#10294);
#10294 = DEFINITIONAL_REPRESENTATION('',(#10295),#10299);
#10295 = LINE('',#10296,#10297);
#10296 = CARTESIAN_POINT('',(0.,29.5));
#10297 = VECTOR('',#10298,1.);
#10298 = DIRECTION('',(1.,0.));
#10299 = ( GEOMETRIC_REPRESENTATION_CONTEXT(2) 
PARAMETRIC_REPRESENTATION_CONTEXT() REPRESENTATION_CONTEXT('2D SPACE',''
  ) );
#10300 = ORIENTED_EDGE('',*,*,#10301,.F.);
#10301 = EDGE_CURVE('',#2757,#10279,#10302,.T.);
#10302 = SURFACE_CURVE('',#10303,(#10307,#10314),.PCURVE_S1.);
#10303 = LINE('',#10304,#10305);
#10304 = CARTESIAN_POINT('',(44.231307710147,51.275,29.5));
#10305 = VECTOR('',#10306,1.);
#10306 = DIRECTION('',(9.E-17,1.,0.));
#10307 = PCURVE('',#2772,#10308);
#10308 = DEFINITIONAL_REPRESENTATION('',(#10309),#10313);
#10309 = LINE('',#10310,#10311);
#10310 = CARTESIAN_POINT('',(-89.23130771014,51.275));
#10311 = VECTOR('',#10312,1.);
#10312 = DIRECTION('',(-9.E-17,1.));
#10313 = ( GEOMETRIC_REPRESENTATION_CONTEXT(2) 
PARAMETRIC_REPRESENTATION_CONTEXT() REPRESENTATION_CONTEXT('2D SPACE',''
  ) );
#10314 = PCURVE('',#2800,#10315);
#10315 = DEFINITIONAL_REPRESENTATION('',(#10316),#10320);
#10316 = LINE('',#10317,#10318);
#10317 = CARTESIAN_POINT('',(-51.275,29.507021872158));
#10318 = VECTOR('',#10319,1.);
#10319 = DIRECTION('',(1.,-4.843036725388E-35));
#10320 = ( GEOMETRIC_REPRESENTATION_CONTEXT(2) 
PARAMETRIC_REPRESENTATION_CONTEXT() REPRESENTATION_CONTEXT('2D SPACE',''
  ) );
#10321 = ORIENTED_EDGE('',*,*,#2756,.F.);
#10322 = ADVANCED_FACE('',(#10323),#224,.F.);
#10323 = FACE_BOUND('',#10324,.F.);
#10324 = EDGE_LOOP('',(#10325,#10326,#10327,#10328));
#10325 = ORIENTED_EDGE('',*,*,#8864,.F.);
#10326 = ORIENTED_EDGE('',*,*,#7482,.T.);
#10327 = ORIENTED_EDGE('',*,*,#207,.T.);
#10328 = ORIENTED_EDGE('',*,*,#10329,.T.);
#10329 = EDGE_CURVE('',#208,#8842,#10330,.T.);
#10330 = SURFACE_CURVE('',#10331,(#10336,#10365),.PCURVE_S1.);
#10331 = ELLIPSE('',#10332,415.42202789647,9.062383779386);
#10332 = AXIS2_PLACEMENT_3D('',#10333,#10334,#10335);
#10333 = CARTESIAN_POINT('',(-15.33107605373,-92.0302961,287.29009964597
    ));
#10334 = DIRECTION('',(0.,0.99976202708,-2.181488503456E-02));
#10335 = DIRECTION('',(-4.E-17,2.181488503456E-02,0.99976202708));
#10336 = PCURVE('',#224,#10337);
#10337 = DEFINITIONAL_REPRESENTATION('',(#10338),#10364);
#10338 = B_SPLINE_CURVE_WITH_KNOTS('',3,(#10339,#10340,#10341,#10342,
    #10343,#10344,#10345,#10346,#10347,#10348,#10349,#10350,#10351,
    #10352,#10353,#10354,#10355,#10356,#10357,#10358,#10359,#10360,
    #10361,#10362,#10363),.UNSPECIFIED.,.F.,.F.,(4,1,1,1,1,1,1,1,1,1,1,1
    ,1,1,1,1,1,1,1,1,1,1,4),(2.240428473315,2.244693402155,
    2.248958330994,2.253223259834,2.257488188673,2.261753117513,
    2.266018046352,2.270282975192,2.274547904031,2.278812832871,
    2.28307776171,2.28734269055,2.29160761939,2.295872548229,
    2.300137477069,2.304402405908,2.308667334748,2.312932263587,
    2.317197192427,2.321462121266,2.325727050106,2.329991978945,
    2.334256907785),.QUASI_UNIFORM_KNOTS.);
#10339 = CARTESIAN_POINT('',(5.613553160659,29.375));
#10340 = CARTESIAN_POINT('',(5.612131517713,28.912064501798));
#10341 = CARTESIAN_POINT('',(5.60928823182,27.987756567027));
#10342 = CARTESIAN_POINT('',(5.60502330298,26.606008974669));
#10343 = CARTESIAN_POINT('',(5.600758374141,25.229000850791));
#10344 = CARTESIAN_POINT('',(5.596493445301,23.856757235841));
#10345 = CARTESIAN_POINT('',(5.592228516462,22.48930309218));
#10346 = CARTESIAN_POINT('',(5.587963587622,21.126663292754));
#10347 = CARTESIAN_POINT('',(5.583698658783,19.768862623552));
#10348 = CARTESIAN_POINT('',(5.579433729943,18.415925782378));
#10349 = CARTESIAN_POINT('',(5.575168801104,17.067877378608));
#10350 = CARTESIAN_POINT('',(5.570903872264,15.724741932688));
#10351 = CARTESIAN_POINT('',(5.566638943424,14.386543875702));
#10352 = CARTESIAN_POINT('',(5.562374014585,13.053307548925));
#10353 = CARTESIAN_POINT('',(5.558109085745,11.725057203379));
#10354 = CARTESIAN_POINT('',(5.553844156906,10.401816999394));
#10355 = CARTESIAN_POINT('',(5.549579228066,9.08361100617));
#10356 = CARTESIAN_POINT('',(5.545314299227,7.770463201324));
#10357 = CARTESIAN_POINT('',(5.541049370387,6.462397470514));
#10358 = CARTESIAN_POINT('',(5.536784441548,5.159437606778));
#10359 = CARTESIAN_POINT('',(5.532519512708,3.861607310956));
#10360 = CARTESIAN_POINT('',(5.528254583869,2.568930188054));
#10361 = CARTESIAN_POINT('',(5.523989655029,1.281429758789));
#10362 = CARTESIAN_POINT('',(5.521146369136,0.426562862572));
#10363 = CARTESIAN_POINT('',(5.51972472619,-1.199E-14));
#10364 = ( GEOMETRIC_REPRESENTATION_CONTEXT(2) 
PARAMETRIC_REPRESENTATION_CONTEXT() REPRESENTATION_CONTEXT('2D SPACE',''
  ) );
#10365 = PCURVE('',#133,#10366);
#10366 = DEFINITIONAL_REPRESENTATION('',(#10367),#10375);
#10367 = ( BOUNDED_CURVE() B_SPLINE_CURVE(2,(#10368,#10369,#10370,#10371
    ,#10372,#10373,#10374),.UNSPECIFIED.,.T.,.F.) 
B_SPLINE_CURVE_WITH_KNOTS((1,2,2,2,2,1),(-2.094395102393,0.,
    2.094395102393,4.188790204786,6.28318530718,8.377580409573),
.UNSPECIFIED.) CURVE() GEOMETRIC_REPRESENTATION_ITEM() 
RATIONAL_B_SPLINE_CURVE((1.,0.5,1.,0.5,1.,0.5,1.)) REPRESENTATION_ITEM(
  '') );
#10368 = CARTESIAN_POINT('',(-105.2060760537,702.87324640969));
#10369 = CARTESIAN_POINT('',(-89.50956691015,702.87324640969));
#10370 = CARTESIAN_POINT('',(-97.35782148194,79.740204564984));
#10371 = CARTESIAN_POINT('',(-105.2060760537,-543.3928372797));
#10372 = CARTESIAN_POINT('',(-113.0543306255,79.740204564984));
#10373 = CARTESIAN_POINT('',(-120.9025851973,702.87324640969));
#10374 = CARTESIAN_POINT('',(-105.2060760537,702.87324640969));
#10375 = ( GEOMETRIC_REPRESENTATION_CONTEXT(2) 
PARAMETRIC_REPRESENTATION_CONTEXT() REPRESENTATION_CONTEXT('2D SPACE',''
  ) );
#10376 = ADVANCED_FACE('',(#10377),#133,.F.);
#10377 = FACE_BOUND('',#10378,.F.);
#10378 = EDGE_LOOP('',(#10379,#10380,#10381,#10382,#10383,#10384,#10405,
    #10406));
#10379 = ORIENTED_EDGE('',*,*,#5465,.F.);
#10380 = ORIENTED_EDGE('',*,*,#8841,.F.);
#10381 = ORIENTED_EDGE('',*,*,#10329,.F.);
#10382 = ORIENTED_EDGE('',*,*,#236,.F.);
#10383 = ORIENTED_EDGE('',*,*,#1953,.T.);
#10384 = ORIENTED_EDGE('',*,*,#10385,.T.);
#10385 = EDGE_CURVE('',#1542,#6225,#10386,.T.);
#10386 = SURFACE_CURVE('',#10387,(#10391,#10398),.PCURVE_S1.);
#10387 = LINE('',#10388,#10389);
#10388 = CARTESIAN_POINT('',(-63.65,-98.29898837435,1.051E-14));
#10389 = VECTOR('',#10390,1.);
#10390 = DIRECTION('',(1.,0.,0.));
#10391 = PCURVE('',#133,#10392);
#10392 = DEFINITIONAL_REPRESENTATION('',(#10393),#10397);
#10393 = LINE('',#10394,#10395);
#10394 = CARTESIAN_POINT('',(-153.525,9.273532989414E-02));
#10395 = VECTOR('',#10396,1.);
#10396 = DIRECTION('',(1.,0.));
#10397 = ( GEOMETRIC_REPRESENTATION_CONTEXT(2) 
PARAMETRIC_REPRESENTATION_CONTEXT() REPRESENTATION_CONTEXT('2D SPACE',''
  ) );
#10398 = PCURVE('',#1585,#10399);
#10399 = DEFINITIONAL_REPRESENTATION('',(#10400),#10404);
#10400 = LINE('',#10401,#10402);
#10401 = CARTESIAN_POINT('',(63.65,-96.92398837435));
#10402 = VECTOR('',#10403,1.);
#10403 = DIRECTION('',(-1.,0.));
#10404 = ( GEOMETRIC_REPRESENTATION_CONTEXT(2) 
PARAMETRIC_REPRESENTATION_CONTEXT() REPRESENTATION_CONTEXT('2D SPACE',''
  ) );
#10405 = ORIENTED_EDGE('',*,*,#10101,.F.);
#10406 = ORIENTED_EDGE('',*,*,#110,.F.);
#10407 = ADVANCED_FACE('',(#10408),#2527,.F.);
#10408 = FACE_BOUND('',#10409,.F.);
#10409 = EDGE_LOOP('',(#10410,#10411,#10432,#10433));
#10410 = ORIENTED_EDGE('',*,*,#2513,.T.);
#10411 = ORIENTED_EDGE('',*,*,#10412,.T.);
#10412 = EDGE_CURVE('',#2428,#7098,#10413,.T.);
#10413 = SURFACE_CURVE('',#10414,(#10418,#10425),.PCURVE_S1.);
#10414 = LINE('',#10415,#10416);
#10415 = CARTESIAN_POINT('',(-9.,101.19898837435,-28.38045381863));
#10416 = VECTOR('',#10417,1.);
#10417 = DIRECTION('',(-6.E-17,0.,1.));
#10418 = PCURVE('',#2527,#10419);
#10419 = DEFINITIONAL_REPRESENTATION('',(#10420),#10424);
#10420 = LINE('',#10421,#10422);
#10421 = CARTESIAN_POINT('',(-28.38045381863,69.25));
#10422 = VECTOR('',#10423,1.);
#10423 = DIRECTION('',(1.,-6.E-17));
#10424 = ( GEOMETRIC_REPRESENTATION_CONTEXT(2) 
PARAMETRIC_REPRESENTATION_CONTEXT() REPRESENTATION_CONTEXT('2D SPACE',''
  ) );
#10425 = PCURVE('',#2412,#10426);
#10426 = DEFINITIONAL_REPRESENTATION('',(#10427),#10431);
#10427 = LINE('',#10428,#10429);
#10428 = CARTESIAN_POINT('',(-28.38045381863,24.25));
#10429 = VECTOR('',#10430,1.);
#10430 = DIRECTION('',(1.,-6.E-17));
#10431 = ( GEOMETRIC_REPRESENTATION_CONTEXT(2) 
PARAMETRIC_REPRESENTATION_CONTEXT() REPRESENTATION_CONTEXT('2D SPACE',''
  ) );
#10432 = ORIENTED_EDGE('',*,*,#7120,.T.);
#10433 = ORIENTED_EDGE('',*,*,#10434,.F.);
#10434 = EDGE_CURVE('',#2486,#4075,#10435,.T.);
#10435 = SURFACE_CURVE('',#10436,(#10440,#10447),.PCURVE_S1.);
#10436 = LINE('',#10437,#10438);
#10437 = CARTESIAN_POINT('',(9.,101.19898837435,-45.));
#10438 = VECTOR('',#10439,1.);
#10439 = DIRECTION('',(2.2E-16,0.,1.));
#10440 = PCURVE('',#2527,#10441);
#10441 = DEFINITIONAL_REPRESENTATION('',(#10442),#10446);
#10442 = LINE('',#10443,#10444);
#10443 = CARTESIAN_POINT('',(-45.,87.25));
#10444 = VECTOR('',#10445,1.);
#10445 = DIRECTION('',(1.,2.2E-16));
#10446 = ( GEOMETRIC_REPRESENTATION_CONTEXT(2) 
PARAMETRIC_REPRESENTATION_CONTEXT() REPRESENTATION_CONTEXT('2D SPACE',''
  ) );
#10447 = PCURVE('',#4118,#10448);
#10448 = DEFINITIONAL_REPRESENTATION('',(#10449),#10453);
#10449 = LINE('',#10450,#10451);
#10450 = CARTESIAN_POINT('',(-45.,132.25));
#10451 = VECTOR('',#10452,1.);
#10452 = DIRECTION('',(1.,2.2E-16));
#10453 = ( GEOMETRIC_REPRESENTATION_CONTEXT(2) 
PARAMETRIC_REPRESENTATION_CONTEXT() REPRESENTATION_CONTEXT('2D SPACE',''
  ) );
#10454 = ADVANCED_FACE('',(#10455),#9865,.T.);
#10455 = FACE_BOUND('',#10456,.T.);
#10456 = EDGE_LOOP('',(#10457,#10458,#10481,#10507));
#10457 = ORIENTED_EDGE('',*,*,#9850,.F.);
#10458 = ORIENTED_EDGE('',*,*,#10459,.T.);
#10459 = EDGE_CURVE('',#9797,#10460,#10462,.T.);
#10460 = VERTEX_POINT('',#10461);
#10461 = CARTESIAN_POINT('',(-11.075,-75.1,25.65));
#10462 = SEAM_CURVE('',#10463,(#10467,#10474),.PCURVE_S1.);
#10463 = LINE('',#10464,#10465);
#10464 = CARTESIAN_POINT('',(-11.075,-75.1,26.825));
#10465 = VECTOR('',#10466,1.);
#10466 = DIRECTION('',(0.,0.,-1.));
#10467 = PCURVE('',#9865,#10468);
#10468 = DEFINITIONAL_REPRESENTATION('',(#10469),#10473);
#10469 = LINE('',#10470,#10471);
#10470 = CARTESIAN_POINT('',(-3.14159265359,0.));
#10471 = VECTOR('',#10472,1.);
#10472 = DIRECTION('',(0.,-1.));
#10473 = ( GEOMETRIC_REPRESENTATION_CONTEXT(2) 
PARAMETRIC_REPRESENTATION_CONTEXT() REPRESENTATION_CONTEXT('2D SPACE',''
  ) );
#10474 = PCURVE('',#9865,#10475);
#10475 = DEFINITIONAL_REPRESENTATION('',(#10476),#10480);
#10476 = LINE('',#10477,#10478);
#10477 = CARTESIAN_POINT('',(3.14159265359,0.));
#10478 = VECTOR('',#10479,1.);
#10479 = DIRECTION('',(0.,-1.));
#10480 = ( GEOMETRIC_REPRESENTATION_CONTEXT(2) 
PARAMETRIC_REPRESENTATION_CONTEXT() REPRESENTATION_CONTEXT('2D SPACE',''
  ) );
#10481 = ORIENTED_EDGE('',*,*,#10482,.F.);
#10482 = EDGE_CURVE('',#10460,#10460,#10483,.T.);
#10483 = SURFACE_CURVE('',#10484,(#10489,#10496),.PCURVE_S1.);
#10484 = CIRCLE('',#10485,4.);
#10485 = AXIS2_PLACEMENT_3D('',#10486,#10487,#10488);
#10486 = CARTESIAN_POINT('',(-15.075,-75.1,25.65));
#10487 = DIRECTION('',(0.,0.,-1.));
#10488 = DIRECTION('',(1.,0.,0.));
#10489 = PCURVE('',#9865,#10490);
#10490 = DEFINITIONAL_REPRESENTATION('',(#10491),#10495);
#10491 = LINE('',#10492,#10493);
#10492 = CARTESIAN_POINT('',(3.14159265359,-1.175));
#10493 = VECTOR('',#10494,1.);
#10494 = DIRECTION('',(-1.,0.));
#10495 = ( GEOMETRIC_REPRESENTATION_CONTEXT(2) 
PARAMETRIC_REPRESENTATION_CONTEXT() REPRESENTATION_CONTEXT('2D SPACE',''
  ) );
#10496 = PCURVE('',#2095,#10497);
#10497 = DEFINITIONAL_REPRESENTATION('',(#10498),#10506);
#10498 = ( BOUNDED_CURVE() B_SPLINE_CURVE(2,(#10499,#10500,#10501,#10502
    ,#10503,#10504,#10505),.UNSPECIFIED.,.T.,.F.) 
B_SPLINE_CURVE_WITH_KNOTS((1,2,2,2,2,1),(-2.094395102393,0.,
    2.094395102393,4.188790204786,6.28318530718,8.377580409573),
.UNSPECIFIED.) CURVE() GEOMETRIC_REPRESENTATION_ITEM() 
RATIONAL_B_SPLINE_CURVE((1.,0.5,1.,0.5,1.,0.5,1.)) REPRESENTATION_ITEM(
  '') );
#10499 = CARTESIAN_POINT('',(-4.,-4.));
#10500 = CARTESIAN_POINT('',(-4.,2.928203230276));
#10501 = CARTESIAN_POINT('',(2.,-0.535898384862));
#10502 = CARTESIAN_POINT('',(8.,-4.));
#10503 = CARTESIAN_POINT('',(2.,-7.464101615138));
#10504 = CARTESIAN_POINT('',(-4.,-10.92820323027));
#10505 = CARTESIAN_POINT('',(-4.,-4.));
#10506 = ( GEOMETRIC_REPRESENTATION_CONTEXT(2) 
PARAMETRIC_REPRESENTATION_CONTEXT() REPRESENTATION_CONTEXT('2D SPACE',''
  ) );
#10507 = ORIENTED_EDGE('',*,*,#10459,.F.);
#10508 = ADVANCED_FACE('',(#10509),#1137,.T.);
#10509 = FACE_BOUND('',#10510,.T.);
#10510 = EDGE_LOOP('',(#10511,#10512,#10513,#10534));
#10511 = ORIENTED_EDGE('',*,*,#9478,.T.);
#10512 = ORIENTED_EDGE('',*,*,#9228,.F.);
#10513 = ORIENTED_EDGE('',*,*,#10514,.F.);
#10514 = EDGE_CURVE('',#1122,#9206,#10515,.T.);
#10515 = SURFACE_CURVE('',#10516,(#10520,#10527),.PCURVE_S1.);
#10516 = LINE('',#10517,#10518);
#10517 = CARTESIAN_POINT('',(-37.15,-96.79898837435,1.051E-14));
#10518 = VECTOR('',#10519,1.);
#10519 = DIRECTION('',(0.,2.181488503456E-02,0.99976202708));
#10520 = PCURVE('',#1137,#10521);
#10521 = DEFINITIONAL_REPRESENTATION('',(#10522),#10526);
#10522 = LINE('',#10523,#10524);
#10523 = CARTESIAN_POINT('',(-14.00351093607,1.5));
#10524 = VECTOR('',#10525,1.);
#10525 = DIRECTION('',(1.,-2.563797941968E-30));
#10526 = ( GEOMETRIC_REPRESENTATION_CONTEXT(2) 
PARAMETRIC_REPRESENTATION_CONTEXT() REPRESENTATION_CONTEXT('2D SPACE',''
  ) );
#10527 = PCURVE('',#1165,#10528);
#10528 = DEFINITIONAL_REPRESENTATION('',(#10529),#10533);
#10529 = LINE('',#10530,#10531);
#10530 = CARTESIAN_POINT('',(-14.25,-0.499761970435));
#10531 = VECTOR('',#10532,1.);
#10532 = DIRECTION('',(0.99976202708,-2.181488503456E-02));
#10533 = ( GEOMETRIC_REPRESENTATION_CONTEXT(2) 
PARAMETRIC_REPRESENTATION_CONTEXT() REPRESENTATION_CONTEXT('2D SPACE',''
  ) );
#10534 = ORIENTED_EDGE('',*,*,#1121,.T.);
#10535 = ADVANCED_FACE('',(#10536),#7246,.F.);
#10536 = FACE_BOUND('',#10537,.F.);
#10537 = EDGE_LOOP('',(#10538,#10559,#10560,#10561));
#10538 = ORIENTED_EDGE('',*,*,#10539,.T.);
#10539 = EDGE_CURVE('',#8555,#7225,#10540,.T.);
#10540 = SEAM_CURVE('',#10541,(#10545,#10552),.PCURVE_S1.);
#10541 = LINE('',#10542,#10543);
#10542 = CARTESIAN_POINT('',(1.7,92.0302961,11.775));
#10543 = VECTOR('',#10544,1.);
#10544 = DIRECTION('',(0.,0.,1.));
#10545 = PCURVE('',#7246,#10546);
#10546 = DEFINITIONAL_REPRESENTATION('',(#10547),#10551);
#10547 = LINE('',#10548,#10549);
#10548 = CARTESIAN_POINT('',(9.424777960769,0.));
#10549 = VECTOR('',#10550,1.);
#10550 = DIRECTION('',(0.,1.));
#10551 = ( GEOMETRIC_REPRESENTATION_CONTEXT(2) 
PARAMETRIC_REPRESENTATION_CONTEXT() REPRESENTATION_CONTEXT('2D SPACE',''
  ) );
#10552 = PCURVE('',#7246,#10553);
#10553 = DEFINITIONAL_REPRESENTATION('',(#10554),#10558);
#10554 = LINE('',#10555,#10556);
#10555 = CARTESIAN_POINT('',(3.14159265359,0.));
#10556 = VECTOR('',#10557,1.);
#10557 = DIRECTION('',(0.,1.));
#10558 = ( GEOMETRIC_REPRESENTATION_CONTEXT(2) 
PARAMETRIC_REPRESENTATION_CONTEXT() REPRESENTATION_CONTEXT('2D SPACE',''
  ) );
#10559 = ORIENTED_EDGE('',*,*,#7224,.F.);
#10560 = ORIENTED_EDGE('',*,*,#10539,.F.);
#10561 = ORIENTED_EDGE('',*,*,#8554,.T.);
#10562 = ADVANCED_FACE('',(#10563),#3449,.F.);
#10563 = FACE_BOUND('',#10564,.F.);
#10564 = EDGE_LOOP('',(#10565,#10566,#10589,#10610));
#10565 = ORIENTED_EDGE('',*,*,#3433,.F.);
#10566 = ORIENTED_EDGE('',*,*,#10567,.F.);
#10567 = EDGE_CURVE('',#10568,#3434,#10570,.T.);
#10568 = VERTEX_POINT('',#10569);
#10569 = CARTESIAN_POINT('',(-37.14999999999,97.298750344786,1.1E-14));
#10570 = SURFACE_CURVE('',#10571,(#10576,#10582),.PCURVE_S1.);
#10571 = ELLIPSE('',#10572,1.000238029565,1.);
#10572 = AXIS2_PLACEMENT_3D('',#10573,#10574,#10575);
#10573 = CARTESIAN_POINT('',(-36.14999999999,97.298750344786,1.051E-14)
  );
#10574 = DIRECTION('',(0.,0.,-1.));
#10575 = DIRECTION('',(2.0049E-13,1.,0.));
#10576 = PCURVE('',#3449,#10577);
#10577 = DEFINITIONAL_REPRESENTATION('',(#10578),#10581);
#10578 = B_SPLINE_CURVE_WITH_KNOTS('',1,(#10579,#10580),.UNSPECIFIED.,
  .F.,.F.,(2,2),(4.712388980385,6.28318530718),
  .PIECEWISE_BEZIER_KNOTS.);
#10579 = CARTESIAN_POINT('',(-0.785398163397,2.076193387831));
#10580 = CARTESIAN_POINT('',(0.785398163398,2.098013465453));
#10581 = ( GEOMETRIC_REPRESENTATION_CONTEXT(2) 
PARAMETRIC_REPRESENTATION_CONTEXT() REPRESENTATION_CONTEXT('2D SPACE',''
  ) );
#10582 = PCURVE('',#527,#10583);
#10583 = DEFINITIONAL_REPRESENTATION('',(#10584),#10588);
#10584 = ELLIPSE('',#10585,1.000238029565,1.);
#10585 = AXIS2_PLACEMENT_2D('',#10586,#10587);
#10586 = CARTESIAN_POINT('',(81.149999999998,98.673750344786));
#10587 = DIRECTION('',(-2.0049E-13,1.));
#10588 = ( GEOMETRIC_REPRESENTATION_CONTEXT(2) 
PARAMETRIC_REPRESENTATION_CONTEXT() REPRESENTATION_CONTEXT('2D SPACE',''
  ) );
#10589 = ORIENTED_EDGE('',*,*,#10590,.F.);
#10590 = EDGE_CURVE('',#5745,#10568,#10591,.T.);
#10591 = SURFACE_CURVE('',#10592,(#10596,#10603),.PCURVE_S1.);
#10592 = LINE('',#10593,#10594);
#10593 = CARTESIAN_POINT('',(-37.14999999999,96.676878132554,28.5));
#10594 = VECTOR('',#10595,1.);
#10595 = DIRECTION('',(5.E-16,2.181488503456E-02,-0.99976202708));
#10596 = PCURVE('',#3449,#10597);
#10597 = DEFINITIONAL_REPRESENTATION('',(#10598),#10602);
#10598 = LINE('',#10599,#10600);
#10599 = CARTESIAN_POINT('',(-0.785398163397,-26.43059045476));
#10600 = VECTOR('',#10601,1.);
#10601 = DIRECTION('',(1.9E-16,1.));
#10602 = ( GEOMETRIC_REPRESENTATION_CONTEXT(2) 
PARAMETRIC_REPRESENTATION_CONTEXT() REPRESENTATION_CONTEXT('2D SPACE',''
  ) );
#10603 = PCURVE('',#1165,#10604);
#10604 = DEFINITIONAL_REPRESENTATION('',(#10605),#10609);
#10605 = LINE('',#10606,#10607);
#10606 = CARTESIAN_POINT('',(14.25,-193.9756284773));
#10607 = VECTOR('',#10608,1.);
#10608 = DIRECTION('',(-0.99976202708,-2.181488503456E-02));
#10609 = ( GEOMETRIC_REPRESENTATION_CONTEXT(2) 
PARAMETRIC_REPRESENTATION_CONTEXT() REPRESENTATION_CONTEXT('2D SPACE',''
  ) );
#10610 = ORIENTED_EDGE('',*,*,#5744,.T.);
#10611 = ADVANCED_FACE('',(#10612),#3261,.T.);
#10612 = FACE_BOUND('',#10613,.T.);
#10613 = EDGE_LOOP('',(#10614,#10615,#10638,#10659));
#10614 = ORIENTED_EDGE('',*,*,#3243,.T.);
#10615 = ORIENTED_EDGE('',*,*,#10616,.T.);
#10616 = EDGE_CURVE('',#3246,#10617,#10619,.T.);
#10617 = VERTEX_POINT('',#10618);
#10618 = CARTESIAN_POINT('',(40.55,97.45,0.));
#10619 = SURFACE_CURVE('',#10620,(#10624,#10631),.PCURVE_S1.);
#10620 = LINE('',#10621,#10622);
#10621 = CARTESIAN_POINT('',(40.55,97.45,29.5));
#10622 = VECTOR('',#10623,1.);
#10623 = DIRECTION('',(0.,0.,-1.));
#10624 = PCURVE('',#3261,#10625);
#10625 = DEFINITIONAL_REPRESENTATION('',(#10626),#10630);
#10626 = LINE('',#10627,#10628);
#10627 = CARTESIAN_POINT('',(0.5,0.));
#10628 = VECTOR('',#10629,1.);
#10629 = DIRECTION('',(0.,1.));
#10630 = ( GEOMETRIC_REPRESENTATION_CONTEXT(2) 
PARAMETRIC_REPRESENTATION_CONTEXT() REPRESENTATION_CONTEXT('2D SPACE',''
  ) );
#10631 = PCURVE('',#3360,#10632);
#10632 = DEFINITIONAL_REPRESENTATION('',(#10633),#10637);
#10633 = LINE('',#10634,#10635);
#10634 = CARTESIAN_POINT('',(196.49898837435,0.));
#10635 = VECTOR('',#10636,1.);
#10636 = DIRECTION('',(0.,1.));
#10637 = ( GEOMETRIC_REPRESENTATION_CONTEXT(2) 
PARAMETRIC_REPRESENTATION_CONTEXT() REPRESENTATION_CONTEXT('2D SPACE',''
  ) );
#10638 = ORIENTED_EDGE('',*,*,#10639,.F.);
#10639 = EDGE_CURVE('',#3673,#10617,#10640,.T.);
#10640 = SURFACE_CURVE('',#10641,(#10645,#10652),.PCURVE_S1.);
#10641 = LINE('',#10642,#10643);
#10642 = CARTESIAN_POINT('',(40.55,97.45,0.));
#10643 = VECTOR('',#10644,1.);
#10644 = DIRECTION('',(-1.,0.,0.));
#10645 = PCURVE('',#3261,#10646);
#10646 = DEFINITIONAL_REPRESENTATION('',(#10647),#10651);
#10647 = LINE('',#10648,#10649);
#10648 = CARTESIAN_POINT('',(0.5,29.5));
#10649 = VECTOR('',#10650,1.);
#10650 = DIRECTION('',(1.,0.));
#10651 = ( GEOMETRIC_REPRESENTATION_CONTEXT(2) 
PARAMETRIC_REPRESENTATION_CONTEXT() REPRESENTATION_CONTEXT('2D SPACE',''
  ) );
#10652 = PCURVE('',#2501,#10653);
#10653 = DEFINITIONAL_REPRESENTATION('',(#10654),#10658);
#10654 = LINE('',#10655,#10656);
#10655 = CARTESIAN_POINT('',(-85.55,98.825));
#10656 = VECTOR('',#10657,1.);
#10657 = DIRECTION('',(1.,0.));
#10658 = ( GEOMETRIC_REPRESENTATION_CONTEXT(2) 
PARAMETRIC_REPRESENTATION_CONTEXT() REPRESENTATION_CONTEXT('2D SPACE',''
  ) );
#10659 = ORIENTED_EDGE('',*,*,#3672,.F.);
#10660 = ADVANCED_FACE('',(#10661),#4182,.T.);
#10661 = FACE_BOUND('',#10662,.T.);
#10662 = EDGE_LOOP('',(#10663,#10664,#10665,#10666));
#10663 = ORIENTED_EDGE('',*,*,#8258,.F.);
#10664 = ORIENTED_EDGE('',*,*,#5951,.F.);
#10665 = ORIENTED_EDGE('',*,*,#6319,.T.);
#10666 = ORIENTED_EDGE('',*,*,#4159,.F.);
#10667 = ADVANCED_FACE('',(#10668),#10681,.F.);
#10668 = FACE_BOUND('',#10669,.F.);
#10669 = EDGE_LOOP('',(#10670,#10719,#10742,#10766));
#10670 = ORIENTED_EDGE('',*,*,#10671,.F.);
#10671 = EDGE_CURVE('',#9042,#10672,#10674,.T.);
#10672 = VERTEX_POINT('',#10673);
#10673 = CARTESIAN_POINT('',(-42.23569166731,101.91021572147,
    29.320898376362));
#10674 = SURFACE_CURVE('',#10675,(#10680,#10713),.PCURVE_S1.);
#10675 = ELLIPSE('',#10676,3.250114448895,3.25);
#10676 = AXIS2_PLACEMENT_3D('',#10677,#10678,#10679);
#10677 = CARTESIAN_POINT('',(-42.23628667042,98.660989133467,29.25));
#10678 = DIRECTION('',(-0.999964786195,-4.1E-16,8.392042020847E-03));
#10679 = DIRECTION('',(8.392042020847E-03,-5.466E-14,0.999964786195));
#10680 = PCURVE('',#10681,#10707);
#10681 = B_SPLINE_SURFACE_WITH_KNOTS('',3,3,(
    (#10682,#10683,#10684,#10685,#10686)
    ,(#10687,#10688,#10689,#10690,#10691)
    ,(#10692,#10693,#10694,#10695,#10696)
    ,(#10697,#10698,#10699,#10700,#10701)
    ,(#10702,#10703,#10704,#10705,#10706
    )),.UNSPECIFIED.,.F.,.F.,.F.,(4,1,4),(4,1,4),(0.,0.571428571429,1.),
  (-1.548979711145,-0.885131263511,-5.107E-14),.UNSPECIFIED.);
#10682 = CARTESIAN_POINT('',(-44.23521572147,99.910691667317,
    29.320898376362));
#10683 = CARTESIAN_POINT('',(-44.22918164749,99.904657593331,
    29.597436072062));
#10684 = CARTESIAN_POINT('',(-44.21518834915,99.66850338559,
    30.238739855575));
#10685 = CARTESIAN_POINT('',(-44.20853562755,99.029793826597,
    30.543629770069));
#10686 = CARTESIAN_POINT('',(-44.20853562755,98.660989133467,
    30.543629770069));
#10687 = CARTESIAN_POINT('',(-44.23493110402,100.50876668507,
    29.333942209299));
#10688 = CARTESIAN_POINT('',(-44.22592183453,100.49795437955,
    29.743307768875));
#10689 = CARTESIAN_POINT('',(-44.20526680196,100.14504563292,
    30.688171204685));
#10690 = CARTESIAN_POINT('',(-44.19566293638,99.20467201403,
    31.133576854229));
#10691 = CARTESIAN_POINT('',(-44.19566293638,98.660989133467,
    31.133576854229));
#10692 = CARTESIAN_POINT('',(-43.73270499409,101.54417359089,
    29.345576255652));
#10693 = CARTESIAN_POINT('',(-43.72208210617,101.52539112032,
    29.983167756442));
#10694 = CARTESIAN_POINT('',(-43.69755113836,100.96983126923,
    31.453124871633));
#10695 = CARTESIAN_POINT('',(-43.68596919779,99.505340852928,
    32.14486449939));
#10696 = CARTESIAN_POINT('',(-43.68596919779,98.660989133467,
    32.14486449939));
#10697 = CARTESIAN_POINT('',(-42.68424793063,101.91000225839,
    29.330681251065));
#10698 = CARTESIAN_POINT('',(-42.67685105087,101.89212412349,
    30.049894079662));
#10699 = CARTESIAN_POINT('',(-42.65971404564,101.27359124412,
    31.713155578536));
#10700 = CARTESIAN_POINT('',(-42.65157720515,99.617460491914,32.5));
#10701 = CARTESIAN_POINT('',(-42.65157720515,98.660989133467,32.5));
#10702 = CARTESIAN_POINT('',(-42.23569166731,101.91021572147,
    29.320898376362));
#10703 = CARTESIAN_POINT('',(-42.22965759333,101.89452712911,
    30.039896385182));
#10704 = CARTESIAN_POINT('',(-42.21566429499,101.28052618898,
    31.707286222315));
#10705 = CARTESIAN_POINT('',(-42.20901157339,99.619881335604,32.5));
#10706 = CARTESIAN_POINT('',(-42.20901157339,98.660989133467,32.5));
#10707 = DEFINITIONAL_REPRESENTATION('',(#10708),#10712);
#10708 = LINE('',#10709,#10710);
#10709 = CARTESIAN_POINT('',(1.,-5.65E-15));
#10710 = VECTOR('',#10711,1.);
#10711 = DIRECTION('',(-1.011E-14,-1.));
#10712 = ( GEOMETRIC_REPRESENTATION_CONTEXT(2) 
PARAMETRIC_REPRESENTATION_CONTEXT() REPRESENTATION_CONTEXT('2D SPACE',''
  ) );
#10713 = PCURVE('',#4840,#10714);
#10714 = DEFINITIONAL_REPRESENTATION('',(#10715),#10718);
#10715 = B_SPLINE_CURVE_WITH_KNOTS('',1,(#10716,#10717),.UNSPECIFIED.,
  .F.,.F.,(2,2),(0.,1.548979711145),.PIECEWISE_BEZIER_KNOTS.);
#10716 = CARTESIAN_POINT('',(5.508695451607,42.271511573395));
#10717 = CARTESIAN_POINT('',(7.057675162752,42.298191667317));
#10718 = ( GEOMETRIC_REPRESENTATION_CONTEXT(2) 
PARAMETRIC_REPRESENTATION_CONTEXT() REPRESENTATION_CONTEXT('2D SPACE',''
  ) );
#10719 = ORIENTED_EDGE('',*,*,#10720,.F.);
#10720 = EDGE_CURVE('',#10721,#9042,#10723,.T.);
#10721 = VERTEX_POINT('',#10722);
#10722 = CARTESIAN_POINT('',(-44.20853562755,98.660989133467,
    30.543629770069));
#10723 = SURFACE_CURVE('',#10724,(#10729,#10735),.PCURVE_S1.);
#10724 = CIRCLE('',#10725,2.);
#10725 = AXIS2_PLACEMENT_3D('',#10726,#10727,#10728);
#10726 = CARTESIAN_POINT('',(-42.20901157339,98.660989133467,30.5));
#10727 = DIRECTION('',(0.,1.,-0.));
#10728 = DIRECTION('',(-0.99976202708,0.,2.181488503456E-02));
#10729 = PCURVE('',#10681,#10730);
#10730 = DEFINITIONAL_REPRESENTATION('',(#10731),#10734);
#10731 = B_SPLINE_CURVE_WITH_KNOTS('',1,(#10732,#10733),.UNSPECIFIED.,
  .F.,.F.,(2,2),(0.,1.548979711145),.PIECEWISE_BEZIER_KNOTS.);
#10732 = CARTESIAN_POINT('',(7.26E-15,-6.86E-14));
#10733 = CARTESIAN_POINT('',(1.,-5.813E-14));
#10734 = ( GEOMETRIC_REPRESENTATION_CONTEXT(2) 
PARAMETRIC_REPRESENTATION_CONTEXT() REPRESENTATION_CONTEXT('2D SPACE',''
  ) );
#10735 = PCURVE('',#9057,#10736);
#10736 = DEFINITIONAL_REPRESENTATION('',(#10737),#10741);
#10737 = LINE('',#10738,#10739);
#10738 = CARTESIAN_POINT('',(0.774489855572,-47.38598913346));
#10739 = VECTOR('',#10740,1.);
#10740 = DIRECTION('',(-1.,0.));
#10741 = ( GEOMETRIC_REPRESENTATION_CONTEXT(2) 
PARAMETRIC_REPRESENTATION_CONTEXT() REPRESENTATION_CONTEXT('2D SPACE',''
  ) );
#10742 = ORIENTED_EDGE('',*,*,#10743,.F.);
#10743 = EDGE_CURVE('',#10744,#10721,#10746,.T.);
#10744 = VERTEX_POINT('',#10745);
#10745 = CARTESIAN_POINT('',(-44.23521572147,99.910691667317,
    29.320898376362));
#10746 = SURFACE_CURVE('',#10747,(#10752,#10759),.PCURVE_S1.);
#10747 = ELLIPSE('',#10748,1.250297536956,1.25);
#10748 = AXIS2_PLACEMENT_3D('',#10749,#10750,#10751);
#10749 = CARTESIAN_POINT('',(-44.23581072458,98.660989133467,
    29.293629770069));
#10750 = DIRECTION('',(0.99976202708,9.E-17,-2.181488503456E-02));
#10751 = DIRECTION('',(2.181488503456E-02,-5.117E-14,0.99976202708));
#10752 = PCURVE('',#10681,#10753);
#10753 = DEFINITIONAL_REPRESENTATION('',(#10754),#10758);
#10754 = LINE('',#10755,#10756);
#10755 = CARTESIAN_POINT('',(-6.14E-15,-6.28318530718));
#10756 = VECTOR('',#10757,1.);
#10757 = DIRECTION('',(6.6E-16,1.));
#10758 = ( GEOMETRIC_REPRESENTATION_CONTEXT(2) 
PARAMETRIC_REPRESENTATION_CONTEXT() REPRESENTATION_CONTEXT('2D SPACE',''
  ) );
#10759 = PCURVE('',#941,#10760);
#10760 = DEFINITIONAL_REPRESENTATION('',(#10761),#10765);
#10761 = ELLIPSE('',#10762,1.250297536956,1.25);
#10762 = AXIS2_PLACEMENT_2D('',#10763,#10764);
#10763 = CARTESIAN_POINT('',(-3.889010866533,29.300602520011));
#10764 = DIRECTION('',(-5.117196333965E-14,1.));
#10765 = ( GEOMETRIC_REPRESENTATION_CONTEXT(2) 
PARAMETRIC_REPRESENTATION_CONTEXT() REPRESENTATION_CONTEXT('2D SPACE',''
  ) );
#10766 = ORIENTED_EDGE('',*,*,#10767,.T.);
#10767 = EDGE_CURVE('',#10744,#10672,#10768,.T.);
#10768 = SURFACE_CURVE('',#10769,(#10774,#10780),.PCURVE_S1.);
#10769 = CIRCLE('',#10770,2.);
#10770 = AXIS2_PLACEMENT_3D('',#10771,#10772,#10773);
#10771 = CARTESIAN_POINT('',(-42.23569166731,99.910691667317,
    29.277268606293));
#10772 = DIRECTION('',(-2.180969615229E-02,2.18096961523E-02,
    -0.999524223972));
#10773 = DIRECTION('',(-0.99976202708,-1.084202172486E-19,
    2.181488503456E-02));
#10774 = PCURVE('',#10681,#10775);
#10775 = DEFINITIONAL_REPRESENTATION('',(#10776),#10779);
#10776 = B_SPLINE_CURVE_WITH_KNOTS('',1,(#10777,#10778),.UNSPECIFIED.,
  .F.,.F.,(2,2),(0.,1.570320437568),.PIECEWISE_BEZIER_KNOTS.);
#10777 = CARTESIAN_POINT('',(1.64E-15,-1.548979711145));
#10778 = CARTESIAN_POINT('',(1.,-1.548979711145));
#10779 = ( GEOMETRIC_REPRESENTATION_CONTEXT(2) 
PARAMETRIC_REPRESENTATION_CONTEXT() REPRESENTATION_CONTEXT('2D SPACE',''
  ) );
#10780 = PCURVE('',#10781,#10786);
#10781 = CYLINDRICAL_SURFACE('',#10782,2.);
#10782 = AXIS2_PLACEMENT_3D('',#10783,#10784,#10785);
#10783 = CARTESIAN_POINT('',(-42.87642704514,100.55142704514,
    -8.721803401702E-02));
#10784 = DIRECTION('',(-2.180969615229E-02,2.180969615229E-02,
    -0.999524223972));
#10785 = DIRECTION('',(-0.706770356731,0.706770356731,3.084356808981E-02
    ));
#10786 = DEFINITIONAL_REPRESENTATION('',(#10787),#10791);
#10787 = LINE('',#10788,#10789);
#10788 = CARTESIAN_POINT('',(5.498025088396,-29.37846420931));
#10789 = VECTOR('',#10790,1.);
#10790 = DIRECTION('',(1.,-2.26E-15));
#10791 = ( GEOMETRIC_REPRESENTATION_CONTEXT(2) 
PARAMETRIC_REPRESENTATION_CONTEXT() REPRESENTATION_CONTEXT('2D SPACE',''
  ) );
#10792 = ADVANCED_FACE('',(#10793,#10796),#7283,.F.);
#10793 = FACE_BOUND('',#10794,.T.);
#10794 = EDGE_LOOP('',(#10795));
#10795 = ORIENTED_EDGE('',*,*,#7261,.F.);
#10796 = FACE_BOUND('',#10797,.T.);
#10797 = EDGE_LOOP('',(#10798));
#10798 = ORIENTED_EDGE('',*,*,#10799,.T.);
#10799 = EDGE_CURVE('',#10800,#10800,#10802,.T.);
#10800 = VERTEX_POINT('',#10801);
#10801 = CARTESIAN_POINT('',(17.425,-25.1,25.65));
#10802 = SURFACE_CURVE('',#10803,(#10808,#10815),.PCURVE_S1.);
#10803 = CIRCLE('',#10804,2.35);
#10804 = AXIS2_PLACEMENT_3D('',#10805,#10806,#10807);
#10805 = CARTESIAN_POINT('',(15.075,-25.1,25.65));
#10806 = DIRECTION('',(0.,0.,1.));
#10807 = DIRECTION('',(-1.,0.,0.));
#10808 = PCURVE('',#7283,#10809);
#10809 = DEFINITIONAL_REPRESENTATION('',(#10810),#10814);
#10810 = CIRCLE('',#10811,2.35);
#10811 = AXIS2_PLACEMENT_2D('',#10812,#10813);
#10812 = CARTESIAN_POINT('',(0.,0.));
#10813 = DIRECTION('',(1.,0.));
#10814 = ( GEOMETRIC_REPRESENTATION_CONTEXT(2) 
PARAMETRIC_REPRESENTATION_CONTEXT() REPRESENTATION_CONTEXT('2D SPACE',''
  ) );
#10815 = PCURVE('',#10816,#10821);
#10816 = CYLINDRICAL_SURFACE('',#10817,2.35);
#10817 = AXIS2_PLACEMENT_3D('',#10818,#10819,#10820);
#10818 = CARTESIAN_POINT('',(15.075,-25.1,28.));
#10819 = DIRECTION('',(0.,0.,1.));
#10820 = DIRECTION('',(-1.,0.,0.));
#10821 = DEFINITIONAL_REPRESENTATION('',(#10822),#10826);
#10822 = LINE('',#10823,#10824);
#10823 = CARTESIAN_POINT('',(0.,-2.35));
#10824 = VECTOR('',#10825,1.);
#10825 = DIRECTION('',(1.,0.));
#10826 = ( GEOMETRIC_REPRESENTATION_CONTEXT(2) 
PARAMETRIC_REPRESENTATION_CONTEXT() REPRESENTATION_CONTEXT('2D SPACE',''
  ) );
#10827 = ADVANCED_FACE('',(#10828),#6648,.T.);
#10828 = FACE_BOUND('',#10829,.T.);
#10829 = EDGE_LOOP('',(#10830,#10851,#10872,#10873));
#10830 = ORIENTED_EDGE('',*,*,#10831,.F.);
#10831 = EDGE_CURVE('',#1654,#6118,#10832,.T.);
#10832 = SURFACE_CURVE('',#10833,(#10837,#10844),.PCURVE_S1.);
#10833 = LINE('',#10834,#10835);
#10834 = CARTESIAN_POINT('',(-78.,-100.8989883743,1.051E-14));
#10835 = VECTOR('',#10836,1.);
#10836 = DIRECTION('',(1.,0.,0.));
#10837 = PCURVE('',#6648,#10838);
#10838 = DEFINITIONAL_REPRESENTATION('',(#10839),#10843);
#10839 = LINE('',#10840,#10841);
#10840 = CARTESIAN_POINT('',(0.,0.));
#10841 = VECTOR('',#10842,1.);
#10842 = DIRECTION('',(0.,1.));
#10843 = ( GEOMETRIC_REPRESENTATION_CONTEXT(2) 
PARAMETRIC_REPRESENTATION_CONTEXT() REPRESENTATION_CONTEXT('2D SPACE',''
  ) );
#10844 = PCURVE('',#1697,#10845);
#10845 = DEFINITIONAL_REPRESENTATION('',(#10846),#10850);
#10846 = LINE('',#10847,#10848);
#10847 = CARTESIAN_POINT('',(78.,-99.52398837435));
#10848 = VECTOR('',#10849,1.);
#10849 = DIRECTION('',(-1.,0.));
#10850 = ( GEOMETRIC_REPRESENTATION_CONTEXT(2) 
PARAMETRIC_REPRESENTATION_CONTEXT() REPRESENTATION_CONTEXT('2D SPACE',''
  ) );
#10851 = ORIENTED_EDGE('',*,*,#10852,.T.);
#10852 = EDGE_CURVE('',#1654,#10006,#10853,.T.);
#10853 = SURFACE_CURVE('',#10854,(#10858,#10865),.PCURVE_S1.);
#10854 = LINE('',#10855,#10856);
#10855 = CARTESIAN_POINT('',(-9.,-100.8989883743,-28.38045381863));
#10856 = VECTOR('',#10857,1.);
#10857 = DIRECTION('',(6.E-17,0.,-1.));
#10858 = PCURVE('',#6648,#10859);
#10859 = DEFINITIONAL_REPRESENTATION('',(#10860),#10864);
#10860 = LINE('',#10861,#10862);
#10861 = CARTESIAN_POINT('',(28.380453818635,69.));
#10862 = VECTOR('',#10863,1.);
#10863 = DIRECTION('',(1.,6.E-17));
#10864 = ( GEOMETRIC_REPRESENTATION_CONTEXT(2) 
PARAMETRIC_REPRESENTATION_CONTEXT() REPRESENTATION_CONTEXT('2D SPACE',''
  ) );
#10865 = PCURVE('',#1669,#10866);
#10866 = DEFINITIONAL_REPRESENTATION('',(#10867),#10871);
#10867 = LINE('',#10868,#10869);
#10868 = CARTESIAN_POINT('',(28.380453818635,24.));
#10869 = VECTOR('',#10870,1.);
#10870 = DIRECTION('',(1.,6.E-17));
#10871 = ( GEOMETRIC_REPRESENTATION_CONTEXT(2) 
PARAMETRIC_REPRESENTATION_CONTEXT() REPRESENTATION_CONTEXT('2D SPACE',''
  ) );
#10872 = ORIENTED_EDGE('',*,*,#10005,.T.);
#10873 = ORIENTED_EDGE('',*,*,#6632,.F.);
#10874 = ADVANCED_FACE('',(#10875),#10888,.F.);
#10875 = FACE_BOUND('',#10876,.T.);
#10876 = EDGE_LOOP('',(#10877));
#10877 = ORIENTED_EDGE('',*,*,#10878,.F.);
#10878 = EDGE_CURVE('',#10879,#10879,#10881,.T.);
#10879 = VERTEX_POINT('',#10880);
#10880 = CARTESIAN_POINT('',(1.7,-92.0302961,13.125));
#10881 = SURFACE_CURVE('',#10882,(#10887,#10899),.PCURVE_S1.);
#10882 = CIRCLE('',#10883,1.7);
#10883 = AXIS2_PLACEMENT_3D('',#10884,#10885,#10886);
#10884 = CARTESIAN_POINT('',(0.,-92.0302961,13.125));
#10885 = DIRECTION('',(0.,0.,1.));
#10886 = DIRECTION('',(-1.,0.,0.));
#10887 = PCURVE('',#10888,#10893);
#10888 = PLANE('',#10889);
#10889 = AXIS2_PLACEMENT_3D('',#10890,#10891,#10892);
#10890 = CARTESIAN_POINT('',(0.,-92.0302961,13.125));
#10891 = DIRECTION('',(0.,0.,1.));
#10892 = DIRECTION('',(-1.,0.,0.));
#10893 = DEFINITIONAL_REPRESENTATION('',(#10894),#10898);
#10894 = CIRCLE('',#10895,1.7);
#10895 = AXIS2_PLACEMENT_2D('',#10896,#10897);
#10896 = CARTESIAN_POINT('',(0.,0.));
#10897 = DIRECTION('',(1.,0.));
#10898 = ( GEOMETRIC_REPRESENTATION_CONTEXT(2) 
PARAMETRIC_REPRESENTATION_CONTEXT() REPRESENTATION_CONTEXT('2D SPACE',''
  ) );
#10899 = PCURVE('',#10900,#10905);
#10900 = CYLINDRICAL_SURFACE('',#10901,1.7);
#10901 = AXIS2_PLACEMENT_3D('',#10902,#10903,#10904);
#10902 = CARTESIAN_POINT('',(0.,-92.0302961,5.125));
#10903 = DIRECTION('',(0.,0.,1.));
#10904 = DIRECTION('',(-1.,0.,0.));
#10905 = DEFINITIONAL_REPRESENTATION('',(#10906),#10910);
#10906 = LINE('',#10907,#10908);
#10907 = CARTESIAN_POINT('',(-6.28318530718,8.));
#10908 = VECTOR('',#10909,1.);
#10909 = DIRECTION('',(1.,0.));
#10910 = ( GEOMETRIC_REPRESENTATION_CONTEXT(2) 
PARAMETRIC_REPRESENTATION_CONTEXT() REPRESENTATION_CONTEXT('2D SPACE',''
  ) );
#10911 = ADVANCED_FACE('',(#10912,#10915),#2881,.F.);
#10912 = FACE_BOUND('',#10913,.T.);
#10913 = EDGE_LOOP('',(#10914));
#10914 = ORIENTED_EDGE('',*,*,#2866,.F.);
#10915 = FACE_BOUND('',#10916,.T.);
#10916 = EDGE_LOOP('',(#10917));
#10917 = ORIENTED_EDGE('',*,*,#8814,.T.);
#10918 = ADVANCED_FACE('',(#10919),#10900,.F.);
#10919 = FACE_BOUND('',#10920,.F.);
#10920 = EDGE_LOOP('',(#10921,#10944,#10945,#10946));
#10921 = ORIENTED_EDGE('',*,*,#10922,.T.);
#10922 = EDGE_CURVE('',#10923,#10879,#10925,.T.);
#10923 = VERTEX_POINT('',#10924);
#10924 = CARTESIAN_POINT('',(1.7,-92.0302961,8.575));
#10925 = SEAM_CURVE('',#10926,(#10930,#10937),.PCURVE_S1.);
#10926 = LINE('',#10927,#10928);
#10927 = CARTESIAN_POINT('',(1.7,-92.0302961,5.125));
#10928 = VECTOR('',#10929,1.);
#10929 = DIRECTION('',(0.,0.,1.));
#10930 = PCURVE('',#10900,#10931);
#10931 = DEFINITIONAL_REPRESENTATION('',(#10932),#10936);
#10932 = LINE('',#10933,#10934);
#10933 = CARTESIAN_POINT('',(3.14159265359,0.));
#10934 = VECTOR('',#10935,1.);
#10935 = DIRECTION('',(0.,1.));
#10936 = ( GEOMETRIC_REPRESENTATION_CONTEXT(2) 
PARAMETRIC_REPRESENTATION_CONTEXT() REPRESENTATION_CONTEXT('2D SPACE',''
  ) );
#10937 = PCURVE('',#10900,#10938);
#10938 = DEFINITIONAL_REPRESENTATION('',(#10939),#10943);
#10939 = LINE('',#10940,#10941);
#10940 = CARTESIAN_POINT('',(-3.14159265359,0.));
#10941 = VECTOR('',#10942,1.);
#10942 = DIRECTION('',(0.,1.));
#10943 = ( GEOMETRIC_REPRESENTATION_CONTEXT(2) 
PARAMETRIC_REPRESENTATION_CONTEXT() REPRESENTATION_CONTEXT('2D SPACE',''
  ) );
#10944 = ORIENTED_EDGE('',*,*,#10878,.F.);
#10945 = ORIENTED_EDGE('',*,*,#10922,.F.);
#10946 = ORIENTED_EDGE('',*,*,#10947,.F.);
#10947 = EDGE_CURVE('',#10923,#10923,#10948,.T.);
#10948 = SURFACE_CURVE('',#10949,(#10954,#10961),.PCURVE_S1.);
#10949 = CIRCLE('',#10950,1.7);
#10950 = AXIS2_PLACEMENT_3D('',#10951,#10952,#10953);
#10951 = CARTESIAN_POINT('',(0.,-92.0302961,8.575));
#10952 = DIRECTION('',(0.,0.,-1.));
#10953 = DIRECTION('',(-1.,0.,0.));
#10954 = PCURVE('',#10900,#10955);
#10955 = DEFINITIONAL_REPRESENTATION('',(#10956),#10960);
#10956 = LINE('',#10957,#10958);
#10957 = CARTESIAN_POINT('',(6.28318530718,3.45));
#10958 = VECTOR('',#10959,1.);
#10959 = DIRECTION('',(-1.,0.));
#10960 = ( GEOMETRIC_REPRESENTATION_CONTEXT(2) 
PARAMETRIC_REPRESENTATION_CONTEXT() REPRESENTATION_CONTEXT('2D SPACE',''
  ) );
#10961 = PCURVE('',#8801,#10962);
#10962 = DEFINITIONAL_REPRESENTATION('',(#10963),#10971);
#10963 = ( BOUNDED_CURVE() B_SPLINE_CURVE(2,(#10964,#10965,#10966,#10967
    ,#10968,#10969,#10970),.UNSPECIFIED.,.T.,.F.) 
B_SPLINE_CURVE_WITH_KNOTS((1,2,2,2,2,1),(-2.094395102393,0.,
    2.094395102393,4.188790204786,6.28318530718,8.377580409573),
.UNSPECIFIED.) CURVE() GEOMETRIC_REPRESENTATION_ITEM() 
RATIONAL_B_SPLINE_CURVE((1.,0.5,1.,0.5,1.,0.5,1.)) REPRESENTATION_ITEM(
  '') );
#10964 = CARTESIAN_POINT('',(1.7,0.));
#10965 = CARTESIAN_POINT('',(1.7,-2.944486372867));
#10966 = CARTESIAN_POINT('',(-0.85,-1.472243186434));
#10967 = CARTESIAN_POINT('',(-3.4,-4.163799117101E-16));
#10968 = CARTESIAN_POINT('',(-0.85,1.472243186434));
#10969 = CARTESIAN_POINT('',(1.7,2.944486372867));
#10970 = CARTESIAN_POINT('',(1.7,0.));
#10971 = ( GEOMETRIC_REPRESENTATION_CONTEXT(2) 
PARAMETRIC_REPRESENTATION_CONTEXT() REPRESENTATION_CONTEXT('2D SPACE',''
  ) );
#10972 = ADVANCED_FACE('',(#10973),#3996,.F.);
#10973 = FACE_BOUND('',#10974,.T.);
#10974 = EDGE_LOOP('',(#10975));
#10975 = ORIENTED_EDGE('',*,*,#3981,.F.);
#10976 = ADVANCED_FACE('',(#10977),#10989,.F.);
#10977 = FACE_BOUND('',#10978,.F.);
#10978 = EDGE_LOOP('',(#10979,#11007,#11075,#11098));
#10979 = ORIENTED_EDGE('',*,*,#10980,.F.);
#10980 = EDGE_CURVE('',#8117,#10981,#10983,.T.);
#10981 = VERTEX_POINT('',#10982);
#10982 = CARTESIAN_POINT('',(36.149999999998,98.29898837435,1.1E-14));
#10983 = SURFACE_CURVE('',#10984,(#10988,#11000),.PCURVE_S1.);
#10984 = LINE('',#10985,#10986);
#10985 = CARTESIAN_POINT('',(36.149999999998,97.655296084497,29.5));
#10986 = VECTOR('',#10987,1.);
#10987 = DIRECTION('',(0.,2.181488503456E-02,-0.99976202708));
#10988 = PCURVE('',#10989,#10994);
#10989 = CYLINDRICAL_SURFACE('',#10990,1.);
#10990 = AXIS2_PLACEMENT_3D('',#10991,#10992,#10993);
#10991 = CARTESIAN_POINT('',(36.149999999998,97.25345842472,
    2.075699310028));
#10992 = DIRECTION('',(4.6E-16,-2.181488503456E-02,0.99976202708));
#10993 = DIRECTION('',(0.707106781187,0.706938508921,1.542545313874E-02)
  );
#10994 = DEFINITIONAL_REPRESENTATION('',(#10995),#10999);
#10995 = LINE('',#10996,#10997);
#10996 = CARTESIAN_POINT('',(0.785398163397,27.409008406705));
#10997 = VECTOR('',#10998,1.);
#10998 = DIRECTION('',(-4.3E-16,-1.));
#10999 = ( GEOMETRIC_REPRESENTATION_CONTEXT(2) 
PARAMETRIC_REPRESENTATION_CONTEXT() REPRESENTATION_CONTEXT('2D SPACE',''
  ) );
#11000 = PCURVE('',#8132,#11001);
#11001 = DEFINITIONAL_REPRESENTATION('',(#11002),#11006);
#11002 = LINE('',#11003,#11004);
#11003 = CARTESIAN_POINT('',(-171.0249999999,29.599757202052));
#11004 = VECTOR('',#11005,1.);
#11005 = DIRECTION('',(0.,-1.));
#11006 = ( GEOMETRIC_REPRESENTATION_CONTEXT(2) 
PARAMETRIC_REPRESENTATION_CONTEXT() REPRESENTATION_CONTEXT('2D SPACE',''
  ) );
#11007 = ORIENTED_EDGE('',*,*,#11008,.T.);
#11008 = EDGE_CURVE('',#8117,#11009,#11011,.T.);
#11009 = VERTEX_POINT('',#11010);
#11010 = CARTESIAN_POINT('',(37.149999999998,96.676878132554,28.5));
#11011 = SURFACE_CURVE('',#11012,(#11017,#11046),.PCURVE_S1.);
#11012 = ELLIPSE('',#11013,1.399035985486,1.);
#11013 = AXIS2_PLACEMENT_3D('',#11014,#11015,#11016);
#11014 = CARTESIAN_POINT('',(36.149999999998,96.676878132554,28.5));
#11015 = DIRECTION('',(-1.27E-14,0.714777897334,-0.699351526403));
#11016 = DIRECTION('',(-3.96E-15,0.699351526403,0.714777897334));
#11017 = PCURVE('',#10989,#11018);
#11018 = DEFINITIONAL_REPRESENTATION('',(#11019),#11045);
#11019 = B_SPLINE_CURVE_WITH_KNOTS('',3,(#11020,#11021,#11022,#11023,
    #11024,#11025,#11026,#11027,#11028,#11029,#11030,#11031,#11032,
    #11033,#11034,#11035,#11036,#11037,#11038,#11039,#11040,#11041,
    #11042,#11043,#11044),.UNSPECIFIED.,.F.,.F.,(4,1,1,1,1,1,1,1,1,1,1,1
    ,1,1,1,1,1,1,1,1,1,1,4),(0.,7.139983303613E-02,0.142799666072,
    0.214199499108,0.285599332145,0.356999165181,0.428398998217,
    0.499798831253,0.571198664289,0.642598497325,0.713998330361,
    0.785398163397,0.856797996434,0.92819782947,0.999597662506,
    1.070997495542,1.142397328578,1.213797161614,1.28519699465,
    1.356596827687,1.427996660723,1.499396493759,1.570796326795),
  .QUASI_UNIFORM_KNOTS.);
#11020 = CARTESIAN_POINT('',(0.785398163397,27.409008406705));
#11021 = CARTESIAN_POINT('',(0.761598219052,27.409010516718));
#11022 = CARTESIAN_POINT('',(0.713998330361,27.407344083572));
#11023 = CARTESIAN_POINT('',(0.642598497325,27.399872991824));
#11024 = CARTESIAN_POINT('',(0.571198664289,27.387461085432));
#11025 = CARTESIAN_POINT('',(0.499798831253,27.370173607128));
#11026 = CARTESIAN_POINT('',(0.428398998217,27.348098115514));
#11027 = CARTESIAN_POINT('',(0.356999165181,27.321347245434));
#11028 = CARTESIAN_POINT('',(0.285599332145,27.29005727482));
#11029 = CARTESIAN_POINT('',(0.214199499108,27.254387660472));
#11030 = CARTESIAN_POINT('',(0.142799666072,27.214520163811));
#11031 = CARTESIAN_POINT('',(7.139983303613E-02,27.170657941203));
#11032 = CARTESIAN_POINT('',(1.044E-14,27.12302450428));
#11033 = CARTESIAN_POINT('',(-7.139983303615E-02,27.071862582173));
#11034 = CARTESIAN_POINT('',(-0.142799666072,27.01743288429));
#11035 = CARTESIAN_POINT('',(-0.214199499108,26.960012771918));
#11036 = CARTESIAN_POINT('',(-0.285599332145,26.899894844721));
#11037 = CARTESIAN_POINT('',(-0.356999165181,26.837385450117));
#11038 = CARTESIAN_POINT('',(-0.428398998217,26.772803120753));
#11039 = CARTESIAN_POINT('',(-0.499798831253,26.706476956732));
#11040 = CARTESIAN_POINT('',(-0.571198664289,26.638744928456));
#11041 = CARTESIAN_POINT('',(-0.642598497325,26.569952229569));
#11042 = CARTESIAN_POINT('',(-0.713998330361,26.50044923741));
#11043 = CARTESIAN_POINT('',(-0.761598219052,26.453876928791));
#11044 = CARTESIAN_POINT('',(-0.785398163397,26.430590454763));
#11045 = ( GEOMETRIC_REPRESENTATION_CONTEXT(2) 
PARAMETRIC_REPRESENTATION_CONTEXT() REPRESENTATION_CONTEXT('2D SPACE',''
  ) );
#11046 = PCURVE('',#2631,#11047);
#11047 = DEFINITIONAL_REPRESENTATION('',(#11048),#11074);
#11048 = B_SPLINE_CURVE_WITH_KNOTS('',3,(#11049,#11050,#11051,#11052,
    #11053,#11054,#11055,#11056,#11057,#11058,#11059,#11060,#11061,
    #11062,#11063,#11064,#11065,#11066,#11067,#11068,#11069,#11070,
    #11071,#11072,#11073),.UNSPECIFIED.,.F.,.F.,(4,1,1,1,1,1,1,1,1,1,1,1
    ,1,1,1,1,1,1,1,1,1,1,4),(0.,7.139983303613E-02,0.142799666072,
    0.214199499108,0.285599332145,0.356999165181,0.428398998217,
    0.499798831253,0.571198664289,0.642598497325,0.713998330361,
    0.785398163397,0.856797996434,0.92819782947,0.999597662506,
    1.070997495542,1.142397328578,1.213797161614,1.28519699465,
    1.356596827687,1.427996660723,1.499396493759,1.570796326795),
  .QUASI_UNIFORM_KNOTS.);
#11049 = CARTESIAN_POINT('',(7.068583470577,-146.8047902716));
#11050 = CARTESIAN_POINT('',(7.044783526232,-146.8047923816));
#11051 = CARTESIAN_POINT('',(6.997183637541,-146.8031259485));
#11052 = CARTESIAN_POINT('',(6.925783804505,-146.7956548567));
#11053 = CARTESIAN_POINT('',(6.854383971469,-146.7832429503));
#11054 = CARTESIAN_POINT('',(6.782984138432,-146.765955472));
#11055 = CARTESIAN_POINT('',(6.711584305396,-146.7438799804));
#11056 = CARTESIAN_POINT('',(6.64018447236,-146.7171291104));
#11057 = CARTESIAN_POINT('',(6.568784639324,-146.6858391397));
#11058 = CARTESIAN_POINT('',(6.497384806288,-146.6501695254));
#11059 = CARTESIAN_POINT('',(6.425984973252,-146.6103020287));
#11060 = CARTESIAN_POINT('',(6.354585140216,-146.5664398061));
#11061 = CARTESIAN_POINT('',(6.28318530718,-146.5188063692));
#11062 = CARTESIAN_POINT('',(6.211785474143,-146.4676444471));
#11063 = CARTESIAN_POINT('',(6.140385641107,-146.4132147492));
#11064 = CARTESIAN_POINT('',(6.068985808071,-146.3557946368));
#11065 = CARTESIAN_POINT('',(5.997585975035,-146.2956767096));
#11066 = CARTESIAN_POINT('',(5.926186141999,-146.233167315));
#11067 = CARTESIAN_POINT('',(5.854786308963,-146.1685849857));
#11068 = CARTESIAN_POINT('',(5.783386475927,-146.1022588216));
#11069 = CARTESIAN_POINT('',(5.711986642891,-146.0345267934));
#11070 = CARTESIAN_POINT('',(5.640586809854,-145.9657340945));
#11071 = CARTESIAN_POINT('',(5.569186976818,-145.8962311023));
#11072 = CARTESIAN_POINT('',(5.521587088128,-145.8496587937));
#11073 = CARTESIAN_POINT('',(5.497787143782,-145.8263723197));
#11074 = ( GEOMETRIC_REPRESENTATION_CONTEXT(2) 
PARAMETRIC_REPRESENTATION_CONTEXT() REPRESENTATION_CONTEXT('2D SPACE',''
  ) );
#11075 = ORIENTED_EDGE('',*,*,#11076,.F.);
#11076 = EDGE_CURVE('',#11077,#11009,#11079,.T.);
#11077 = VERTEX_POINT('',#11078);
#11078 = CARTESIAN_POINT('',(37.149999999998,97.298750344786,1.1E-14));
#11079 = SURFACE_CURVE('',#11080,(#11084,#11091),.PCURVE_S1.);
#11080 = LINE('',#11081,#11082);
#11081 = CARTESIAN_POINT('',(37.149999999998,97.298750344786,1.051E-14)
  );
#11082 = VECTOR('',#11083,1.);
#11083 = DIRECTION('',(5.E-16,-2.181488503456E-02,0.99976202708));
#11084 = PCURVE('',#10989,#11085);
#11085 = DEFINITIONAL_REPRESENTATION('',(#11086),#11090);
#11086 = LINE('',#11087,#11088);
#11087 = CARTESIAN_POINT('',(-0.785398163397,-2.076193387831));
#11088 = VECTOR('',#11089,1.);
#11089 = DIRECTION('',(0.,1.));
#11090 = ( GEOMETRIC_REPRESENTATION_CONTEXT(2) 
PARAMETRIC_REPRESENTATION_CONTEXT() REPRESENTATION_CONTEXT('2D SPACE',''
  ) );
#11091 = PCURVE('',#2582,#11092);
#11092 = DEFINITIONAL_REPRESENTATION('',(#11093),#11097);
#11093 = LINE('',#11094,#11095);
#11094 = CARTESIAN_POINT('',(0.,-195.5977387191));
#11095 = VECTOR('',#11096,1.);
#11096 = DIRECTION('',(-0.99976202708,2.181488503456E-02));
#11097 = ( GEOMETRIC_REPRESENTATION_CONTEXT(2) 
PARAMETRIC_REPRESENTATION_CONTEXT() REPRESENTATION_CONTEXT('2D SPACE',''
  ) );
#11098 = ORIENTED_EDGE('',*,*,#11099,.F.);
#11099 = EDGE_CURVE('',#10981,#11077,#11100,.T.);
#11100 = SURFACE_CURVE('',#11101,(#11106,#11112),.PCURVE_S1.);
#11101 = ELLIPSE('',#11102,1.000238029565,1.);
#11102 = AXIS2_PLACEMENT_3D('',#11103,#11104,#11105);
#11103 = CARTESIAN_POINT('',(36.149999999998,97.298750344786,1.051E-14)
  );
#11104 = DIRECTION('',(0.,0.,-1.));
#11105 = DIRECTION('',(-2.0049E-13,1.,0.));
#11106 = PCURVE('',#10989,#11107);
#11107 = DEFINITIONAL_REPRESENTATION('',(#11108),#11111);
#11108 = B_SPLINE_CURVE_WITH_KNOTS('',1,(#11109,#11110),.UNSPECIFIED.,
  .F.,.F.,(2,2),(0.,1.570796326795),.PIECEWISE_BEZIER_KNOTS.);
#11109 = CARTESIAN_POINT('',(0.785398163398,-2.098013465453));
#11110 = CARTESIAN_POINT('',(-0.785398163397,-2.076193387831));
#11111 = ( GEOMETRIC_REPRESENTATION_CONTEXT(2) 
PARAMETRIC_REPRESENTATION_CONTEXT() REPRESENTATION_CONTEXT('2D SPACE',''
  ) );
#11112 = PCURVE('',#2501,#11113);
#11113 = DEFINITIONAL_REPRESENTATION('',(#11114),#11118);
#11114 = ELLIPSE('',#11115,1.000238029565,1.);
#11115 = AXIS2_PLACEMENT_2D('',#11116,#11117);
#11116 = CARTESIAN_POINT('',(-81.14999999999,98.673750344786));
#11117 = DIRECTION('',(2.0049E-13,1.));
#11118 = ( GEOMETRIC_REPRESENTATION_CONTEXT(2) 
PARAMETRIC_REPRESENTATION_CONTEXT() REPRESENTATION_CONTEXT('2D SPACE',''
  ) );
#11119 = ADVANCED_FACE('',(#11120),#1669,.T.);
#11120 = FACE_BOUND('',#11121,.T.);
#11121 = EDGE_LOOP('',(#11122,#11123,#11146,#11167));
#11122 = ORIENTED_EDGE('',*,*,#1653,.F.);
#11123 = ORIENTED_EDGE('',*,*,#11124,.T.);
#11124 = EDGE_CURVE('',#1626,#11125,#11127,.T.);
#11125 = VERTEX_POINT('',#11126);
#11126 = CARTESIAN_POINT('',(-33.,-100.8989883743,-1.25));
#11127 = SURFACE_CURVE('',#11128,(#11132,#11139),.PCURVE_S1.);
#11128 = LINE('',#11129,#11130);
#11129 = CARTESIAN_POINT('',(-33.,-100.8989883743,1.051E-14));
#11130 = VECTOR('',#11131,1.);
#11131 = DIRECTION('',(0.,0.,-1.));
#11132 = PCURVE('',#1669,#11133);
#11133 = DEFINITIONAL_REPRESENTATION('',(#11134),#11138);
#11134 = LINE('',#11135,#11136);
#11135 = CARTESIAN_POINT('',(0.,0.));
#11136 = VECTOR('',#11137,1.);
#11137 = DIRECTION('',(1.,0.));
#11138 = ( GEOMETRIC_REPRESENTATION_CONTEXT(2) 
PARAMETRIC_REPRESENTATION_CONTEXT() REPRESENTATION_CONTEXT('2D SPACE',''
  ) );
#11139 = PCURVE('',#1641,#11140);
#11140 = DEFINITIONAL_REPRESENTATION('',(#11141),#11145);
#11141 = LINE('',#11142,#11143);
#11142 = CARTESIAN_POINT('',(0.,1.2));
#11143 = VECTOR('',#11144,1.);
#11144 = DIRECTION('',(1.,0.));
#11145 = ( GEOMETRIC_REPRESENTATION_CONTEXT(2) 
PARAMETRIC_REPRESENTATION_CONTEXT() REPRESENTATION_CONTEXT('2D SPACE',''
  ) );
#11146 = ORIENTED_EDGE('',*,*,#11147,.T.);
#11147 = EDGE_CURVE('',#11125,#10006,#11148,.T.);
#11148 = SURFACE_CURVE('',#11149,(#11153,#11160),.PCURVE_S1.);
#11149 = LINE('',#11150,#11151);
#11150 = CARTESIAN_POINT('',(-33.,-100.8989883743,-1.25));
#11151 = VECTOR('',#11152,1.);
#11152 = DIRECTION('',(1.,0.,0.));
#11153 = PCURVE('',#1669,#11154);
#11154 = DEFINITIONAL_REPRESENTATION('',(#11155),#11159);
#11155 = LINE('',#11156,#11157);
#11156 = CARTESIAN_POINT('',(1.25,0.));
#11157 = VECTOR('',#11158,1.);
#11158 = DIRECTION('',(0.,1.));
#11159 = ( GEOMETRIC_REPRESENTATION_CONTEXT(2) 
PARAMETRIC_REPRESENTATION_CONTEXT() REPRESENTATION_CONTEXT('2D SPACE',''
  ) );
#11160 = PCURVE('',#4676,#11161);
#11161 = DEFINITIONAL_REPRESENTATION('',(#11162),#11166);
#11162 = LINE('',#11163,#11164);
#11163 = CARTESIAN_POINT('',(-78.,0.6));
#11164 = VECTOR('',#11165,1.);
#11165 = DIRECTION('',(1.,0.));
#11166 = ( GEOMETRIC_REPRESENTATION_CONTEXT(2) 
PARAMETRIC_REPRESENTATION_CONTEXT() REPRESENTATION_CONTEXT('2D SPACE',''
  ) );
#11167 = ORIENTED_EDGE('',*,*,#10852,.F.);
#11168 = ADVANCED_FACE('',(#11169),#527,.T.);
#11169 = FACE_BOUND('',#11170,.T.);
#11170 = EDGE_LOOP('',(#11171,#11223,#11244,#11245,#11266,#11267,#11290,
    #11318,#11339,#11340,#11341,#11342,#11343,#11364,#11365,#11366,
    #11387,#11388,#11389,#11410,#11411,#11412,#11435,#11456,#11457,
    #11458,#11481,#11502,#11503,#11504));
#11171 = ORIENTED_EDGE('',*,*,#11172,.F.);
#11172 = EDGE_CURVE('',#11173,#11175,#11177,.T.);
#11173 = VERTEX_POINT('',#11174);
#11174 = CARTESIAN_POINT('',(-42.87547594584,102.55,0.));
#11175 = VERTEX_POINT('',#11176);
#11176 = CARTESIAN_POINT('',(-44.875,100.55047594584,0.));
#11177 = SURFACE_CURVE('',#11178,(#11183,#11194),.PCURVE_S1.);
#11178 = ELLIPSE('',#11179,2.000952004996,2.);
#11179 = AXIS2_PLACEMENT_3D('',#11180,#11181,#11182);
#11180 = CARTESIAN_POINT('',(-42.87452394087,100.54952394087,0.));
#11181 = DIRECTION('',(0.,0.,1.));
#11182 = DIRECTION('',(-0.707106781187,0.707106781187,0.));
#11183 = PCURVE('',#527,#11184);
#11184 = DEFINITIONAL_REPRESENTATION('',(#11185),#11193);
#11185 = ( BOUNDED_CURVE() B_SPLINE_CURVE(2,(#11186,#11187,#11188,#11189
    ,#11190,#11191,#11192),.UNSPECIFIED.,.T.,.F.) 
B_SPLINE_CURVE_WITH_KNOTS((1,2,2,2,2,1),(-2.094395102393,0.,
    2.094395102393,4.188790204786,6.28318530718,8.377580409573),
.UNSPECIFIED.) CURVE() GEOMETRIC_REPRESENTATION_ITEM() 
RATIONAL_B_SPLINE_CURVE((1.,0.5,1.,0.5,1.,0.5,1.)) REPRESENTATION_ITEM(
  '') );
#11186 = CARTESIAN_POINT('',(89.289410672432,103.33941067243));
#11187 = CARTESIAN_POINT('',(91.738900415216,100.88992092965));
#11188 = CARTESIAN_POINT('',(88.391825446481,99.992335703699));
#11189 = CARTESIAN_POINT('',(85.044750477747,99.094750477747));
#11190 = CARTESIAN_POINT('',(85.942335703698,102.44182544648));
#11191 = CARTESIAN_POINT('',(86.839920929649,105.78890041521));
#11192 = CARTESIAN_POINT('',(89.289410672432,103.33941067243));
#11193 = ( GEOMETRIC_REPRESENTATION_CONTEXT(2) 
PARAMETRIC_REPRESENTATION_CONTEXT() REPRESENTATION_CONTEXT('2D SPACE',''
  ) );
#11194 = PCURVE('',#10781,#11195);
#11195 = DEFINITIONAL_REPRESENTATION('',(#11196),#11222);
#11196 = B_SPLINE_CURVE_WITH_KNOTS('',3,(#11197,#11198,#11199,#11200,
    #11201,#11202,#11203,#11204,#11205,#11206,#11207,#11208,#11209,
    #11210,#11211,#11212,#11213,#11214,#11215,#11216,#11217,#11218,
    #11219,#11220,#11221),.UNSPECIFIED.,.F.,.F.,(4,1,1,1,1,1,1,1,1,1,1,1
    ,1,1,1,1,1,1,1,1,1,1,4),(5.498025088396,5.569403290103,
    5.640781491811,5.712159693519,5.783537895226,5.854916096934,
    5.926294298642,5.997672500349,6.069050702057,6.140428903764,
    6.211807105472,6.28318530718,6.354563508887,6.425941710595,
    6.497319912303,6.56869811401,6.640076315718,6.711454517426,
    6.782832719133,6.854210920841,6.925589122548,6.996967324256,
    7.068345525964),.QUASI_UNIFORM_KNOTS.);
#11197 = CARTESIAN_POINT('',(7.068345525964,-4.360901207042E-02));
#11198 = CARTESIAN_POINT('',(7.044552792061,-4.25708384709E-02));
#11199 = CARTESIAN_POINT('',(6.996967324256,-4.056900786749E-02));
#11200 = CARTESIAN_POINT('',(6.925589122548,-3.78037577261E-02));
#11201 = CARTESIAN_POINT('',(6.854210920841,-3.529044657236E-02));
#11202 = CARTESIAN_POINT('',(6.782832719133,-3.304177726519E-02));
#11203 = CARTESIAN_POINT('',(6.711454517425,-3.106922746425E-02));
#11204 = CARTESIAN_POINT('',(6.640076315718,-2.938283580553E-02));
#11205 = CARTESIAN_POINT('',(6.56869811401,-2.799119240961E-02));
#11206 = CARTESIAN_POINT('',(6.497319912302,-2.690138397966E-02));
#11207 = CARTESIAN_POINT('',(6.425941710595,-2.611896070013E-02));
#11208 = CARTESIAN_POINT('',(6.354563508887,-2.564790717045E-02));
#11209 = CARTESIAN_POINT('',(6.28318530718,-2.549062232759E-02));
#11210 = CARTESIAN_POINT('',(6.211807105472,-2.564790717045E-02));
#11211 = CARTESIAN_POINT('',(6.140428903764,-2.611896070013E-02));
#11212 = CARTESIAN_POINT('',(6.069050702057,-2.690138397966E-02));
#11213 = CARTESIAN_POINT('',(5.997672500349,-2.799119240962E-02));
#11214 = CARTESIAN_POINT('',(5.926294298641,-2.938283580554E-02));
#11215 = CARTESIAN_POINT('',(5.854916096934,-3.106922746426E-02));
#11216 = CARTESIAN_POINT('',(5.783537895226,-3.30417772652E-02));
#11217 = CARTESIAN_POINT('',(5.712159693518,-3.529044657237E-02));
#11218 = CARTESIAN_POINT('',(5.640781491811,-3.780375772611E-02));
#11219 = CARTESIAN_POINT('',(5.569403290103,-4.056900786751E-02));
#11220 = CARTESIAN_POINT('',(5.521817822298,-4.257083847091E-02));
#11221 = CARTESIAN_POINT('',(5.498025088396,-4.360901207044E-02));
#11222 = ( GEOMETRIC_REPRESENTATION_CONTEXT(2) 
PARAMETRIC_REPRESENTATION_CONTEXT() REPRESENTATION_CONTEXT('2D SPACE',''
  ) );
#11223 = ORIENTED_EDGE('',*,*,#11224,.F.);
#11224 = EDGE_CURVE('',#2430,#11173,#11225,.T.);
#11225 = SURFACE_CURVE('',#11226,(#11230,#11237),.PCURVE_S1.);
#11226 = LINE('',#11227,#11228);
#11227 = CARTESIAN_POINT('',(89.9375,102.55,0.));
#11228 = VECTOR('',#11229,1.);
#11229 = DIRECTION('',(-1.,0.,0.));
#11230 = PCURVE('',#527,#11231);
#11231 = DEFINITIONAL_REPRESENTATION('',(#11232),#11236);
#11232 = LINE('',#11233,#11234);
#11233 = CARTESIAN_POINT('',(-44.9375,103.925));
#11234 = VECTOR('',#11235,1.);
#11235 = DIRECTION('',(1.,0.));
#11236 = ( GEOMETRIC_REPRESENTATION_CONTEXT(2) 
PARAMETRIC_REPRESENTATION_CONTEXT() REPRESENTATION_CONTEXT('2D SPACE',''
  ) );
#11237 = PCURVE('',#9338,#11238);
#11238 = DEFINITIONAL_REPRESENTATION('',(#11239),#11243);
#11239 = LINE('',#11240,#11241);
#11240 = CARTESIAN_POINT('',(-134.8125,0.));
#11241 = VECTOR('',#11242,1.);
#11242 = DIRECTION('',(1.,0.));
#11243 = ( GEOMETRIC_REPRESENTATION_CONTEXT(2) 
PARAMETRIC_REPRESENTATION_CONTEXT() REPRESENTATION_CONTEXT('2D SPACE',''
  ) );
#11244 = ORIENTED_EDGE('',*,*,#2427,.F.);
#11245 = ORIENTED_EDGE('',*,*,#11246,.T.);
#11246 = EDGE_CURVE('',#2428,#2376,#11247,.T.);
#11247 = SURFACE_CURVE('',#11248,(#11252,#11259),.PCURVE_S1.);
#11248 = LINE('',#11249,#11250);
#11249 = CARTESIAN_POINT('',(123.25,101.19898837435,1.051E-14));
#11250 = VECTOR('',#11251,1.);
#11251 = DIRECTION('',(-1.,0.,0.));
#11252 = PCURVE('',#527,#11253);
#11253 = DEFINITIONAL_REPRESENTATION('',(#11254),#11258);
#11254 = LINE('',#11255,#11256);
#11255 = CARTESIAN_POINT('',(-78.25,102.57398837435));
#11256 = VECTOR('',#11257,1.);
#11257 = DIRECTION('',(1.,0.));
#11258 = ( GEOMETRIC_REPRESENTATION_CONTEXT(2) 
PARAMETRIC_REPRESENTATION_CONTEXT() REPRESENTATION_CONTEXT('2D SPACE',''
  ) );
#11259 = PCURVE('',#2412,#11260);
#11260 = DEFINITIONAL_REPRESENTATION('',(#11261),#11265);
#11261 = LINE('',#11262,#11263);
#11262 = CARTESIAN_POINT('',(0.,156.5));
#11263 = VECTOR('',#11264,1.);
#11264 = DIRECTION('',(0.,-1.));
#11265 = ( GEOMETRIC_REPRESENTATION_CONTEXT(2) 
PARAMETRIC_REPRESENTATION_CONTEXT() REPRESENTATION_CONTEXT('2D SPACE',''
  ) );
#11266 = ORIENTED_EDGE('',*,*,#2375,.T.);
#11267 = ORIENTED_EDGE('',*,*,#11268,.T.);
#11268 = EDGE_CURVE('',#2348,#11269,#11271,.T.);
#11269 = VERTEX_POINT('',#11270);
#11270 = CARTESIAN_POINT('',(-9.,99.69898837435,5.E-15));
#11271 = SURFACE_CURVE('',#11272,(#11276,#11283),.PCURVE_S1.);
#11272 = LINE('',#11273,#11274);
#11273 = CARTESIAN_POINT('',(-33.25,99.69898837435,1.051E-14));
#11274 = VECTOR('',#11275,1.);
#11275 = DIRECTION('',(1.,0.,0.));
#11276 = PCURVE('',#527,#11277);
#11277 = DEFINITIONAL_REPRESENTATION('',(#11278),#11282);
#11278 = LINE('',#11279,#11280);
#11279 = CARTESIAN_POINT('',(78.25,101.07398837435));
#11280 = VECTOR('',#11281,1.);
#11281 = DIRECTION('',(-1.,0.));
#11282 = ( GEOMETRIC_REPRESENTATION_CONTEXT(2) 
PARAMETRIC_REPRESENTATION_CONTEXT() REPRESENTATION_CONTEXT('2D SPACE',''
  ) );
#11283 = PCURVE('',#2363,#11284);
#11284 = DEFINITIONAL_REPRESENTATION('',(#11285),#11289);
#11285 = LINE('',#11286,#11287);
#11286 = CARTESIAN_POINT('',(0.,-156.5));
#11287 = VECTOR('',#11288,1.);
#11288 = DIRECTION('',(0.,1.));
#11289 = ( GEOMETRIC_REPRESENTATION_CONTEXT(2) 
PARAMETRIC_REPRESENTATION_CONTEXT() REPRESENTATION_CONTEXT('2D SPACE',''
  ) );
#11290 = ORIENTED_EDGE('',*,*,#11291,.F.);
#11291 = EDGE_CURVE('',#11292,#11269,#11294,.T.);
#11292 = VERTEX_POINT('',#11293);
#11293 = CARTESIAN_POINT('',(-9.,98.29898837435,5.E-15));
#11294 = SURFACE_CURVE('',#11295,(#11299,#11306),.PCURVE_S1.);
#11295 = LINE('',#11296,#11297);
#11296 = CARTESIAN_POINT('',(-9.,61.849687078898,0.));
#11297 = VECTOR('',#11298,1.);
#11298 = DIRECTION('',(0.,1.,0.));
#11299 = PCURVE('',#527,#11300);
#11300 = DEFINITIONAL_REPRESENTATION('',(#11301),#11305);
#11301 = LINE('',#11302,#11303);
#11302 = CARTESIAN_POINT('',(54.,63.224687078898));
#11303 = VECTOR('',#11304,1.);
#11304 = DIRECTION('',(0.,1.));
#11305 = ( GEOMETRIC_REPRESENTATION_CONTEXT(2) 
PARAMETRIC_REPRESENTATION_CONTEXT() REPRESENTATION_CONTEXT('2D SPACE',''
  ) );
#11306 = PCURVE('',#11307,#11312);
#11307 = PLANE('',#11308);
#11308 = AXIS2_PLACEMENT_3D('',#11309,#11310,#11311);
#11309 = CARTESIAN_POINT('',(0.,-1.375,0.));
#11310 = DIRECTION('',(0.,0.,-1.));
#11311 = DIRECTION('',(-1.,0.,0.));
#11312 = DEFINITIONAL_REPRESENTATION('',(#11313),#11317);
#11313 = LINE('',#11314,#11315);
#11314 = CARTESIAN_POINT('',(9.,63.224687078898));
#11315 = VECTOR('',#11316,1.);
#11316 = DIRECTION('',(0.,1.));
#11317 = ( GEOMETRIC_REPRESENTATION_CONTEXT(2) 
PARAMETRIC_REPRESENTATION_CONTEXT() REPRESENTATION_CONTEXT('2D SPACE',''
  ) );
#11318 = ORIENTED_EDGE('',*,*,#11319,.T.);
#11319 = EDGE_CURVE('',#11292,#7793,#11320,.T.);
#11320 = SURFACE_CURVE('',#11321,(#11325,#11332),.PCURVE_S1.);
#11321 = LINE('',#11322,#11323);
#11322 = CARTESIAN_POINT('',(108.65,98.29898837435,1.051E-14));
#11323 = VECTOR('',#11324,1.);
#11324 = DIRECTION('',(-1.,0.,0.));
#11325 = PCURVE('',#527,#11326);
#11326 = DEFINITIONAL_REPRESENTATION('',(#11327),#11331);
#11327 = LINE('',#11328,#11329);
#11328 = CARTESIAN_POINT('',(-63.65,99.67398837435));
#11329 = VECTOR('',#11330,1.);
#11330 = DIRECTION('',(1.,0.));
#11331 = ( GEOMETRIC_REPRESENTATION_CONTEXT(2) 
PARAMETRIC_REPRESENTATION_CONTEXT() REPRESENTATION_CONTEXT('2D SPACE',''
  ) );
#11332 = PCURVE('',#7829,#11333);
#11333 = DEFINITIONAL_REPRESENTATION('',(#11334),#11338);
#11334 = LINE('',#11335,#11336);
#11335 = CARTESIAN_POINT('',(-153.525,9.273532989414E-02));
#11336 = VECTOR('',#11337,1.);
#11337 = DIRECTION('',(1.,0.));
#11338 = ( GEOMETRIC_REPRESENTATION_CONTEXT(2) 
PARAMETRIC_REPRESENTATION_CONTEXT() REPRESENTATION_CONTEXT('2D SPACE',''
  ) );
#11339 = ORIENTED_EDGE('',*,*,#7792,.F.);
#11340 = ORIENTED_EDGE('',*,*,#511,.F.);
#11341 = ORIENTED_EDGE('',*,*,#10075,.F.);
#11342 = ORIENTED_EDGE('',*,*,#3173,.T.);
#11343 = ORIENTED_EDGE('',*,*,#11344,.F.);
#11344 = EDGE_CURVE('',#775,#3146,#11345,.T.);
#11345 = SURFACE_CURVE('',#11346,(#11350,#11357),.PCURVE_S1.);
#11346 = LINE('',#11347,#11348);
#11347 = CARTESIAN_POINT('',(-22.45,96.79898837435,1.051E-14));
#11348 = VECTOR('',#11349,1.);
#11349 = DIRECTION('',(0.,1.,0.));
#11350 = PCURVE('',#527,#11351);
#11351 = DEFINITIONAL_REPRESENTATION('',(#11352),#11356);
#11352 = LINE('',#11353,#11354);
#11353 = CARTESIAN_POINT('',(67.45,98.17398837435));
#11354 = VECTOR('',#11355,1.);
#11355 = DIRECTION('',(0.,1.));
#11356 = ( GEOMETRIC_REPRESENTATION_CONTEXT(2) 
PARAMETRIC_REPRESENTATION_CONTEXT() REPRESENTATION_CONTEXT('2D SPACE',''
  ) );
#11357 = PCURVE('',#811,#11358);
#11358 = DEFINITIONAL_REPRESENTATION('',(#11359),#11363);
#11359 = LINE('',#11360,#11361);
#11360 = CARTESIAN_POINT('',(0.,-1.5));
#11361 = VECTOR('',#11362,1.);
#11362 = DIRECTION('',(0.,1.));
#11363 = ( GEOMETRIC_REPRESENTATION_CONTEXT(2) 
PARAMETRIC_REPRESENTATION_CONTEXT() REPRESENTATION_CONTEXT('2D SPACE',''
  ) );
#11364 = ORIENTED_EDGE('',*,*,#774,.F.);
#11365 = ORIENTED_EDGE('',*,*,#6021,.F.);
#11366 = ORIENTED_EDGE('',*,*,#11367,.T.);
#11367 = EDGE_CURVE('',#5999,#3544,#11368,.T.);
#11368 = SURFACE_CURVE('',#11369,(#11373,#11380),.PCURVE_S1.);
#11369 = LINE('',#11370,#11371);
#11370 = CARTESIAN_POINT('',(-24.2,98.29898837435,1.051E-14));
#11371 = VECTOR('',#11372,1.);
#11372 = DIRECTION('',(-1.,0.,0.));
#11373 = PCURVE('',#527,#11374);
#11374 = DEFINITIONAL_REPRESENTATION('',(#11375),#11379);
#11375 = LINE('',#11376,#11377);
#11376 = CARTESIAN_POINT('',(69.2,99.67398837435));
#11377 = VECTOR('',#11378,1.);
#11378 = DIRECTION('',(1.,0.));
#11379 = ( GEOMETRIC_REPRESENTATION_CONTEXT(2) 
PARAMETRIC_REPRESENTATION_CONTEXT() REPRESENTATION_CONTEXT('2D SPACE',''
  ) );
#11380 = PCURVE('',#3580,#11381);
#11381 = DEFINITIONAL_REPRESENTATION('',(#11382),#11386);
#11382 = LINE('',#11383,#11384);
#11383 = CARTESIAN_POINT('',(-20.675,9.273532989414E-02));
#11384 = VECTOR('',#11385,1.);
#11385 = DIRECTION('',(1.,0.));
#11386 = ( GEOMETRIC_REPRESENTATION_CONTEXT(2) 
PARAMETRIC_REPRESENTATION_CONTEXT() REPRESENTATION_CONTEXT('2D SPACE',''
  ) );
#11387 = ORIENTED_EDGE('',*,*,#3543,.F.);
#11388 = ORIENTED_EDGE('',*,*,#3926,.F.);
#11389 = ORIENTED_EDGE('',*,*,#11390,.F.);
#11390 = EDGE_CURVE('',#3376,#3904,#11391,.T.);
#11391 = SURFACE_CURVE('',#11392,(#11396,#11403),.PCURVE_S1.);
#11392 = LINE('',#11393,#11394);
#11393 = CARTESIAN_POINT('',(-28.,98.29898837435,1.051E-14));
#11394 = VECTOR('',#11395,1.);
#11395 = DIRECTION('',(0.,-1.,0.));
#11396 = PCURVE('',#527,#11397);
#11397 = DEFINITIONAL_REPRESENTATION('',(#11398),#11402);
#11398 = LINE('',#11399,#11400);
#11399 = CARTESIAN_POINT('',(73.,99.67398837435));
#11400 = VECTOR('',#11401,1.);
#11401 = DIRECTION('',(0.,-1.));
#11402 = ( GEOMETRIC_REPRESENTATION_CONTEXT(2) 
PARAMETRIC_REPRESENTATION_CONTEXT() REPRESENTATION_CONTEXT('2D SPACE',''
  ) );
#11403 = PCURVE('',#3398,#11404);
#11404 = DEFINITIONAL_REPRESENTATION('',(#11405),#11409);
#11405 = LINE('',#11406,#11407);
#11406 = CARTESIAN_POINT('',(0.,1.5));
#11407 = VECTOR('',#11408,1.);
#11408 = DIRECTION('',(0.,-1.));
#11409 = ( GEOMETRIC_REPRESENTATION_CONTEXT(2) 
PARAMETRIC_REPRESENTATION_CONTEXT() REPRESENTATION_CONTEXT('2D SPACE',''
  ) );
#11410 = ORIENTED_EDGE('',*,*,#3461,.T.);
#11411 = ORIENTED_EDGE('',*,*,#10567,.F.);
#11412 = ORIENTED_EDGE('',*,*,#11413,.F.);
#11413 = EDGE_CURVE('',#11414,#10568,#11416,.T.);
#11414 = VERTEX_POINT('',#11415);
#11415 = CARTESIAN_POINT('',(-37.15,96.79898837435,1.1E-14));
#11416 = SURFACE_CURVE('',#11417,(#11421,#11428),.PCURVE_S1.);
#11417 = LINE('',#11418,#11419);
#11418 = CARTESIAN_POINT('',(-37.15,96.79898837435,1.051E-14));
#11419 = VECTOR('',#11420,1.);
#11420 = DIRECTION('',(4.57807E-12,1.,0.));
#11421 = PCURVE('',#527,#11422);
#11422 = DEFINITIONAL_REPRESENTATION('',(#11423),#11427);
#11423 = LINE('',#11424,#11425);
#11424 = CARTESIAN_POINT('',(82.15,98.17398837435));
#11425 = VECTOR('',#11426,1.);
#11426 = DIRECTION('',(-4.57807E-12,1.));
#11427 = ( GEOMETRIC_REPRESENTATION_CONTEXT(2) 
PARAMETRIC_REPRESENTATION_CONTEXT() REPRESENTATION_CONTEXT('2D SPACE',''
  ) );
#11428 = PCURVE('',#1165,#11429);
#11429 = DEFINITIONAL_REPRESENTATION('',(#11430),#11434);
#11430 = LINE('',#11431,#11432);
#11431 = CARTESIAN_POINT('',(-14.25,-194.0977387191));
#11432 = VECTOR('',#11433,1.);
#11433 = DIRECTION('',(0.,-1.));
#11434 = ( GEOMETRIC_REPRESENTATION_CONTEXT(2) 
PARAMETRIC_REPRESENTATION_CONTEXT() REPRESENTATION_CONTEXT('2D SPACE',''
  ) );
#11435 = ORIENTED_EDGE('',*,*,#11436,.F.);
#11436 = EDGE_CURVE('',#9434,#11414,#11437,.T.);
#11437 = SURFACE_CURVE('',#11438,(#11442,#11449),.PCURVE_S1.);
#11438 = LINE('',#11439,#11440);
#11439 = CARTESIAN_POINT('',(-38.65,96.79898837435,1.051E-14));
#11440 = VECTOR('',#11441,1.);
#11441 = DIRECTION('',(1.,0.,0.));
#11442 = PCURVE('',#527,#11443);
#11443 = DEFINITIONAL_REPRESENTATION('',(#11444),#11448);
#11444 = LINE('',#11445,#11446);
#11445 = CARTESIAN_POINT('',(83.65,98.17398837435));
#11446 = VECTOR('',#11447,1.);
#11447 = DIRECTION('',(-1.,0.));
#11448 = ( GEOMETRIC_REPRESENTATION_CONTEXT(2) 
PARAMETRIC_REPRESENTATION_CONTEXT() REPRESENTATION_CONTEXT('2D SPACE',''
  ) );
#11449 = PCURVE('',#9193,#11450);
#11450 = DEFINITIONAL_REPRESENTATION('',(#11451),#11455);
#11451 = LINE('',#11452,#11453);
#11452 = CARTESIAN_POINT('',(14.003510936079,4.733165431326E-29));
#11453 = VECTOR('',#11454,1.);
#11454 = DIRECTION('',(0.,1.));
#11455 = ( GEOMETRIC_REPRESENTATION_CONTEXT(2) 
PARAMETRIC_REPRESENTATION_CONTEXT() REPRESENTATION_CONTEXT('2D SPACE',''
  ) );
#11456 = ORIENTED_EDGE('',*,*,#9433,.F.);
#11457 = ORIENTED_EDGE('',*,*,#5668,.F.);
#11458 = ORIENTED_EDGE('',*,*,#11459,.F.);
#11459 = EDGE_CURVE('',#11460,#5646,#11462,.T.);
#11460 = VERTEX_POINT('',#11461);
#11461 = CARTESIAN_POINT('',(-40.55,97.45,0.));
#11462 = SURFACE_CURVE('',#11463,(#11467,#11474),.PCURVE_S1.);
#11463 = LINE('',#11464,#11465);
#11464 = CARTESIAN_POINT('',(-40.55,99.8,0.));
#11465 = VECTOR('',#11466,1.);
#11466 = DIRECTION('',(0.,1.,0.));
#11467 = PCURVE('',#527,#11468);
#11468 = DEFINITIONAL_REPRESENTATION('',(#11469),#11473);
#11469 = LINE('',#11470,#11471);
#11470 = CARTESIAN_POINT('',(85.55,101.175));
#11471 = VECTOR('',#11472,1.);
#11472 = DIRECTION('',(0.,1.));
#11473 = ( GEOMETRIC_REPRESENTATION_CONTEXT(2) 
PARAMETRIC_REPRESENTATION_CONTEXT() REPRESENTATION_CONTEXT('2D SPACE',''
  ) );
#11474 = PCURVE('',#1053,#11475);
#11475 = DEFINITIONAL_REPRESENTATION('',(#11476),#11480);
#11476 = LINE('',#11477,#11478);
#11477 = CARTESIAN_POINT('',(198.84898837435,29.5));
#11478 = VECTOR('',#11479,1.);
#11479 = DIRECTION('',(1.,0.));
#11480 = ( GEOMETRIC_REPRESENTATION_CONTEXT(2) 
PARAMETRIC_REPRESENTATION_CONTEXT() REPRESENTATION_CONTEXT('2D SPACE',''
  ) );
#11481 = ORIENTED_EDGE('',*,*,#11482,.F.);
#11482 = EDGE_CURVE('',#7407,#11460,#11483,.T.);
#11483 = SURFACE_CURVE('',#11484,(#11488,#11495),.PCURVE_S1.);
#11484 = LINE('',#11485,#11486);
#11485 = CARTESIAN_POINT('',(-40.55,97.45,0.));
#11486 = VECTOR('',#11487,1.);
#11487 = DIRECTION('',(1.,0.,0.));
#11488 = PCURVE('',#527,#11489);
#11489 = DEFINITIONAL_REPRESENTATION('',(#11490),#11494);
#11490 = LINE('',#11491,#11492);
#11491 = CARTESIAN_POINT('',(85.55,98.825));
#11492 = VECTOR('',#11493,1.);
#11493 = DIRECTION('',(-1.,0.));
#11494 = ( GEOMETRIC_REPRESENTATION_CONTEXT(2) 
PARAMETRIC_REPRESENTATION_CONTEXT() REPRESENTATION_CONTEXT('2D SPACE',''
  ) );
#11495 = PCURVE('',#7443,#11496);
#11496 = DEFINITIONAL_REPRESENTATION('',(#11497),#11501);
#11497 = LINE('',#11498,#11499);
#11498 = CARTESIAN_POINT('',(0.5,29.5));
#11499 = VECTOR('',#11500,1.);
#11500 = DIRECTION('',(1.,0.));
#11501 = ( GEOMETRIC_REPRESENTATION_CONTEXT(2) 
PARAMETRIC_REPRESENTATION_CONTEXT() REPRESENTATION_CONTEXT('2D SPACE',''
  ) );
#11502 = ORIENTED_EDGE('',*,*,#7406,.F.);
#11503 = ORIENTED_EDGE('',*,*,#5337,.F.);
#11504 = ORIENTED_EDGE('',*,*,#11505,.F.);
#11505 = EDGE_CURVE('',#11175,#5310,#11506,.T.);
#11506 = SURFACE_CURVE('',#11507,(#11511,#11518),.PCURVE_S1.);
#11507 = LINE('',#11508,#11509);
#11508 = CARTESIAN_POINT('',(-44.875,50.5875,1.4E-16));
#11509 = VECTOR('',#11510,1.);
#11510 = DIRECTION('',(9.E-17,-1.,0.));
#11511 = PCURVE('',#527,#11512);
#11512 = DEFINITIONAL_REPRESENTATION('',(#11513),#11517);
#11513 = LINE('',#11514,#11515);
#11514 = CARTESIAN_POINT('',(89.875,51.9625));
#11515 = VECTOR('',#11516,1.);
#11516 = DIRECTION('',(-9.E-17,-1.));
#11517 = ( GEOMETRIC_REPRESENTATION_CONTEXT(2) 
PARAMETRIC_REPRESENTATION_CONTEXT() REPRESENTATION_CONTEXT('2D SPACE',''
  ) );
#11518 = PCURVE('',#941,#11519);
#11519 = DEFINITIONAL_REPRESENTATION('',(#11520),#11524);
#11520 = LINE('',#11521,#11522);
#11521 = CARTESIAN_POINT('',(-51.9625,9.088836064077E-17));
#11522 = VECTOR('',#11523,1.);
#11523 = DIRECTION('',(-1.,4.843036725388E-35));
#11524 = ( GEOMETRIC_REPRESENTATION_CONTEXT(2) 
PARAMETRIC_REPRESENTATION_CONTEXT() REPRESENTATION_CONTEXT('2D SPACE',''
  ) );
#11525 = ADVANCED_FACE('',(#11526),#3734,.F.);
#11526 = FACE_BOUND('',#11527,.T.);
#11527 = EDGE_LOOP('',(#11528,#11551,#11552,#11553));
#11528 = ORIENTED_EDGE('',*,*,#11529,.F.);
#11529 = EDGE_CURVE('',#10279,#11530,#11532,.T.);
#11530 = VERTEX_POINT('',#11531);
#11531 = CARTESIAN_POINT('',(44.875,99.04898837435,0.));
#11532 = SURFACE_CURVE('',#11533,(#11537,#11544),.PCURVE_S1.);
#11533 = LINE('',#11534,#11535);
#11534 = CARTESIAN_POINT('',(44.875,99.04898837435,0.));
#11535 = VECTOR('',#11536,1.);
#11536 = DIRECTION('',(2.181488503456E-02,0.,-0.99976202708));
#11537 = PCURVE('',#3734,#11538);
#11538 = DEFINITIONAL_REPRESENTATION('',(#11539),#11543);
#11539 = LINE('',#11540,#11541);
#11540 = CARTESIAN_POINT('',(0.,0.));
#11541 = VECTOR('',#11542,1.);
#11542 = DIRECTION('',(-2.181488503456E-02,-0.99976202708));
#11543 = ( GEOMETRIC_REPRESENTATION_CONTEXT(2) 
PARAMETRIC_REPRESENTATION_CONTEXT() REPRESENTATION_CONTEXT('2D SPACE',''
  ) );
#11544 = PCURVE('',#2800,#11545);
#11545 = DEFINITIONAL_REPRESENTATION('',(#11546),#11550);
#11546 = LINE('',#11547,#11548);
#11547 = CARTESIAN_POINT('',(-3.50101162565,-1.374571415278E-17));
#11548 = VECTOR('',#11549,1.);
#11549 = DIRECTION('',(1.96333965311E-18,-1.));
#11550 = ( GEOMETRIC_REPRESENTATION_CONTEXT(2) 
PARAMETRIC_REPRESENTATION_CONTEXT() REPRESENTATION_CONTEXT('2D SPACE',''
  ) );
#11551 = ORIENTED_EDGE('',*,*,#10278,.T.);
#11552 = ORIENTED_EDGE('',*,*,#3718,.T.);
#11553 = ORIENTED_EDGE('',*,*,#11554,.F.);
#11554 = EDGE_CURVE('',#11530,#3696,#11555,.T.);
#11555 = SURFACE_CURVE('',#11556,(#11560,#11567),.PCURVE_S1.);
#11556 = LINE('',#11557,#11558);
#11557 = CARTESIAN_POINT('',(44.875,99.04898837435,0.));
#11558 = VECTOR('',#11559,1.);
#11559 = DIRECTION('',(-1.,0.,0.));
#11560 = PCURVE('',#3734,#11561);
#11561 = DEFINITIONAL_REPRESENTATION('',(#11562),#11566);
#11562 = LINE('',#11563,#11564);
#11563 = CARTESIAN_POINT('',(0.,0.));
#11564 = VECTOR('',#11565,1.);
#11565 = DIRECTION('',(1.,0.));
#11566 = ( GEOMETRIC_REPRESENTATION_CONTEXT(2) 
PARAMETRIC_REPRESENTATION_CONTEXT() REPRESENTATION_CONTEXT('2D SPACE',''
  ) );
#11567 = PCURVE('',#2501,#11568);
#11568 = DEFINITIONAL_REPRESENTATION('',(#11569),#11573);
#11569 = LINE('',#11570,#11571);
#11570 = CARTESIAN_POINT('',(-89.875,100.42398837435));
#11571 = VECTOR('',#11572,1.);
#11572 = DIRECTION('',(1.,0.));
#11573 = ( GEOMETRIC_REPRESENTATION_CONTEXT(2) 
PARAMETRIC_REPRESENTATION_CONTEXT() REPRESENTATION_CONTEXT('2D SPACE',''
  ) );
#11574 = ADVANCED_FACE('',(#11575),#4062,.F.);
#11575 = FACE_BOUND('',#11576,.F.);
#11576 = EDGE_LOOP('',(#11577,#11602,#11625,#11646,#11647));
#11577 = ORIENTED_EDGE('',*,*,#11578,.T.);
#11578 = EDGE_CURVE('',#11579,#11581,#11583,.T.);
#11579 = VERTEX_POINT('',#11580);
#11580 = CARTESIAN_POINT('',(9.,99.69898837435,1.25));
#11581 = VERTEX_POINT('',#11582);
#11582 = CARTESIAN_POINT('',(9.,99.69898837435,5.E-15));
#11583 = SURFACE_CURVE('',#11584,(#11588,#11595),.PCURVE_S1.);
#11584 = LINE('',#11585,#11586);
#11585 = CARTESIAN_POINT('',(9.,99.69898837435,-45.));
#11586 = VECTOR('',#11587,1.);
#11587 = DIRECTION('',(-2.2E-16,-0.,-1.));
#11588 = PCURVE('',#4062,#11589);
#11589 = DEFINITIONAL_REPRESENTATION('',(#11590),#11594);
#11590 = LINE('',#11591,#11592);
#11591 = CARTESIAN_POINT('',(45.,-24.25));
#11592 = VECTOR('',#11593,1.);
#11593 = DIRECTION('',(1.,-2.2E-16));
#11594 = ( GEOMETRIC_REPRESENTATION_CONTEXT(2) 
PARAMETRIC_REPRESENTATION_CONTEXT() REPRESENTATION_CONTEXT('2D SPACE',''
  ) );
#11595 = PCURVE('',#7085,#11596);
#11596 = DEFINITIONAL_REPRESENTATION('',(#11597),#11601);
#11597 = LINE('',#11598,#11599);
#11598 = CARTESIAN_POINT('',(45.,-69.25));
#11599 = VECTOR('',#11600,1.);
#11600 = DIRECTION('',(1.,-2.2E-16));
#11601 = ( GEOMETRIC_REPRESENTATION_CONTEXT(2) 
PARAMETRIC_REPRESENTATION_CONTEXT() REPRESENTATION_CONTEXT('2D SPACE',''
  ) );
#11602 = ORIENTED_EDGE('',*,*,#11603,.T.);
#11603 = EDGE_CURVE('',#11581,#11604,#11606,.T.);
#11604 = VERTEX_POINT('',#11605);
#11605 = CARTESIAN_POINT('',(33.25,99.69898837435,1.1E-14));
#11606 = SURFACE_CURVE('',#11607,(#11611,#11618),.PCURVE_S1.);
#11607 = LINE('',#11608,#11609);
#11608 = CARTESIAN_POINT('',(-123.25,99.69898837435,1.051E-14));
#11609 = VECTOR('',#11610,1.);
#11610 = DIRECTION('',(1.,0.,0.));
#11611 = PCURVE('',#4062,#11612);
#11612 = DEFINITIONAL_REPRESENTATION('',(#11613),#11617);
#11613 = LINE('',#11614,#11615);
#11614 = CARTESIAN_POINT('',(0.,-156.5));
#11615 = VECTOR('',#11616,1.);
#11616 = DIRECTION('',(0.,1.));
#11617 = ( GEOMETRIC_REPRESENTATION_CONTEXT(2) 
PARAMETRIC_REPRESENTATION_CONTEXT() REPRESENTATION_CONTEXT('2D SPACE',''
  ) );
#11618 = PCURVE('',#2501,#11619);
#11619 = DEFINITIONAL_REPRESENTATION('',(#11620),#11624);
#11620 = LINE('',#11621,#11622);
#11621 = CARTESIAN_POINT('',(78.25,101.07398837435));
#11622 = VECTOR('',#11623,1.);
#11623 = DIRECTION('',(-1.,0.));
#11624 = ( GEOMETRIC_REPRESENTATION_CONTEXT(2) 
PARAMETRIC_REPRESENTATION_CONTEXT() REPRESENTATION_CONTEXT('2D SPACE',''
  ) );
#11625 = ORIENTED_EDGE('',*,*,#11626,.T.);
#11626 = EDGE_CURVE('',#11604,#4040,#11627,.T.);
#11627 = SURFACE_CURVE('',#11628,(#11632,#11639),.PCURVE_S1.);
#11628 = LINE('',#11629,#11630);
#11629 = CARTESIAN_POINT('',(33.25,99.69898837435,1.051E-14));
#11630 = VECTOR('',#11631,1.);
#11631 = DIRECTION('',(0.,0.,1.));
#11632 = PCURVE('',#4062,#11633);
#11633 = DEFINITIONAL_REPRESENTATION('',(#11634),#11638);
#11634 = LINE('',#11635,#11636);
#11635 = CARTESIAN_POINT('',(0.,0.));
#11636 = VECTOR('',#11637,1.);
#11637 = DIRECTION('',(-1.,0.));
#11638 = ( GEOMETRIC_REPRESENTATION_CONTEXT(2) 
PARAMETRIC_REPRESENTATION_CONTEXT() REPRESENTATION_CONTEXT('2D SPACE',''
  ) );
#11639 = PCURVE('',#4144,#11640);
#11640 = DEFINITIONAL_REPRESENTATION('',(#11641),#11645);
#11641 = LINE('',#11642,#11643);
#11642 = CARTESIAN_POINT('',(0.,1.5));
#11643 = VECTOR('',#11644,1.);
#11644 = DIRECTION('',(1.,0.));
#11645 = ( GEOMETRIC_REPRESENTATION_CONTEXT(2) 
PARAMETRIC_REPRESENTATION_CONTEXT() REPRESENTATION_CONTEXT('2D SPACE',''
  ) );
#11646 = ORIENTED_EDGE('',*,*,#4039,.T.);
#11647 = ORIENTED_EDGE('',*,*,#11648,.T.);
#11648 = EDGE_CURVE('',#4042,#11579,#11649,.T.);
#11649 = SURFACE_CURVE('',#11650,(#11654,#11661),.PCURVE_S1.);
#11650 = LINE('',#11651,#11652);
#11651 = CARTESIAN_POINT('',(9.,99.69898837435,-45.));
#11652 = VECTOR('',#11653,1.);
#11653 = DIRECTION('',(-2.2E-16,-0.,-1.));
#11654 = PCURVE('',#4062,#11655);
#11655 = DEFINITIONAL_REPRESENTATION('',(#11656),#11660);
#11656 = LINE('',#11657,#11658);
#11657 = CARTESIAN_POINT('',(45.,-24.25));
#11658 = VECTOR('',#11659,1.);
#11659 = DIRECTION('',(1.,-2.2E-16));
#11660 = ( GEOMETRIC_REPRESENTATION_CONTEXT(2) 
PARAMETRIC_REPRESENTATION_CONTEXT() REPRESENTATION_CONTEXT('2D SPACE',''
  ) );
#11661 = PCURVE('',#7085,#11662);
#11662 = DEFINITIONAL_REPRESENTATION('',(#11663),#11667);
#11663 = LINE('',#11664,#11665);
#11664 = CARTESIAN_POINT('',(45.,-69.25));
#11665 = VECTOR('',#11666,1.);
#11666 = DIRECTION('',(1.,-2.2E-16));
#11667 = ( GEOMETRIC_REPRESENTATION_CONTEXT(2) 
PARAMETRIC_REPRESENTATION_CONTEXT() REPRESENTATION_CONTEXT('2D SPACE',''
  ) );
#11668 = ADVANCED_FACE('',(#11669),#4591,.T.);
#11669 = FACE_BOUND('',#11670,.T.);
#11670 = EDGE_LOOP('',(#11671,#11672,#11693,#11694));
#11671 = ORIENTED_EDGE('',*,*,#6581,.T.);
#11672 = ORIENTED_EDGE('',*,*,#11673,.T.);
#11673 = EDGE_CURVE('',#6559,#5517,#11674,.T.);
#11674 = SURFACE_CURVE('',#11675,(#11679,#11686),.PCURVE_S1.);
#11675 = LINE('',#11676,#11677);
#11676 = CARTESIAN_POINT('',(44.827171874419,-100.5026478202,
    2.191931963257));
#11677 = VECTOR('',#11678,1.);
#11678 = DIRECTION('',(-2.180969615229E-02,2.180969615229E-02,
    0.999524223972));
#11679 = PCURVE('',#4591,#11680);
#11680 = DEFINITIONAL_REPRESENTATION('',(#11681),#11685);
#11681 = LINE('',#11682,#11683);
#11682 = CARTESIAN_POINT('',(-0.785160218784,3.11E-15));
#11683 = VECTOR('',#11684,1.);
#11684 = DIRECTION('',(9.E-17,-1.));
#11685 = ( GEOMETRIC_REPRESENTATION_CONTEXT(2) 
PARAMETRIC_REPRESENTATION_CONTEXT() REPRESENTATION_CONTEXT('2D SPACE',''
  ) );
#11686 = PCURVE('',#2800,#11687);
#11687 = DEFINITIONAL_REPRESENTATION('',(#11688),#11692);
#11688 = LINE('',#11689,#11690);
#11689 = CARTESIAN_POINT('',(-203.0526478202,2.192453707868));
#11690 = VECTOR('',#11691,1.);
#11691 = DIRECTION('',(2.180969615229E-02,0.999762140288));
#11692 = ( GEOMETRIC_REPRESENTATION_CONTEXT(2) 
PARAMETRIC_REPRESENTATION_CONTEXT() REPRESENTATION_CONTEXT('2D SPACE',''
  ) );
#11693 = ORIENTED_EDGE('',*,*,#5572,.T.);
#11694 = ORIENTED_EDGE('',*,*,#4575,.T.);
#11695 = ADVANCED_FACE('',(#11696),#4922,.F.);
#11696 = FACE_BOUND('',#11697,.T.);
#11697 = EDGE_LOOP('',(#11698,#11699,#11700,#11723));
#11698 = ORIENTED_EDGE('',*,*,#6489,.F.);
#11699 = ORIENTED_EDGE('',*,*,#4904,.T.);
#11700 = ORIENTED_EDGE('',*,*,#11701,.T.);
#11701 = EDGE_CURVE('',#4907,#11702,#11704,.T.);
#11702 = VERTEX_POINT('',#11703);
#11703 = CARTESIAN_POINT('',(40.55,-99.8,29.5));
#11704 = SURFACE_CURVE('',#11705,(#11709,#11716),.PCURVE_S1.);
#11705 = LINE('',#11706,#11707);
#11706 = CARTESIAN_POINT('',(38.65,-99.8,29.5));
#11707 = VECTOR('',#11708,1.);
#11708 = DIRECTION('',(1.,0.,0.));
#11709 = PCURVE('',#4922,#11710);
#11710 = DEFINITIONAL_REPRESENTATION('',(#11711),#11715);
#11711 = LINE('',#11712,#11713);
#11712 = CARTESIAN_POINT('',(0.,29.5));
#11713 = VECTOR('',#11714,1.);
#11714 = DIRECTION('',(1.,0.));
#11715 = ( GEOMETRIC_REPRESENTATION_CONTEXT(2) 
PARAMETRIC_REPRESENTATION_CONTEXT() REPRESENTATION_CONTEXT('2D SPACE',''
  ) );
#11716 = PCURVE('',#5072,#11717);
#11717 = DEFINITIONAL_REPRESENTATION('',(#11718),#11722);
#11718 = LINE('',#11719,#11720);
#11719 = CARTESIAN_POINT('',(-83.65,-99.8));
#11720 = VECTOR('',#11721,1.);
#11721 = DIRECTION('',(-1.,0.));
#11722 = ( GEOMETRIC_REPRESENTATION_CONTEXT(2) 
PARAMETRIC_REPRESENTATION_CONTEXT() REPRESENTATION_CONTEXT('2D SPACE',''
  ) );
#11723 = ORIENTED_EDGE('',*,*,#11724,.F.);
#11724 = EDGE_CURVE('',#6490,#11702,#11725,.T.);
#11725 = SURFACE_CURVE('',#11726,(#11730,#11737),.PCURVE_S1.);
#11726 = LINE('',#11727,#11728);
#11727 = CARTESIAN_POINT('',(40.55,-99.8,0.));
#11728 = VECTOR('',#11729,1.);
#11729 = DIRECTION('',(0.,0.,1.));
#11730 = PCURVE('',#4922,#11731);
#11731 = DEFINITIONAL_REPRESENTATION('',(#11732),#11736);
#11732 = LINE('',#11733,#11734);
#11733 = CARTESIAN_POINT('',(1.9,0.));
#11734 = VECTOR('',#11735,1.);
#11735 = DIRECTION('',(0.,1.));
#11736 = ( GEOMETRIC_REPRESENTATION_CONTEXT(2) 
PARAMETRIC_REPRESENTATION_CONTEXT() REPRESENTATION_CONTEXT('2D SPACE',''
  ) );
#11737 = PCURVE('',#3360,#11738);
#11738 = DEFINITIONAL_REPRESENTATION('',(#11739),#11743);
#11739 = LINE('',#11740,#11741);
#11740 = CARTESIAN_POINT('',(-0.75101162565,29.5));
#11741 = VECTOR('',#11742,1.);
#11742 = DIRECTION('',(0.,-1.));
#11743 = ( GEOMETRIC_REPRESENTATION_CONTEXT(2) 
PARAMETRIC_REPRESENTATION_CONTEXT() REPRESENTATION_CONTEXT('2D SPACE',''
  ) );
#11744 = ADVANCED_FACE('',(#11745),#11760,.T.);
#11745 = FACE_BOUND('',#11746,.T.);
#11746 = EDGE_LOOP('',(#11747,#11804,#11825,#11848));
#11747 = ORIENTED_EDGE('',*,*,#11748,.T.);
#11748 = EDGE_CURVE('',#11749,#11751,#11753,.T.);
#11749 = VERTEX_POINT('',#11750);
#11750 = CARTESIAN_POINT('',(44.875,100.55047594584,0.));
#11751 = VERTEX_POINT('',#11752);
#11752 = CARTESIAN_POINT('',(42.87547594584,102.55,0.));
#11753 = SURFACE_CURVE('',#11754,(#11759,#11793),.PCURVE_S1.);
#11754 = ELLIPSE('',#11755,2.000952004996,2.);
#11755 = AXIS2_PLACEMENT_3D('',#11756,#11757,#11758);
#11756 = CARTESIAN_POINT('',(42.874523940871,100.54952394087,0.));
#11757 = DIRECTION('',(0.,-0.,1.));
#11758 = DIRECTION('',(0.707106781187,0.707106781187,0.));
#11759 = PCURVE('',#11760,#11765);
#11760 = CYLINDRICAL_SURFACE('',#11761,2.);
#11761 = AXIS2_PLACEMENT_3D('',#11762,#11763,#11764);
#11762 = CARTESIAN_POINT('',(42.833676846836,100.50867684683,
    1.871995816983));
#11763 = DIRECTION('',(-2.180969615229E-02,-2.180969615229E-02,
    0.999524223972));
#11764 = DIRECTION('',(0.706770356731,0.706770356731,3.084356808981E-02)
  );
#11765 = DEFINITIONAL_REPRESENTATION('',(#11766),#11792);
#11766 = B_SPLINE_CURVE_WITH_KNOTS('',3,(#11767,#11768,#11769,#11770,
    #11771,#11772,#11773,#11774,#11775,#11776,#11777,#11778,#11779,
    #11780,#11781,#11782,#11783,#11784,#11785,#11786,#11787,#11788,
    #11789,#11790,#11791),.UNSPECIFIED.,.F.,.F.,(4,1,1,1,1,1,1,1,1,1,1,1
    ,1,1,1,1,1,1,1,1,1,1,4),(5.498025088395,5.569403290103,
    5.640781491811,5.712159693518,5.783537895226,5.854916096934,
    5.926294298641,5.997672500349,6.069050702057,6.140428903764,
    6.211807105472,6.283185307179,6.354563508887,6.425941710595,
    6.497319912302,6.56869811401,6.640076315718,6.711454517425,
    6.782832719133,6.854210920841,6.925589122548,6.996967324256,
    7.068345525963),.QUASI_UNIFORM_KNOTS.);
#11767 = CARTESIAN_POINT('',(5.498025088395,-1.916537429617));
#11768 = CARTESIAN_POINT('',(5.521817822298,-1.917575603217));
#11769 = CARTESIAN_POINT('',(5.569403290103,-1.91957743382));
#11770 = CARTESIAN_POINT('',(5.640781491811,-1.922342683961));
#11771 = CARTESIAN_POINT('',(5.712159693518,-1.924855995115));
#11772 = CARTESIAN_POINT('',(5.783537895226,-1.927104664422));
#11773 = CARTESIAN_POINT('',(5.854916096934,-1.929077214223));
#11774 = CARTESIAN_POINT('',(5.926294298641,-1.930763605882));
#11775 = CARTESIAN_POINT('',(5.997672500349,-1.932155249278));
#11776 = CARTESIAN_POINT('',(6.069050702057,-1.933245057708));
#11777 = CARTESIAN_POINT('',(6.140428903764,-1.934027480987));
#11778 = CARTESIAN_POINT('',(6.211807105472,-1.934498534517));
#11779 = CARTESIAN_POINT('',(6.283185307179,-1.93465581936));
#11780 = CARTESIAN_POINT('',(6.354563508887,-1.934498534517));
#11781 = CARTESIAN_POINT('',(6.425941710595,-1.934027480987));
#11782 = CARTESIAN_POINT('',(6.497319912302,-1.933245057708));
#11783 = CARTESIAN_POINT('',(6.56869811401,-1.932155249278));
#11784 = CARTESIAN_POINT('',(6.640076315718,-1.930763605882));
#11785 = CARTESIAN_POINT('',(6.711454517425,-1.929077214223));
#11786 = CARTESIAN_POINT('',(6.782832719133,-1.927104664422));
#11787 = CARTESIAN_POINT('',(6.854210920841,-1.924855995115));
#11788 = CARTESIAN_POINT('',(6.925589122548,-1.922342683961));
#11789 = CARTESIAN_POINT('',(6.996967324256,-1.91957743382));
#11790 = CARTESIAN_POINT('',(7.044552792061,-1.917575603217));
#11791 = CARTESIAN_POINT('',(7.068345525963,-1.916537429617));
#11792 = ( GEOMETRIC_REPRESENTATION_CONTEXT(2) 
PARAMETRIC_REPRESENTATION_CONTEXT() REPRESENTATION_CONTEXT('2D SPACE',''
  ) );
#11793 = PCURVE('',#2501,#11794);
#11794 = DEFINITIONAL_REPRESENTATION('',(#11795),#11803);
#11795 = ( BOUNDED_CURVE() B_SPLINE_CURVE(2,(#11796,#11797,#11798,#11799
    ,#11800,#11801,#11802),.UNSPECIFIED.,.T.,.F.) 
B_SPLINE_CURVE_WITH_KNOTS((1,2,2,2,2,1),(-2.094395102393,0.,
    2.094395102393,4.188790204786,6.28318530718,8.377580409573),
.UNSPECIFIED.) CURVE() GEOMETRIC_REPRESENTATION_ITEM() 
RATIONAL_B_SPLINE_CURVE((1.,0.5,1.,0.5,1.,0.5,1.)) REPRESENTATION_ITEM(
  '') );
#11796 = CARTESIAN_POINT('',(-89.28941067243,103.33941067243));
#11797 = CARTESIAN_POINT('',(-86.83992092964,105.78890041521));
#11798 = CARTESIAN_POINT('',(-85.94233570369,102.44182544648));
#11799 = CARTESIAN_POINT('',(-85.04475047774,99.094750477747));
#11800 = CARTESIAN_POINT('',(-88.39182544648,99.992335703699));
#11801 = CARTESIAN_POINT('',(-91.73890041521,100.88992092965));
#11802 = CARTESIAN_POINT('',(-89.28941067243,103.33941067243));
#11803 = ( GEOMETRIC_REPRESENTATION_CONTEXT(2) 
PARAMETRIC_REPRESENTATION_CONTEXT() REPRESENTATION_CONTEXT('2D SPACE',''
  ) );
#11804 = ORIENTED_EDGE('',*,*,#11805,.T.);
#11805 = EDGE_CURVE('',#11751,#6809,#11806,.T.);
#11806 = SURFACE_CURVE('',#11807,(#11811,#11818),.PCURVE_S1.);
#11807 = LINE('',#11808,#11809);
#11808 = CARTESIAN_POINT('',(42.833676846836,102.50820090099,
    1.915625587052));
#11809 = VECTOR('',#11810,1.);
#11810 = DIRECTION('',(-2.180969615229E-02,-2.180969615229E-02,
    0.999524223972));
#11811 = PCURVE('',#11760,#11812);
#11812 = DEFINITIONAL_REPRESENTATION('',(#11813),#11817);
#11813 = LINE('',#11814,#11815);
#11814 = CARTESIAN_POINT('',(7.068345525964,3.77E-15));
#11815 = VECTOR('',#11816,1.);
#11816 = DIRECTION('',(0.,1.));
#11817 = ( GEOMETRIC_REPRESENTATION_CONTEXT(2) 
PARAMETRIC_REPRESENTATION_CONTEXT() REPRESENTATION_CONTEXT('2D SPACE',''
  ) );
#11818 = PCURVE('',#6871,#11819);
#11819 = DEFINITIONAL_REPRESENTATION('',(#11820),#11824);
#11820 = LINE('',#11821,#11822);
#11821 = CARTESIAN_POINT('',(-177.7086768468,1.916081562576));
#11822 = VECTOR('',#11823,1.);
#11823 = DIRECTION('',(2.180969615229E-02,0.999762140288));
#11824 = ( GEOMETRIC_REPRESENTATION_CONTEXT(2) 
PARAMETRIC_REPRESENTATION_CONTEXT() REPRESENTATION_CONTEXT('2D SPACE',''
  ) );
#11825 = ORIENTED_EDGE('',*,*,#11826,.T.);
#11826 = EDGE_CURVE('',#6809,#11827,#11829,.T.);
#11827 = VERTEX_POINT('',#11828);
#11828 = CARTESIAN_POINT('',(44.235215721477,99.910691667317,
    29.320898376362));
#11829 = SURFACE_CURVE('',#11830,(#11835,#11842),.PCURVE_S1.);
#11830 = CIRCLE('',#11831,2.);
#11831 = AXIS2_PLACEMENT_3D('',#11832,#11833,#11834);
#11832 = CARTESIAN_POINT('',(42.235691667317,99.910691667317,
    29.277268606293));
#11833 = DIRECTION('',(2.18096961523E-02,2.18096961523E-02,
    -0.999524223972));
#11834 = DIRECTION('',(8.879995263417E-15,0.99976202708,
    2.181488503456E-02));
#11835 = PCURVE('',#11760,#11836);
#11836 = DEFINITIONAL_REPRESENTATION('',(#11837),#11841);
#11837 = LINE('',#11838,#11839);
#11838 = CARTESIAN_POINT('',(7.068345525963,27.418317767623));
#11839 = VECTOR('',#11840,1.);
#11840 = DIRECTION('',(-1.,-2.26E-15));
#11841 = ( GEOMETRIC_REPRESENTATION_CONTEXT(2) 
PARAMETRIC_REPRESENTATION_CONTEXT() REPRESENTATION_CONTEXT('2D SPACE',''
  ) );
#11842 = PCURVE('',#6824,#11843);
#11843 = DEFINITIONAL_REPRESENTATION('',(#11844),#11847);
#11844 = B_SPLINE_CURVE_WITH_KNOTS('',1,(#11845,#11846),.UNSPECIFIED.,
  .F.,.F.,(2,2),(0.,1.570320437568),.PIECEWISE_BEZIER_KNOTS.);
#11845 = CARTESIAN_POINT('',(1.,1.548979711145));
#11846 = CARTESIAN_POINT('',(-1.9E-15,1.548979711145));
#11847 = ( GEOMETRIC_REPRESENTATION_CONTEXT(2) 
PARAMETRIC_REPRESENTATION_CONTEXT() REPRESENTATION_CONTEXT('2D SPACE',''
  ) );
#11848 = ORIENTED_EDGE('',*,*,#11849,.T.);
#11849 = EDGE_CURVE('',#11827,#11749,#11850,.T.);
#11850 = SURFACE_CURVE('',#11851,(#11855,#11862),.PCURVE_S1.);
#11851 = LINE('',#11852,#11853);
#11852 = CARTESIAN_POINT('',(44.833200900995,100.50867684683,
    1.915625587052));
#11853 = VECTOR('',#11854,1.);
#11854 = DIRECTION('',(2.180969615229E-02,2.180969615229E-02,
    -0.999524223972));
#11855 = PCURVE('',#11760,#11856);
#11856 = DEFINITIONAL_REPRESENTATION('',(#11857),#11861);
#11857 = LINE('',#11858,#11859);
#11858 = CARTESIAN_POINT('',(5.498025088396,7.11E-15));
#11859 = VECTOR('',#11860,1.);
#11860 = DIRECTION('',(3.E-17,-1.));
#11861 = ( GEOMETRIC_REPRESENTATION_CONTEXT(2) 
PARAMETRIC_REPRESENTATION_CONTEXT() REPRESENTATION_CONTEXT('2D SPACE',''
  ) );
#11862 = PCURVE('',#2800,#11863);
#11863 = DEFINITIONAL_REPRESENTATION('',(#11864),#11868);
#11864 = LINE('',#11865,#11866);
#11865 = CARTESIAN_POINT('',(-2.041323153164,1.916081562577));
#11866 = VECTOR('',#11867,1.);
#11867 = DIRECTION('',(2.180969615229E-02,-0.999762140288));
#11868 = ( GEOMETRIC_REPRESENTATION_CONTEXT(2) 
PARAMETRIC_REPRESENTATION_CONTEXT() REPRESENTATION_CONTEXT('2D SPACE',''
  ) );
#11869 = ADVANCED_FACE('',(#11870),#6871,.T.);
#11870 = FACE_BOUND('',#11871,.T.);
#11871 = EDGE_LOOP('',(#11872,#11873,#11874,#11875));
#11872 = ORIENTED_EDGE('',*,*,#9351,.T.);
#11873 = ORIENTED_EDGE('',*,*,#6857,.F.);
#11874 = ORIENTED_EDGE('',*,*,#11805,.F.);
#11875 = ORIENTED_EDGE('',*,*,#11876,.T.);
#11876 = EDGE_CURVE('',#11751,#2458,#11877,.T.);
#11877 = SURFACE_CURVE('',#11878,(#11882,#11889),.PCURVE_S1.);
#11878 = LINE('',#11879,#11880);
#11879 = CARTESIAN_POINT('',(-6.25E-02,102.55,0.));
#11880 = VECTOR('',#11881,1.);
#11881 = DIRECTION('',(-1.,0.,0.));
#11882 = PCURVE('',#6871,#11883);
#11883 = DEFINITIONAL_REPRESENTATION('',(#11884),#11888);
#11884 = LINE('',#11885,#11886);
#11885 = CARTESIAN_POINT('',(-134.8125,0.));
#11886 = VECTOR('',#11887,1.);
#11887 = DIRECTION('',(1.,0.));
#11888 = ( GEOMETRIC_REPRESENTATION_CONTEXT(2) 
PARAMETRIC_REPRESENTATION_CONTEXT() REPRESENTATION_CONTEXT('2D SPACE',''
  ) );
#11889 = PCURVE('',#2501,#11890);
#11890 = DEFINITIONAL_REPRESENTATION('',(#11891),#11895);
#11891 = LINE('',#11892,#11893);
#11892 = CARTESIAN_POINT('',(-44.9375,103.925));
#11893 = VECTOR('',#11894,1.);
#11894 = DIRECTION('',(1.,0.));
#11895 = ( GEOMETRIC_REPRESENTATION_CONTEXT(2) 
PARAMETRIC_REPRESENTATION_CONTEXT() REPRESENTATION_CONTEXT('2D SPACE',''
  ) );
#11896 = ADVANCED_FACE('',(#11897),#4840,.T.);
#11897 = FACE_BOUND('',#11898,.T.);
#11898 = EDGE_LOOP('',(#11899,#11900,#11901,#11902));
#11899 = ORIENTED_EDGE('',*,*,#10671,.F.);
#11900 = ORIENTED_EDGE('',*,*,#9069,.T.);
#11901 = ORIENTED_EDGE('',*,*,#4823,.T.);
#11902 = ORIENTED_EDGE('',*,*,#11903,.T.);
#11903 = EDGE_CURVE('',#4824,#10672,#11904,.T.);
#11904 = SURFACE_CURVE('',#11905,(#11909,#11916),.PCURVE_S1.);
#11905 = LINE('',#11906,#11907);
#11906 = CARTESIAN_POINT('',(6.25E-02,101.91021572147,29.320898376362));
#11907 = VECTOR('',#11908,1.);
#11908 = DIRECTION('',(-1.,0.,0.));
#11909 = PCURVE('',#4840,#11910);
#11910 = DEFINITIONAL_REPRESENTATION('',(#11911),#11915);
#11911 = LINE('',#11912,#11913);
#11912 = CARTESIAN_POINT('',(7.057675162752,0.));
#11913 = VECTOR('',#11914,1.);
#11914 = DIRECTION('',(0.,1.));
#11915 = ( GEOMETRIC_REPRESENTATION_CONTEXT(2) 
PARAMETRIC_REPRESENTATION_CONTEXT() REPRESENTATION_CONTEXT('2D SPACE',''
  ) );
#11916 = PCURVE('',#9338,#11917);
#11917 = DEFINITIONAL_REPRESENTATION('',(#11918),#11922);
#11918 = LINE('',#11919,#11920);
#11919 = CARTESIAN_POINT('',(-44.9375,29.327877617039));
#11920 = VECTOR('',#11921,1.);
#11921 = DIRECTION('',(1.,0.));
#11922 = ( GEOMETRIC_REPRESENTATION_CONTEXT(2) 
PARAMETRIC_REPRESENTATION_CONTEXT() REPRESENTATION_CONTEXT('2D SPACE',''
  ) );
#11923 = ADVANCED_FACE('',(#11924),#7443,.F.);
#11924 = FACE_BOUND('',#11925,.T.);
#11925 = EDGE_LOOP('',(#11926,#11949,#11950,#11951));
#11926 = ORIENTED_EDGE('',*,*,#11927,.F.);
#11927 = EDGE_CURVE('',#7352,#11928,#11930,.T.);
#11928 = VERTEX_POINT('',#11929);
#11929 = CARTESIAN_POINT('',(-40.55,97.45,27.902633583067));
#11930 = SURFACE_CURVE('',#11931,(#11935,#11942),.PCURVE_S1.);
#11931 = LINE('',#11932,#11933);
#11932 = CARTESIAN_POINT('',(-41.05808609438,97.45,27.902633583067));
#11933 = VECTOR('',#11934,1.);
#11934 = DIRECTION('',(1.,0.,0.));
#11935 = PCURVE('',#7443,#11936);
#11936 = DEFINITIONAL_REPRESENTATION('',(#11937),#11941);
#11937 = LINE('',#11938,#11939);
#11938 = CARTESIAN_POINT('',(-8.08609438451E-03,1.597366416933));
#11939 = VECTOR('',#11940,1.);
#11940 = DIRECTION('',(1.,0.));
#11941 = ( GEOMETRIC_REPRESENTATION_CONTEXT(2) 
PARAMETRIC_REPRESENTATION_CONTEXT() REPRESENTATION_CONTEXT('2D SPACE',''
  ) );
#11942 = PCURVE('',#7367,#11943);
#11943 = DEFINITIONAL_REPRESENTATION('',(#11944),#11948);
#11944 = LINE('',#11945,#11946);
#11945 = CARTESIAN_POINT('',(8.086094384396E-03,197.25));
#11946 = VECTOR('',#11947,1.);
#11947 = DIRECTION('',(1.,0.));
#11948 = ( GEOMETRIC_REPRESENTATION_CONTEXT(2) 
PARAMETRIC_REPRESENTATION_CONTEXT() REPRESENTATION_CONTEXT('2D SPACE',''
  ) );
#11949 = ORIENTED_EDGE('',*,*,#7429,.T.);
#11950 = ORIENTED_EDGE('',*,*,#11482,.T.);
#11951 = ORIENTED_EDGE('',*,*,#11952,.F.);
#11952 = EDGE_CURVE('',#11928,#11460,#11953,.T.);
#11953 = SURFACE_CURVE('',#11954,(#11958,#11965),.PCURVE_S1.);
#11954 = LINE('',#11955,#11956);
#11955 = CARTESIAN_POINT('',(-40.55,97.45,29.5));
#11956 = VECTOR('',#11957,1.);
#11957 = DIRECTION('',(0.,0.,-1.));
#11958 = PCURVE('',#7443,#11959);
#11959 = DEFINITIONAL_REPRESENTATION('',(#11960),#11964);
#11960 = LINE('',#11961,#11962);
#11961 = CARTESIAN_POINT('',(0.5,0.));
#11962 = VECTOR('',#11963,1.);
#11963 = DIRECTION('',(0.,1.));
#11964 = ( GEOMETRIC_REPRESENTATION_CONTEXT(2) 
PARAMETRIC_REPRESENTATION_CONTEXT() REPRESENTATION_CONTEXT('2D SPACE',''
  ) );
#11965 = PCURVE('',#1053,#11966);
#11966 = DEFINITIONAL_REPRESENTATION('',(#11967),#11971);
#11967 = LINE('',#11968,#11969);
#11968 = CARTESIAN_POINT('',(196.49898837435,0.));
#11969 = VECTOR('',#11970,1.);
#11970 = DIRECTION('',(0.,1.));
#11971 = ( GEOMETRIC_REPRESENTATION_CONTEXT(2) 
PARAMETRIC_REPRESENTATION_CONTEXT() REPRESENTATION_CONTEXT('2D SPACE',''
  ) );
#11972 = ADVANCED_FACE('',(#11973),#7549,.F.);
#11973 = FACE_BOUND('',#11974,.F.);
#11974 = EDGE_LOOP('',(#11975,#11996,#11997,#12021));
#11975 = ORIENTED_EDGE('',*,*,#11976,.F.);
#11976 = EDGE_CURVE('',#7510,#9014,#11977,.T.);
#11977 = SURFACE_CURVE('',#11978,(#11983,#11990),.PCURVE_S1.);
#11978 = ELLIPSE('',#11979,3.250114448895,3.25);
#11979 = AXIS2_PLACEMENT_3D('',#11980,#11981,#11982);
#11980 = CARTESIAN_POINT('',(-42.23628667042,-98.66098913346,29.25));
#11981 = DIRECTION('',(-0.999964786195,4.8E-16,8.392042020847E-03));
#11982 = DIRECTION('',(8.392042020847E-03,5.466E-14,0.999964786195));
#11983 = PCURVE('',#7549,#11984);
#11984 = DEFINITIONAL_REPRESENTATION('',(#11985),#11989);
#11985 = LINE('',#11986,#11987);
#11986 = CARTESIAN_POINT('',(1.,6.28318530718));
#11987 = VECTOR('',#11988,1.);
#11988 = DIRECTION('',(2.65E-15,-1.));
#11989 = ( GEOMETRIC_REPRESENTATION_CONTEXT(2) 
PARAMETRIC_REPRESENTATION_CONTEXT() REPRESENTATION_CONTEXT('2D SPACE',''
  ) );
#11990 = PCURVE('',#9029,#11991);
#11991 = DEFINITIONAL_REPRESENTATION('',(#11992),#11995);
#11992 = B_SPLINE_CURVE_WITH_KNOTS('',1,(#11993,#11994),.UNSPECIFIED.,
  .F.,.F.,(2,2),(4.734205596035,6.28318530718),
  .PIECEWISE_BEZIER_KNOTS.);
#11993 = CARTESIAN_POINT('',(-0.774489855572,132.17319166731));
#11994 = CARTESIAN_POINT('',(0.774489855573,132.14651157339));
#11995 = ( GEOMETRIC_REPRESENTATION_CONTEXT(2) 
PARAMETRIC_REPRESENTATION_CONTEXT() REPRESENTATION_CONTEXT('2D SPACE',''
  ) );
#11996 = ORIENTED_EDGE('',*,*,#7532,.T.);
#11997 = ORIENTED_EDGE('',*,*,#11998,.F.);
#11998 = EDGE_CURVE('',#11999,#7533,#12001,.T.);
#11999 = VERTEX_POINT('',#12000);
#12000 = CARTESIAN_POINT('',(-44.20853562755,-98.66098913346,
    30.543629770069));
#12001 = SURFACE_CURVE('',#12002,(#12007,#12014),.PCURVE_S1.);
#12002 = ELLIPSE('',#12003,1.250297536956,1.25);
#12003 = AXIS2_PLACEMENT_3D('',#12004,#12005,#12006);
#12004 = CARTESIAN_POINT('',(-44.23581072458,-98.66098913346,
    29.293629770069));
#12005 = DIRECTION('',(0.99976202708,9.E-17,-2.181488503456E-02));
#12006 = DIRECTION('',(2.181488503456E-02,5.666E-14,0.99976202708));
#12007 = PCURVE('',#7549,#12008);
#12008 = DEFINITIONAL_REPRESENTATION('',(#12009),#12013);
#12009 = LINE('',#12010,#12011);
#12010 = CARTESIAN_POINT('',(-9.4E-16,-3.53E-15));
#12011 = VECTOR('',#12012,1.);
#12012 = DIRECTION('',(2.21E-14,1.));
#12013 = ( GEOMETRIC_REPRESENTATION_CONTEXT(2) 
PARAMETRIC_REPRESENTATION_CONTEXT() REPRESENTATION_CONTEXT('2D SPACE',''
  ) );
#12014 = PCURVE('',#941,#12015);
#12015 = DEFINITIONAL_REPRESENTATION('',(#12016),#12020);
#12016 = ELLIPSE('',#12017,1.250297536956,1.25);
#12017 = AXIS2_PLACEMENT_2D('',#12018,#12019);
#12018 = CARTESIAN_POINT('',(-201.2109891334,29.300602520011));
#12019 = DIRECTION('',(5.665803666035E-14,1.));
#12020 = ( GEOMETRIC_REPRESENTATION_CONTEXT(2) 
PARAMETRIC_REPRESENTATION_CONTEXT() REPRESENTATION_CONTEXT('2D SPACE',''
  ) );
#12021 = ORIENTED_EDGE('',*,*,#12022,.T.);
#12022 = EDGE_CURVE('',#11999,#9014,#12023,.T.);
#12023 = SURFACE_CURVE('',#12024,(#12029,#12035),.PCURVE_S1.);
#12024 = CIRCLE('',#12025,2.);
#12025 = AXIS2_PLACEMENT_3D('',#12026,#12027,#12028);
#12026 = CARTESIAN_POINT('',(-42.20901157339,-98.66098913346,30.5));
#12027 = DIRECTION('',(0.,1.,-0.));
#12028 = DIRECTION('',(-0.99976202708,0.,2.181488503456E-02));
#12029 = PCURVE('',#7549,#12030);
#12030 = DEFINITIONAL_REPRESENTATION('',(#12031),#12034);
#12031 = B_SPLINE_CURVE_WITH_KNOTS('',1,(#12032,#12033),.UNSPECIFIED.,
  .F.,.F.,(2,2),(0.,1.548979711145),.PIECEWISE_BEZIER_KNOTS.);
#12032 = CARTESIAN_POINT('',(8.03E-15,5.332E-14));
#12033 = CARTESIAN_POINT('',(1.,5.035E-14));
#12034 = ( GEOMETRIC_REPRESENTATION_CONTEXT(2) 
PARAMETRIC_REPRESENTATION_CONTEXT() REPRESENTATION_CONTEXT('2D SPACE',''
  ) );
#12035 = PCURVE('',#9057,#12036);
#12036 = DEFINITIONAL_REPRESENTATION('',(#12037),#12041);
#12037 = LINE('',#12038,#12039);
#12038 = CARTESIAN_POINT('',(0.774489855572,149.93598913346));
#12039 = VECTOR('',#12040,1.);
#12040 = DIRECTION('',(-1.,0.));
#12041 = ( GEOMETRIC_REPRESENTATION_CONTEXT(2) 
PARAMETRIC_REPRESENTATION_CONTEXT() REPRESENTATION_CONTEXT('2D SPACE',''
  ) );
#12042 = ADVANCED_FACE('',(#12043),#5630,.T.);
#12043 = FACE_BOUND('',#12044,.T.);
#12044 = EDGE_LOOP('',(#12045,#12068,#12089,#12090));
#12045 = ORIENTED_EDGE('',*,*,#12046,.T.);
#12046 = EDGE_CURVE('',#12047,#6786,#12049,.T.);
#12047 = VERTEX_POINT('',#12048);
#12048 = CARTESIAN_POINT('',(44.208535627555,98.660989133467,
    30.543629770069));
#12049 = SURFACE_CURVE('',#12050,(#12055,#12062),.PCURVE_S1.);
#12050 = CIRCLE('',#12051,2.);
#12051 = AXIS2_PLACEMENT_3D('',#12052,#12053,#12054);
#12052 = CARTESIAN_POINT('',(42.209011573395,98.660989133467,30.5));
#12053 = DIRECTION('',(0.,-1.,0.));
#12054 = DIRECTION('',(0.99976202708,0.,2.181488503456E-02));
#12055 = PCURVE('',#5630,#12056);
#12056 = DEFINITIONAL_REPRESENTATION('',(#12057),#12061);
#12057 = LINE('',#12058,#12059);
#12058 = CARTESIAN_POINT('',(5.508695451607,-47.38598913346));
#12059 = VECTOR('',#12060,1.);
#12060 = DIRECTION('',(1.,0.));
#12061 = ( GEOMETRIC_REPRESENTATION_CONTEXT(2) 
PARAMETRIC_REPRESENTATION_CONTEXT() REPRESENTATION_CONTEXT('2D SPACE',''
  ) );
#12062 = PCURVE('',#6824,#12063);
#12063 = DEFINITIONAL_REPRESENTATION('',(#12064),#12067);
#12064 = B_SPLINE_CURVE_WITH_KNOTS('',1,(#12065,#12066),.UNSPECIFIED.,
  .F.,.F.,(2,2),(0.,1.548979711145),.PIECEWISE_BEZIER_KNOTS.);
#12065 = CARTESIAN_POINT('',(7.57E-15,3.996E-14));
#12066 = CARTESIAN_POINT('',(1.,5.057E-14));
#12067 = ( GEOMETRIC_REPRESENTATION_CONTEXT(2) 
PARAMETRIC_REPRESENTATION_CONTEXT() REPRESENTATION_CONTEXT('2D SPACE',''
  ) );
#12068 = ORIENTED_EDGE('',*,*,#12069,.T.);
#12069 = EDGE_CURVE('',#6786,#5594,#12070,.T.);
#12070 = SURFACE_CURVE('',#12071,(#12075,#12082),.PCURVE_S1.);
#12071 = LINE('',#12072,#12073);
#12072 = CARTESIAN_POINT('',(42.209011573395,51.275,32.5));
#12073 = VECTOR('',#12074,1.);
#12074 = DIRECTION('',(-9.E-17,-1.,0.));
#12075 = PCURVE('',#5630,#12076);
#12076 = DEFINITIONAL_REPRESENTATION('',(#12077),#12081);
#12077 = LINE('',#12078,#12079);
#12078 = CARTESIAN_POINT('',(7.057675162752,-7.11E-15));
#12079 = VECTOR('',#12080,1.);
#12080 = DIRECTION('',(-3.E-17,1.));
#12081 = ( GEOMETRIC_REPRESENTATION_CONTEXT(2) 
PARAMETRIC_REPRESENTATION_CONTEXT() REPRESENTATION_CONTEXT('2D SPACE',''
  ) );
#12082 = PCURVE('',#4287,#12083);
#12083 = DEFINITIONAL_REPRESENTATION('',(#12084),#12088);
#12084 = LINE('',#12085,#12086);
#12085 = CARTESIAN_POINT('',(-87.20901157339,51.275));
#12086 = VECTOR('',#12087,1.);
#12087 = DIRECTION('',(9.E-17,-1.));
#12088 = ( GEOMETRIC_REPRESENTATION_CONTEXT(2) 
PARAMETRIC_REPRESENTATION_CONTEXT() REPRESENTATION_CONTEXT('2D SPACE',''
  ) );
#12089 = ORIENTED_EDGE('',*,*,#5616,.T.);
#12090 = ORIENTED_EDGE('',*,*,#12091,.T.);
#12091 = EDGE_CURVE('',#5519,#12047,#12092,.T.);
#12092 = SURFACE_CURVE('',#12093,(#12097,#12104),.PCURVE_S1.);
#12093 = LINE('',#12094,#12095);
#12094 = CARTESIAN_POINT('',(44.208535627555,51.275,30.543629770069));
#12095 = VECTOR('',#12096,1.);
#12096 = DIRECTION('',(9.E-17,1.,0.));
#12097 = PCURVE('',#5630,#12098);
#12098 = DEFINITIONAL_REPRESENTATION('',(#12099),#12103);
#12099 = LINE('',#12100,#12101);
#12100 = CARTESIAN_POINT('',(5.508695451607,0.));
#12101 = VECTOR('',#12102,1.);
#12102 = DIRECTION('',(-1.E-17,-1.));
#12103 = ( GEOMETRIC_REPRESENTATION_CONTEXT(2) 
PARAMETRIC_REPRESENTATION_CONTEXT() REPRESENTATION_CONTEXT('2D SPACE',''
  ) );
#12104 = PCURVE('',#2800,#12105);
#12105 = DEFINITIONAL_REPRESENTATION('',(#12106),#12110);
#12106 = LINE('',#12107,#12108);
#12107 = CARTESIAN_POINT('',(-51.275,30.550900056967));
#12108 = VECTOR('',#12109,1.);
#12109 = DIRECTION('',(1.,-4.843036725388E-35));
#12110 = ( GEOMETRIC_REPRESENTATION_CONTEXT(2) 
PARAMETRIC_REPRESENTATION_CONTEXT() REPRESENTATION_CONTEXT('2D SPACE',''
  ) );
#12111 = ADVANCED_FACE('',(#12112),#3580,.F.);
#12112 = FACE_BOUND('',#12113,.T.);
#12113 = EDGE_LOOP('',(#12114,#12115,#12116,#12117));
#12114 = ORIENTED_EDGE('',*,*,#3566,.T.);
#12115 = ORIENTED_EDGE('',*,*,#11367,.F.);
#12116 = ORIENTED_EDGE('',*,*,#5998,.T.);
#12117 = ORIENTED_EDGE('',*,*,#12118,.T.);
#12118 = EDGE_CURVE('',#5976,#3488,#12119,.T.);
#12119 = SURFACE_CURVE('',#12120,(#12124,#12131),.PCURVE_S1.);
#12120 = LINE('',#12121,#12122);
#12121 = CARTESIAN_POINT('',(-24.2,97.655296084497,29.5));
#12122 = VECTOR('',#12123,1.);
#12123 = DIRECTION('',(-1.,0.,0.));
#12124 = PCURVE('',#3580,#12125);
#12125 = DEFINITIONAL_REPRESENTATION('',(#12126),#12130);
#12126 = LINE('',#12127,#12128);
#12127 = CARTESIAN_POINT('',(-20.675,29.599757202052));
#12128 = VECTOR('',#12129,1.);
#12129 = DIRECTION('',(1.,0.));
#12130 = ( GEOMETRIC_REPRESENTATION_CONTEXT(2) 
PARAMETRIC_REPRESENTATION_CONTEXT() REPRESENTATION_CONTEXT('2D SPACE',''
  ) );
#12131 = PCURVE('',#275,#12132);
#12132 = DEFINITIONAL_REPRESENTATION('',(#12133),#12137);
#12133 = LINE('',#12134,#12135);
#12134 = CARTESIAN_POINT('',(-69.2,-97.65529608449));
#12135 = VECTOR('',#12136,1.);
#12136 = DIRECTION('',(-1.,0.));
#12137 = ( GEOMETRIC_REPRESENTATION_CONTEXT(2) 
PARAMETRIC_REPRESENTATION_CONTEXT() REPRESENTATION_CONTEXT('2D SPACE',''
  ) );
#12138 = ADVANCED_FACE('',(#12139),#8076,.T.);
#12139 = FACE_BOUND('',#12140,.T.);
#12140 = EDGE_LOOP('',(#12141,#12142,#12165,#12188));
#12141 = ORIENTED_EDGE('',*,*,#8060,.F.);
#12142 = ORIENTED_EDGE('',*,*,#12143,.F.);
#12143 = EDGE_CURVE('',#12144,#8033,#12146,.T.);
#12144 = VERTEX_POINT('',#12145);
#12145 = CARTESIAN_POINT('',(26.25,96.79898837435,1.1E-14));
#12146 = SURFACE_CURVE('',#12147,(#12151,#12158),.PCURVE_S1.);
#12147 = LINE('',#12148,#12149);
#12148 = CARTESIAN_POINT('',(26.25,96.79898837435,1.051E-14));
#12149 = VECTOR('',#12150,1.);
#12150 = DIRECTION('',(0.,-2.181488503456E-02,0.99976202708));
#12151 = PCURVE('',#8076,#12152);
#12152 = DEFINITIONAL_REPRESENTATION('',(#12153),#12157);
#12153 = LINE('',#12154,#12155);
#12154 = CARTESIAN_POINT('',(14.753510936079,-1.75));
#12155 = VECTOR('',#12156,1.);
#12156 = DIRECTION('',(-1.,-4.092215945834E-30));
#12157 = ( GEOMETRIC_REPRESENTATION_CONTEXT(2) 
PARAMETRIC_REPRESENTATION_CONTEXT() REPRESENTATION_CONTEXT('2D SPACE',''
  ) );
#12158 = PCURVE('',#8048,#12159);
#12159 = DEFINITIONAL_REPRESENTATION('',(#12160),#12164);
#12160 = LINE('',#12161,#12162);
#12161 = CARTESIAN_POINT('',(14.75,1.5));
#12162 = VECTOR('',#12163,1.);
#12163 = DIRECTION('',(-0.99976202708,2.181488503456E-02));
#12164 = ( GEOMETRIC_REPRESENTATION_CONTEXT(2) 
PARAMETRIC_REPRESENTATION_CONTEXT() REPRESENTATION_CONTEXT('2D SPACE',''
  ) );
#12165 = ORIENTED_EDGE('',*,*,#12166,.F.);
#12166 = EDGE_CURVE('',#12167,#12144,#12169,.T.);
#12167 = VERTEX_POINT('',#12168);
#12168 = CARTESIAN_POINT('',(28.,96.79898837435,1.1E-14));
#12169 = SURFACE_CURVE('',#12170,(#12174,#12181),.PCURVE_S1.);
#12170 = LINE('',#12171,#12172);
#12171 = CARTESIAN_POINT('',(28.,96.79898837435,1.051E-14));
#12172 = VECTOR('',#12173,1.);
#12173 = DIRECTION('',(-1.,0.,0.));
#12174 = PCURVE('',#8076,#12175);
#12175 = DEFINITIONAL_REPRESENTATION('',(#12176),#12180);
#12176 = LINE('',#12177,#12178);
#12177 = CARTESIAN_POINT('',(14.753510936079,-9.947598300641E-14));
#12178 = VECTOR('',#12179,1.);
#12179 = DIRECTION('',(0.,-1.));
#12180 = ( GEOMETRIC_REPRESENTATION_CONTEXT(2) 
PARAMETRIC_REPRESENTATION_CONTEXT() REPRESENTATION_CONTEXT('2D SPACE',''
  ) );
#12181 = PCURVE('',#2501,#12182);
#12182 = DEFINITIONAL_REPRESENTATION('',(#12183),#12187);
#12183 = LINE('',#12184,#12185);
#12184 = CARTESIAN_POINT('',(-73.,98.17398837435));
#12185 = VECTOR('',#12186,1.);
#12186 = DIRECTION('',(1.,0.));
#12187 = ( GEOMETRIC_REPRESENTATION_CONTEXT(2) 
PARAMETRIC_REPRESENTATION_CONTEXT() REPRESENTATION_CONTEXT('2D SPACE',''
  ) );
#12188 = ORIENTED_EDGE('',*,*,#12189,.T.);
#12189 = EDGE_CURVE('',#12167,#8061,#12190,.T.);
#12190 = SURFACE_CURVE('',#12191,(#12195,#12202),.PCURVE_S1.);
#12191 = LINE('',#12192,#12193);
#12192 = CARTESIAN_POINT('',(28.,96.79898837435,1.051E-14));
#12193 = VECTOR('',#12194,1.);
#12194 = DIRECTION('',(0.,-2.181488503456E-02,0.99976202708));
#12195 = PCURVE('',#8076,#12196);
#12196 = DEFINITIONAL_REPRESENTATION('',(#12197),#12201);
#12197 = LINE('',#12198,#12199);
#12198 = CARTESIAN_POINT('',(14.753510936079,-9.947598300641E-14));
#12199 = VECTOR('',#12200,1.);
#12200 = DIRECTION('',(-1.,-4.092215945834E-30));
#12201 = ( GEOMETRIC_REPRESENTATION_CONTEXT(2) 
PARAMETRIC_REPRESENTATION_CONTEXT() REPRESENTATION_CONTEXT('2D SPACE',''
  ) );
#12202 = PCURVE('',#8104,#12203);
#12203 = DEFINITIONAL_REPRESENTATION('',(#12204),#12208);
#12204 = LINE('',#12205,#12206);
#12205 = CARTESIAN_POINT('',(-14.75,1.5));
#12206 = VECTOR('',#12207,1.);
#12207 = DIRECTION('',(0.99976202708,2.181488503456E-02));
#12208 = ( GEOMETRIC_REPRESENTATION_CONTEXT(2) 
PARAMETRIC_REPRESENTATION_CONTEXT() REPRESENTATION_CONTEXT('2D SPACE',''
  ) );
#12209 = ADVANCED_FACE('',(#12210),#7393,.F.);
#12210 = FACE_BOUND('',#12211,.T.);
#12211 = EDGE_LOOP('',(#12212,#12213,#12236,#12259));
#12212 = ORIENTED_EDGE('',*,*,#7379,.T.);
#12213 = ORIENTED_EDGE('',*,*,#12214,.F.);
#12214 = EDGE_CURVE('',#12215,#7350,#12217,.T.);
#12215 = VERTEX_POINT('',#12216);
#12216 = CARTESIAN_POINT('',(-41.06617218876,-97.46245932745,
    27.902633583067));
#12217 = SURFACE_CURVE('',#12218,(#12222,#12229),.PCURVE_S1.);
#12218 = LINE('',#12219,#12220);
#12219 = CARTESIAN_POINT('',(-41.06617218876,-99.8,27.902633583067));
#12220 = VECTOR('',#12221,1.);
#12221 = DIRECTION('',(0.,1.,0.));
#12222 = PCURVE('',#7393,#12223);
#12223 = DEFINITIONAL_REPRESENTATION('',(#12224),#12228);
#12224 = LINE('',#12225,#12226);
#12225 = CARTESIAN_POINT('',(2.606213140169,0.));
#12226 = VECTOR('',#12227,1.);
#12227 = DIRECTION('',(0.,1.));
#12228 = ( GEOMETRIC_REPRESENTATION_CONTEXT(2) 
PARAMETRIC_REPRESENTATION_CONTEXT() REPRESENTATION_CONTEXT('2D SPACE',''
  ) );
#12229 = PCURVE('',#7367,#12230);
#12230 = DEFINITIONAL_REPRESENTATION('',(#12231),#12235);
#12231 = LINE('',#12232,#12233);
#12232 = CARTESIAN_POINT('',(0.,0.));
#12233 = VECTOR('',#12234,1.);
#12234 = DIRECTION('',(0.,1.));
#12235 = ( GEOMETRIC_REPRESENTATION_CONTEXT(2) 
PARAMETRIC_REPRESENTATION_CONTEXT() REPRESENTATION_CONTEXT('2D SPACE',''
  ) );
#12236 = ORIENTED_EDGE('',*,*,#12237,.T.);
#12237 = EDGE_CURVE('',#12215,#12238,#12240,.T.);
#12238 = VERTEX_POINT('',#12239);
#12239 = CARTESIAN_POINT('',(-43.12548456479,-99.04898837435,29.5));
#12240 = SURFACE_CURVE('',#12241,(#12245,#12252),.PCURVE_S1.);
#12241 = LINE('',#12242,#12243);
#12242 = CARTESIAN_POINT('',(-42.50395709495,-98.57015311078,
    29.017893876095));
#12243 = VECTOR('',#12244,1.);
#12244 = DIRECTION('',(-0.674933346593,-0.519980053319,0.523531968276));
#12245 = PCURVE('',#7393,#12246);
#12246 = DEFINITIONAL_REPRESENTATION('',(#12247),#12251);
#12247 = LINE('',#12248,#12249);
#12248 = CARTESIAN_POINT('',(0.78658928957,1.229846889214));
#12249 = VECTOR('',#12250,1.);
#12250 = DIRECTION('',(-0.854178402999,-0.519980053319));
#12251 = ( GEOMETRIC_REPRESENTATION_CONTEXT(2) 
PARAMETRIC_REPRESENTATION_CONTEXT() REPRESENTATION_CONTEXT('2D SPACE',''
  ) );
#12252 = PCURVE('',#997,#12253);
#12253 = DEFINITIONAL_REPRESENTATION('',(#12254),#12258);
#12254 = LINE('',#12255,#12256);
#12255 = CARTESIAN_POINT('',(1.83541118706,0.482106123905));
#12256 = VECTOR('',#12257,1.);
#12257 = DIRECTION('',(0.852006031782,-0.523531968276));
#12258 = ( GEOMETRIC_REPRESENTATION_CONTEXT(2) 
PARAMETRIC_REPRESENTATION_CONTEXT() REPRESENTATION_CONTEXT('2D SPACE',''
  ) );
#12259 = ORIENTED_EDGE('',*,*,#12260,.T.);
#12260 = EDGE_CURVE('',#12238,#5361,#12261,.T.);
#12261 = SURFACE_CURVE('',#12262,(#12266,#12273),.PCURVE_S1.);
#12262 = LINE('',#12263,#12264);
#12263 = CARTESIAN_POINT('',(-43.12548456479,-49.9,29.5));
#12264 = VECTOR('',#12265,1.);
#12265 = DIRECTION('',(0.,1.,0.));
#12266 = PCURVE('',#7393,#12267);
#12267 = DEFINITIONAL_REPRESENTATION('',(#12268),#12272);
#12268 = LINE('',#12269,#12270);
#12269 = CARTESIAN_POINT('',(-8.101426720197E-14,49.9));
#12270 = VECTOR('',#12271,1.);
#12271 = DIRECTION('',(0.,1.));
#12272 = ( GEOMETRIC_REPRESENTATION_CONTEXT(2) 
PARAMETRIC_REPRESENTATION_CONTEXT() REPRESENTATION_CONTEXT('2D SPACE',''
  ) );
#12273 = PCURVE('',#5402,#12274);
#12274 = DEFINITIONAL_REPRESENTATION('',(#12275),#12279);
#12275 = LINE('',#12276,#12277);
#12276 = CARTESIAN_POINT('',(-88.12548456479,-49.9));
#12277 = VECTOR('',#12278,1.);
#12278 = DIRECTION('',(0.,1.));
#12279 = ( GEOMETRIC_REPRESENTATION_CONTEXT(2) 
PARAMETRIC_REPRESENTATION_CONTEXT() REPRESENTATION_CONTEXT('2D SPACE',''
  ) );
#12280 = ADVANCED_FACE('',(#12281),#9057,.T.);
#12281 = FACE_BOUND('',#12282,.T.);
#12282 = EDGE_LOOP('',(#12283,#12284,#12285,#12286));
#12283 = ORIENTED_EDGE('',*,*,#12022,.T.);
#12284 = ORIENTED_EDGE('',*,*,#9041,.T.);
#12285 = ORIENTED_EDGE('',*,*,#10720,.F.);
#12286 = ORIENTED_EDGE('',*,*,#12287,.T.);
#12287 = EDGE_CURVE('',#10721,#11999,#12288,.T.);
#12288 = SURFACE_CURVE('',#12289,(#12293,#12300),.PCURVE_S1.);
#12289 = LINE('',#12290,#12291);
#12290 = CARTESIAN_POINT('',(-44.20853562755,51.275,30.543629770069));
#12291 = VECTOR('',#12292,1.);
#12292 = DIRECTION('',(9.E-17,-1.,0.));
#12293 = PCURVE('',#9057,#12294);
#12294 = DEFINITIONAL_REPRESENTATION('',(#12295),#12299);
#12295 = LINE('',#12296,#12297);
#12296 = CARTESIAN_POINT('',(0.774489855573,-7.11E-15));
#12297 = VECTOR('',#12298,1.);
#12298 = DIRECTION('',(-1.E-17,1.));
#12299 = ( GEOMETRIC_REPRESENTATION_CONTEXT(2) 
PARAMETRIC_REPRESENTATION_CONTEXT() REPRESENTATION_CONTEXT('2D SPACE',''
  ) );
#12300 = PCURVE('',#941,#12301);
#12301 = DEFINITIONAL_REPRESENTATION('',(#12302),#12306);
#12302 = LINE('',#12303,#12304);
#12303 = CARTESIAN_POINT('',(-51.275,30.550900056967));
#12304 = VECTOR('',#12305,1.);
#12305 = DIRECTION('',(-1.,4.843036725388E-35));
#12306 = ( GEOMETRIC_REPRESENTATION_CONTEXT(2) 
PARAMETRIC_REPRESENTATION_CONTEXT() REPRESENTATION_CONTEXT('2D SPACE',''
  ) );
#12307 = ADVANCED_FACE('',(#12308,#12311),#8621,.F.);
#12308 = FACE_BOUND('',#12309,.T.);
#12309 = EDGE_LOOP('',(#12310));
#12310 = ORIENTED_EDGE('',*,*,#10171,.T.);
#12311 = FACE_BOUND('',#12312,.T.);
#12312 = EDGE_LOOP('',(#12313));
#12313 = ORIENTED_EDGE('',*,*,#8606,.T.);
#12314 = ADVANCED_FACE('',(#12315),#1361,.T.);
#12315 = FACE_BOUND('',#12316,.T.);
#12316 = EDGE_LOOP('',(#12317,#12340,#12363,#12384));
#12317 = ORIENTED_EDGE('',*,*,#12318,.F.);
#12318 = EDGE_CURVE('',#12319,#1318,#12321,.T.);
#12319 = VERTEX_POINT('',#12320);
#12320 = CARTESIAN_POINT('',(-24.2,-97.65529608449,29.5));
#12321 = SURFACE_CURVE('',#12322,(#12326,#12333),.PCURVE_S1.);
#12322 = LINE('',#12323,#12324);
#12323 = CARTESIAN_POINT('',(-24.2,-97.65529608449,29.5));
#12324 = VECTOR('',#12325,1.);
#12325 = DIRECTION('',(0.,-2.181488503456E-02,-0.99976202708));
#12326 = PCURVE('',#1361,#12327);
#12327 = DEFINITIONAL_REPRESENTATION('',(#12328),#12332);
#12328 = LINE('',#12329,#12330);
#12329 = CARTESIAN_POINT('',(-14.75,-0.643692289853));
#12330 = VECTOR('',#12331,1.);
#12331 = DIRECTION('',(0.99976202708,2.181488503456E-02));
#12332 = ( GEOMETRIC_REPRESENTATION_CONTEXT(2) 
PARAMETRIC_REPRESENTATION_CONTEXT() REPRESENTATION_CONTEXT('2D SPACE',''
  ) );
#12333 = PCURVE('',#1333,#12334);
#12334 = DEFINITIONAL_REPRESENTATION('',(#12335),#12339);
#12335 = LINE('',#12336,#12337);
#12336 = CARTESIAN_POINT('',(-159.075,29.599757202052));
#12337 = VECTOR('',#12338,1.);
#12338 = DIRECTION('',(0.,-1.));
#12339 = ( GEOMETRIC_REPRESENTATION_CONTEXT(2) 
PARAMETRIC_REPRESENTATION_CONTEXT() REPRESENTATION_CONTEXT('2D SPACE',''
  ) );
#12340 = ORIENTED_EDGE('',*,*,#12341,.F.);
#12341 = EDGE_CURVE('',#12342,#12319,#12344,.T.);
#12342 = VERTEX_POINT('',#12343);
#12343 = CARTESIAN_POINT('',(-24.2,-96.15529608449,29.5));
#12344 = SURFACE_CURVE('',#12345,(#12349,#12356),.PCURVE_S1.);
#12345 = LINE('',#12346,#12347);
#12346 = CARTESIAN_POINT('',(-24.2,-96.15529608449,29.5));
#12347 = VECTOR('',#12348,1.);
#12348 = DIRECTION('',(0.,-1.,0.));
#12349 = PCURVE('',#1361,#12350);
#12350 = DEFINITIONAL_REPRESENTATION('',(#12351),#12355);
#12351 = LINE('',#12352,#12353);
#12352 = CARTESIAN_POINT('',(-14.75,-2.143692289853));
#12353 = VECTOR('',#12354,1.);
#12354 = DIRECTION('',(0.,1.));
#12355 = ( GEOMETRIC_REPRESENTATION_CONTEXT(2) 
PARAMETRIC_REPRESENTATION_CONTEXT() REPRESENTATION_CONTEXT('2D SPACE',''
  ) );
#12356 = PCURVE('',#275,#12357);
#12357 = DEFINITIONAL_REPRESENTATION('',(#12358),#12362);
#12358 = LINE('',#12359,#12360);
#12359 = CARTESIAN_POINT('',(-69.2,96.155296084497));
#12360 = VECTOR('',#12361,1.);
#12361 = DIRECTION('',(0.,1.));
#12362 = ( GEOMETRIC_REPRESENTATION_CONTEXT(2) 
PARAMETRIC_REPRESENTATION_CONTEXT() REPRESENTATION_CONTEXT('2D SPACE',''
  ) );
#12363 = ORIENTED_EDGE('',*,*,#12364,.F.);
#12364 = EDGE_CURVE('',#1346,#12342,#12365,.T.);
#12365 = SURFACE_CURVE('',#12366,(#12370,#12377),.PCURVE_S1.);
#12366 = LINE('',#12367,#12368);
#12367 = CARTESIAN_POINT('',(-24.2,-96.79898837435,1.051E-14));
#12368 = VECTOR('',#12369,1.);
#12369 = DIRECTION('',(0.,2.181488503456E-02,0.99976202708));
#12370 = PCURVE('',#1361,#12371);
#12371 = DEFINITIONAL_REPRESENTATION('',(#12372),#12376);
#12372 = LINE('',#12373,#12374);
#12373 = CARTESIAN_POINT('',(14.75,-1.5));
#12374 = VECTOR('',#12375,1.);
#12375 = DIRECTION('',(-0.99976202708,-2.181488503456E-02));
#12376 = ( GEOMETRIC_REPRESENTATION_CONTEXT(2) 
PARAMETRIC_REPRESENTATION_CONTEXT() REPRESENTATION_CONTEXT('2D SPACE',''
  ) );
#12377 = PCURVE('',#1389,#12378);
#12378 = DEFINITIONAL_REPRESENTATION('',(#12379),#12383);
#12379 = LINE('',#12380,#12381);
#12380 = CARTESIAN_POINT('',(-14.75351093607,9.947598300641E-14));
#12381 = VECTOR('',#12382,1.);
#12382 = DIRECTION('',(1.,4.092215945834E-30));
#12383 = ( GEOMETRIC_REPRESENTATION_CONTEXT(2) 
PARAMETRIC_REPRESENTATION_CONTEXT() REPRESENTATION_CONTEXT('2D SPACE',''
  ) );
#12384 = ORIENTED_EDGE('',*,*,#1345,.F.);
#12385 = ADVANCED_FACE('',(#12386),#6184,.T.);
#12386 = FACE_BOUND('',#12387,.T.);
#12387 = EDGE_LOOP('',(#12388,#12411,#12432,#12433));
#12388 = ORIENTED_EDGE('',*,*,#12389,.T.);
#12389 = EDGE_CURVE('',#6661,#12390,#12392,.T.);
#12390 = VERTEX_POINT('',#12391);
#12391 = CARTESIAN_POINT('',(33.,-99.69898837435,-1.25));
#12392 = SURFACE_CURVE('',#12393,(#12397,#12404),.PCURVE_S1.);
#12393 = LINE('',#12394,#12395);
#12394 = CARTESIAN_POINT('',(33.,-100.8989883743,-1.25));
#12395 = VECTOR('',#12396,1.);
#12396 = DIRECTION('',(0.,1.,0.));
#12397 = PCURVE('',#6184,#12398);
#12398 = DEFINITIONAL_REPRESENTATION('',(#12399),#12403);
#12399 = LINE('',#12400,#12401);
#12400 = CARTESIAN_POINT('',(-1.25,0.));
#12401 = VECTOR('',#12402,1.);
#12402 = DIRECTION('',(0.,-1.));
#12403 = ( GEOMETRIC_REPRESENTATION_CONTEXT(2) 
PARAMETRIC_REPRESENTATION_CONTEXT() REPRESENTATION_CONTEXT('2D SPACE',''
  ) );
#12404 = PCURVE('',#6676,#12405);
#12405 = DEFINITIONAL_REPRESENTATION('',(#12406),#12410);
#12406 = LINE('',#12407,#12408);
#12407 = CARTESIAN_POINT('',(78.,0.6));
#12408 = VECTOR('',#12409,1.);
#12409 = DIRECTION('',(0.,-1.));
#12410 = ( GEOMETRIC_REPRESENTATION_CONTEXT(2) 
PARAMETRIC_REPRESENTATION_CONTEXT() REPRESENTATION_CONTEXT('2D SPACE',''
  ) );
#12411 = ORIENTED_EDGE('',*,*,#12412,.F.);
#12412 = EDGE_CURVE('',#6169,#12390,#12413,.T.);
#12413 = SURFACE_CURVE('',#12414,(#12418,#12425),.PCURVE_S1.);
#12414 = LINE('',#12415,#12416);
#12415 = CARTESIAN_POINT('',(33.,-99.69898837435,1.051E-14));
#12416 = VECTOR('',#12417,1.);
#12417 = DIRECTION('',(0.,0.,-1.));
#12418 = PCURVE('',#6184,#12419);
#12419 = DEFINITIONAL_REPRESENTATION('',(#12420),#12424);
#12420 = LINE('',#12421,#12422);
#12421 = CARTESIAN_POINT('',(0.,-1.2));
#12422 = VECTOR('',#12423,1.);
#12423 = DIRECTION('',(-1.,0.));
#12424 = ( GEOMETRIC_REPRESENTATION_CONTEXT(2) 
PARAMETRIC_REPRESENTATION_CONTEXT() REPRESENTATION_CONTEXT('2D SPACE',''
  ) );
#12425 = PCURVE('',#6212,#12426);
#12426 = DEFINITIONAL_REPRESENTATION('',(#12427),#12431);
#12427 = LINE('',#12428,#12429);
#12428 = CARTESIAN_POINT('',(0.,0.));
#12429 = VECTOR('',#12430,1.);
#12430 = DIRECTION('',(-1.,0.));
#12431 = ( GEOMETRIC_REPRESENTATION_CONTEXT(2) 
PARAMETRIC_REPRESENTATION_CONTEXT() REPRESENTATION_CONTEXT('2D SPACE',''
  ) );
#12432 = ORIENTED_EDGE('',*,*,#6168,.F.);
#12433 = ORIENTED_EDGE('',*,*,#6688,.T.);
#12434 = ADVANCED_FACE('',(#12435),#7829,.F.);
#12435 = FACE_BOUND('',#12436,.F.);
#12436 = EDGE_LOOP('',(#12437,#12458,#12459,#12460));
#12437 = ORIENTED_EDGE('',*,*,#12438,.F.);
#12438 = EDGE_CURVE('',#11292,#260,#12439,.T.);
#12439 = SURFACE_CURVE('',#12440,(#12444,#12451),.PCURVE_S1.);
#12440 = LINE('',#12441,#12442);
#12441 = CARTESIAN_POINT('',(-9.,98.925339942571,-28.70528597869));
#12442 = VECTOR('',#12443,1.);
#12443 = DIRECTION('',(-6.E-17,-2.181488503456E-02,0.99976202708));
#12444 = PCURVE('',#7829,#12445);
#12445 = DEFINITIONAL_REPRESENTATION('',(#12446),#12450);
#12446 = LINE('',#12447,#12448);
#12447 = CARTESIAN_POINT('',(-35.875,-28.61938335553));
#12448 = VECTOR('',#12449,1.);
#12449 = DIRECTION('',(6.E-17,1.));
#12450 = ( GEOMETRIC_REPRESENTATION_CONTEXT(2) 
PARAMETRIC_REPRESENTATION_CONTEXT() REPRESENTATION_CONTEXT('2D SPACE',''
  ) );
#12451 = PCURVE('',#303,#12452);
#12452 = DEFINITIONAL_REPRESENTATION('',(#12453),#12457);
#12453 = LINE('',#12454,#12455);
#12454 = CARTESIAN_POINT('',(-80.875,-28.61938335553));
#12455 = VECTOR('',#12456,1.);
#12456 = DIRECTION('',(6.E-17,1.));
#12457 = ( GEOMETRIC_REPRESENTATION_CONTEXT(2) 
PARAMETRIC_REPRESENTATION_CONTEXT() REPRESENTATION_CONTEXT('2D SPACE',''
  ) );
#12458 = ORIENTED_EDGE('',*,*,#11319,.T.);
#12459 = ORIENTED_EDGE('',*,*,#7815,.F.);
#12460 = ORIENTED_EDGE('',*,*,#12461,.F.);
#12461 = EDGE_CURVE('',#260,#7769,#12462,.T.);
#12462 = SURFACE_CURVE('',#12463,(#12467,#12474),.PCURVE_S1.);
#12463 = LINE('',#12464,#12465);
#12464 = CARTESIAN_POINT('',(108.65,97.655296084497,29.5));
#12465 = VECTOR('',#12466,1.);
#12466 = DIRECTION('',(-1.,0.,0.));
#12467 = PCURVE('',#7829,#12468);
#12468 = DEFINITIONAL_REPRESENTATION('',(#12469),#12473);
#12469 = LINE('',#12470,#12471);
#12470 = CARTESIAN_POINT('',(-153.525,29.599757202052));
#12471 = VECTOR('',#12472,1.);
#12472 = DIRECTION('',(1.,0.));
#12473 = ( GEOMETRIC_REPRESENTATION_CONTEXT(2) 
PARAMETRIC_REPRESENTATION_CONTEXT() REPRESENTATION_CONTEXT('2D SPACE',''
  ) );
#12474 = PCURVE('',#275,#12475);
#12475 = DEFINITIONAL_REPRESENTATION('',(#12476),#12480);
#12476 = LINE('',#12477,#12478);
#12477 = CARTESIAN_POINT('',(63.65,-97.65529608449));
#12478 = VECTOR('',#12479,1.);
#12479 = DIRECTION('',(-1.,0.));
#12480 = ( GEOMETRIC_REPRESENTATION_CONTEXT(2) 
PARAMETRIC_REPRESENTATION_CONTEXT() REPRESENTATION_CONTEXT('2D SPACE',''
  ) );
#12481 = ADVANCED_FACE('',(#12482),#5243,.F.);
#12482 = FACE_BOUND('',#12483,.T.);
#12483 = EDGE_LOOP('',(#12484,#12505,#12506,#12507));
#12484 = ORIENTED_EDGE('',*,*,#12485,.T.);
#12485 = EDGE_CURVE('',#8213,#6343,#12486,.T.);
#12486 = SURFACE_CURVE('',#12487,(#12491,#12498),.PCURVE_S1.);
#12487 = LINE('',#12488,#12489);
#12488 = CARTESIAN_POINT('',(26.25,-97.65529608449,29.5));
#12489 = VECTOR('',#12490,1.);
#12490 = DIRECTION('',(0.,-2.181488503456E-02,-0.99976202708));
#12491 = PCURVE('',#5243,#12492);
#12492 = DEFINITIONAL_REPRESENTATION('',(#12493),#12497);
#12493 = LINE('',#12494,#12495);
#12494 = CARTESIAN_POINT('',(-18.625,29.599757202052));
#12495 = VECTOR('',#12496,1.);
#12496 = DIRECTION('',(0.,-1.));
#12497 = ( GEOMETRIC_REPRESENTATION_CONTEXT(2) 
PARAMETRIC_REPRESENTATION_CONTEXT() REPRESENTATION_CONTEXT('2D SPACE',''
  ) );
#12498 = PCURVE('',#6381,#12499);
#12499 = DEFINITIONAL_REPRESENTATION('',(#12500),#12504);
#12500 = LINE('',#12501,#12502);
#12501 = CARTESIAN_POINT('',(-29.5,-0.643692289853));
#12502 = VECTOR('',#12503,1.);
#12503 = DIRECTION('',(0.99976202708,2.181488503456E-02));
#12504 = ( GEOMETRIC_REPRESENTATION_CONTEXT(2) 
PARAMETRIC_REPRESENTATION_CONTEXT() REPRESENTATION_CONTEXT('2D SPACE',''
  ) );
#12505 = ORIENTED_EDGE('',*,*,#6342,.F.);
#12506 = ORIENTED_EDGE('',*,*,#5227,.T.);
#12507 = ORIENTED_EDGE('',*,*,#8235,.T.);
#12508 = ADVANCED_FACE('',(#12509),#1585,.T.);
#12509 = FACE_BOUND('',#12510,.T.);
#12510 = EDGE_LOOP('',(#12511,#12512,#12513,#12514));
#12511 = ORIENTED_EDGE('',*,*,#9735,.T.);
#12512 = ORIENTED_EDGE('',*,*,#1569,.T.);
#12513 = ORIENTED_EDGE('',*,*,#10385,.T.);
#12514 = ORIENTED_EDGE('',*,*,#6224,.F.);
#12515 = ADVANCED_FACE('',(#12516,#12688,#12691,#12717,#12720),#275,.T.
  );
#12516 = FACE_BOUND('',#12517,.T.);
#12517 = EDGE_LOOP('',(#12518,#12519,#12520,#12521,#12542,#12543,#12544,
    #12567,#12588,#12589,#12610,#12611,#12632,#12633,#12634,#12635,
    #12636,#12657,#12658,#12659,#12660,#12661,#12662,#12683,#12684,
    #12685,#12686,#12687));
#12518 = ORIENTED_EDGE('',*,*,#259,.F.);
#12519 = ORIENTED_EDGE('',*,*,#1974,.F.);
#12520 = ORIENTED_EDGE('',*,*,#8707,.T.);
#12521 = ORIENTED_EDGE('',*,*,#12522,.T.);
#12522 = EDGE_CURVE('',#8708,#9276,#12523,.T.);
#12523 = SURFACE_CURVE('',#12524,(#12528,#12535),.PCURVE_S1.);
#12524 = LINE('',#12525,#12526);
#12525 = CARTESIAN_POINT('',(-18.65,-96.15529608449,29.5));
#12526 = VECTOR('',#12527,1.);
#12527 = DIRECTION('',(-1.,0.,0.));
#12528 = PCURVE('',#275,#12529);
#12529 = DEFINITIONAL_REPRESENTATION('',(#12530),#12534);
#12530 = LINE('',#12531,#12532);
#12531 = CARTESIAN_POINT('',(-63.65,96.155296084497));
#12532 = VECTOR('',#12533,1.);
#12533 = DIRECTION('',(-1.,0.));
#12534 = ( GEOMETRIC_REPRESENTATION_CONTEXT(2) 
PARAMETRIC_REPRESENTATION_CONTEXT() REPRESENTATION_CONTEXT('2D SPACE',''
  ) );
#12535 = PCURVE('',#1501,#12536);
#12536 = DEFINITIONAL_REPRESENTATION('',(#12537),#12541);
#12537 = LINE('',#12538,#12539);
#12538 = CARTESIAN_POINT('',(14.753510936079,1.75));
#12539 = VECTOR('',#12540,1.);
#12540 = DIRECTION('',(0.,-1.));
#12541 = ( GEOMETRIC_REPRESENTATION_CONTEXT(2) 
PARAMETRIC_REPRESENTATION_CONTEXT() REPRESENTATION_CONTEXT('2D SPACE',''
  ) );
#12542 = ORIENTED_EDGE('',*,*,#9275,.T.);
#12543 = ORIENTED_EDGE('',*,*,#8659,.F.);
#12544 = ORIENTED_EDGE('',*,*,#12545,.T.);
#12545 = EDGE_CURVE('',#8637,#12546,#12548,.T.);
#12546 = VERTEX_POINT('',#12547);
#12547 = CARTESIAN_POINT('',(-22.45,-96.15529608449,29.5));
#12548 = SURFACE_CURVE('',#12549,(#12553,#12560),.PCURVE_S1.);
#12549 = LINE('',#12550,#12551);
#12550 = CARTESIAN_POINT('',(-22.45,-97.65529608449,29.5));
#12551 = VECTOR('',#12552,1.);
#12552 = DIRECTION('',(0.,1.,0.));
#12553 = PCURVE('',#275,#12554);
#12554 = DEFINITIONAL_REPRESENTATION('',(#12555),#12559);
#12555 = LINE('',#12556,#12557);
#12556 = CARTESIAN_POINT('',(-67.45,97.655296084497));
#12557 = VECTOR('',#12558,1.);
#12558 = DIRECTION('',(0.,-1.));
#12559 = ( GEOMETRIC_REPRESENTATION_CONTEXT(2) 
PARAMETRIC_REPRESENTATION_CONTEXT() REPRESENTATION_CONTEXT('2D SPACE',''
  ) );
#12560 = PCURVE('',#1417,#12561);
#12561 = DEFINITIONAL_REPRESENTATION('',(#12562),#12566);
#12562 = LINE('',#12563,#12564);
#12563 = CARTESIAN_POINT('',(14.75,-0.643692289853));
#12564 = VECTOR('',#12565,1.);
#12565 = DIRECTION('',(0.,-1.));
#12566 = ( GEOMETRIC_REPRESENTATION_CONTEXT(2) 
PARAMETRIC_REPRESENTATION_CONTEXT() REPRESENTATION_CONTEXT('2D SPACE',''
  ) );
#12567 = ORIENTED_EDGE('',*,*,#12568,.T.);
#12568 = EDGE_CURVE('',#12546,#12342,#12569,.T.);
#12569 = SURFACE_CURVE('',#12570,(#12574,#12581),.PCURVE_S1.);
#12570 = LINE('',#12571,#12572);
#12571 = CARTESIAN_POINT('',(-22.45,-96.15529608449,29.5));
#12572 = VECTOR('',#12573,1.);
#12573 = DIRECTION('',(-1.,0.,0.));
#12574 = PCURVE('',#275,#12575);
#12575 = DEFINITIONAL_REPRESENTATION('',(#12576),#12580);
#12576 = LINE('',#12577,#12578);
#12577 = CARTESIAN_POINT('',(-67.45,96.155296084497));
#12578 = VECTOR('',#12579,1.);
#12579 = DIRECTION('',(-1.,0.));
#12580 = ( GEOMETRIC_REPRESENTATION_CONTEXT(2) 
PARAMETRIC_REPRESENTATION_CONTEXT() REPRESENTATION_CONTEXT('2D SPACE',''
  ) );
#12581 = PCURVE('',#1389,#12582);
#12582 = DEFINITIONAL_REPRESENTATION('',(#12583),#12587);
#12583 = LINE('',#12584,#12585);
#12584 = CARTESIAN_POINT('',(14.753510936079,1.75));
#12585 = VECTOR('',#12586,1.);
#12586 = DIRECTION('',(0.,-1.));
#12587 = ( GEOMETRIC_REPRESENTATION_CONTEXT(2) 
PARAMETRIC_REPRESENTATION_CONTEXT() REPRESENTATION_CONTEXT('2D SPACE',''
  ) );
#12588 = ORIENTED_EDGE('',*,*,#12341,.T.);
#12589 = ORIENTED_EDGE('',*,*,#12590,.F.);
#12590 = EDGE_CURVE('',#6737,#12319,#12591,.T.);
#12591 = SURFACE_CURVE('',#12592,(#12596,#12603),.PCURVE_S1.);
#12592 = LINE('',#12593,#12594);
#12593 = CARTESIAN_POINT('',(-26.25,-97.65529608449,29.5));
#12594 = VECTOR('',#12595,1.);
#12595 = DIRECTION('',(1.,0.,0.));
#12596 = PCURVE('',#275,#12597);
#12597 = DEFINITIONAL_REPRESENTATION('',(#12598),#12602);
#12598 = LINE('',#12599,#12600);
#12599 = CARTESIAN_POINT('',(-71.25,97.655296084497));
#12600 = VECTOR('',#12601,1.);
#12601 = DIRECTION('',(1.,0.));
#12602 = ( GEOMETRIC_REPRESENTATION_CONTEXT(2) 
PARAMETRIC_REPRESENTATION_CONTEXT() REPRESENTATION_CONTEXT('2D SPACE',''
  ) );
#12603 = PCURVE('',#1333,#12604);
#12604 = DEFINITIONAL_REPRESENTATION('',(#12605),#12609);
#12605 = LINE('',#12606,#12607);
#12606 = CARTESIAN_POINT('',(-161.125,29.599757202052));
#12607 = VECTOR('',#12608,1.);
#12608 = DIRECTION('',(1.,0.));
#12609 = ( GEOMETRIC_REPRESENTATION_CONTEXT(2) 
PARAMETRIC_REPRESENTATION_CONTEXT() REPRESENTATION_CONTEXT('2D SPACE',''
  ) );
#12610 = ORIENTED_EDGE('',*,*,#6736,.T.);
#12611 = ORIENTED_EDGE('',*,*,#12612,.T.);
#12612 = EDGE_CURVE('',#6714,#9638,#12613,.T.);
#12613 = SURFACE_CURVE('',#12614,(#12618,#12625),.PCURVE_S1.);
#12614 = LINE('',#12615,#12616);
#12615 = CARTESIAN_POINT('',(-26.25,-96.15529608449,29.5));
#12616 = VECTOR('',#12617,1.);
#12617 = DIRECTION('',(-1.,0.,0.));
#12618 = PCURVE('',#275,#12619);
#12619 = DEFINITIONAL_REPRESENTATION('',(#12620),#12624);
#12620 = LINE('',#12621,#12622);
#12621 = CARTESIAN_POINT('',(-71.25,96.155296084497));
#12622 = VECTOR('',#12623,1.);
#12623 = DIRECTION('',(-1.,0.));
#12624 = ( GEOMETRIC_REPRESENTATION_CONTEXT(2) 
PARAMETRIC_REPRESENTATION_CONTEXT() REPRESENTATION_CONTEXT('2D SPACE',''
  ) );
#12625 = PCURVE('',#1277,#12626);
#12626 = DEFINITIONAL_REPRESENTATION('',(#12627),#12631);
#12627 = LINE('',#12628,#12629);
#12628 = CARTESIAN_POINT('',(14.753510936079,1.75));
#12629 = VECTOR('',#12630,1.);
#12630 = DIRECTION('',(0.,-1.));
#12631 = ( GEOMETRIC_REPRESENTATION_CONTEXT(2) 
PARAMETRIC_REPRESENTATION_CONTEXT() REPRESENTATION_CONTEXT('2D SPACE',''
  ) );
#12632 = ORIENTED_EDGE('',*,*,#9637,.T.);
#12633 = ORIENTED_EDGE('',*,*,#8964,.F.);
#12634 = ORIENTED_EDGE('',*,*,#5716,.F.);
#12635 = ORIENTED_EDGE('',*,*,#3410,.F.);
#12636 = ORIENTED_EDGE('',*,*,#12637,.T.);
#12637 = EDGE_CURVE('',#3378,#3881,#12638,.T.);
#12638 = SURFACE_CURVE('',#12639,(#12643,#12650),.PCURVE_S1.);
#12639 = LINE('',#12640,#12641);
#12640 = CARTESIAN_POINT('',(-28.,97.655296084497,29.5));
#12641 = VECTOR('',#12642,1.);
#12642 = DIRECTION('',(0.,-1.,0.));
#12643 = PCURVE('',#275,#12644);
#12644 = DEFINITIONAL_REPRESENTATION('',(#12645),#12649);
#12645 = LINE('',#12646,#12647);
#12646 = CARTESIAN_POINT('',(-73.,-97.65529608449));
#12647 = VECTOR('',#12648,1.);
#12648 = DIRECTION('',(0.,1.));
#12649 = ( GEOMETRIC_REPRESENTATION_CONTEXT(2) 
PARAMETRIC_REPRESENTATION_CONTEXT() REPRESENTATION_CONTEXT('2D SPACE',''
  ) );
#12650 = PCURVE('',#3398,#12651);
#12651 = DEFINITIONAL_REPRESENTATION('',(#12652),#12656);
#12652 = LINE('',#12653,#12654);
#12653 = CARTESIAN_POINT('',(29.5,0.856307710147));
#12654 = VECTOR('',#12655,1.);
#12655 = DIRECTION('',(0.,-1.));
#12656 = ( GEOMETRIC_REPRESENTATION_CONTEXT(2) 
PARAMETRIC_REPRESENTATION_CONTEXT() REPRESENTATION_CONTEXT('2D SPACE',''
  ) );
#12657 = ORIENTED_EDGE('',*,*,#3880,.T.);
#12658 = ORIENTED_EDGE('',*,*,#3485,.T.);
#12659 = ORIENTED_EDGE('',*,*,#12118,.F.);
#12660 = ORIENTED_EDGE('',*,*,#5975,.T.);
#12661 = ORIENTED_EDGE('',*,*,#716,.T.);
#12662 = ORIENTED_EDGE('',*,*,#12663,.T.);
#12663 = EDGE_CURVE('',#719,#3144,#12664,.T.);
#12664 = SURFACE_CURVE('',#12665,(#12669,#12676),.PCURVE_S1.);
#12665 = LINE('',#12666,#12667);
#12666 = CARTESIAN_POINT('',(-22.45,96.155296084497,29.5));
#12667 = VECTOR('',#12668,1.);
#12668 = DIRECTION('',(0.,1.,0.));
#12669 = PCURVE('',#275,#12670);
#12670 = DEFINITIONAL_REPRESENTATION('',(#12671),#12675);
#12671 = LINE('',#12672,#12673);
#12672 = CARTESIAN_POINT('',(-67.45,-96.15529608449));
#12673 = VECTOR('',#12674,1.);
#12674 = DIRECTION('',(0.,-1.));
#12675 = ( GEOMETRIC_REPRESENTATION_CONTEXT(2) 
PARAMETRIC_REPRESENTATION_CONTEXT() REPRESENTATION_CONTEXT('2D SPACE',''
  ) );
#12676 = PCURVE('',#811,#12677);
#12677 = DEFINITIONAL_REPRESENTATION('',(#12678),#12682);
#12678 = LINE('',#12679,#12680);
#12679 = CARTESIAN_POINT('',(-29.5,-2.143692289853));
#12680 = VECTOR('',#12681,1.);
#12681 = DIRECTION('',(0.,1.));
#12682 = ( GEOMETRIC_REPRESENTATION_CONTEXT(2) 
PARAMETRIC_REPRESENTATION_CONTEXT() REPRESENTATION_CONTEXT('2D SPACE',''
  ) );
#12683 = ORIENTED_EDGE('',*,*,#3219,.F.);
#12684 = ORIENTED_EDGE('',*,*,#10053,.T.);
#12685 = ORIENTED_EDGE('',*,*,#453,.T.);
#12686 = ORIENTED_EDGE('',*,*,#7768,.T.);
#12687 = ORIENTED_EDGE('',*,*,#12461,.F.);
#12688 = FACE_BOUND('',#12689,.T.);
#12689 = EDGE_LOOP('',(#12690));
#12690 = ORIENTED_EDGE('',*,*,#9534,.F.);
#12691 = FACE_BOUND('',#12692,.T.);
#12692 = EDGE_LOOP('',(#12693));
#12693 = ORIENTED_EDGE('',*,*,#12694,.F.);
#12694 = EDGE_CURVE('',#12695,#12695,#12697,.T.);
#12695 = VERTEX_POINT('',#12696);
#12696 = CARTESIAN_POINT('',(-9.575,24.9,29.5));
#12697 = SURFACE_CURVE('',#12698,(#12703,#12710),.PCURVE_S1.);
#12698 = CIRCLE('',#12699,5.5);
#12699 = AXIS2_PLACEMENT_3D('',#12700,#12701,#12702);
#12700 = CARTESIAN_POINT('',(-15.075,24.9,29.5));
#12701 = DIRECTION('',(0.,0.,-1.));
#12702 = DIRECTION('',(1.,0.,0.));
#12703 = PCURVE('',#275,#12704);
#12704 = DEFINITIONAL_REPRESENTATION('',(#12705),#12709);
#12705 = CIRCLE('',#12706,5.5);
#12706 = AXIS2_PLACEMENT_2D('',#12707,#12708);
#12707 = CARTESIAN_POINT('',(-60.075,-24.9));
#12708 = DIRECTION('',(1.,0.));
#12709 = ( GEOMETRIC_REPRESENTATION_CONTEXT(2) 
PARAMETRIC_REPRESENTATION_CONTEXT() REPRESENTATION_CONTEXT('2D SPACE',''
  ) );
#12710 = PCURVE('',#7698,#12711);
#12711 = DEFINITIONAL_REPRESENTATION('',(#12712),#12716);
#12712 = LINE('',#12713,#12714);
#12713 = CARTESIAN_POINT('',(9.424777960769,1.570796326795));
#12714 = VECTOR('',#12715,1.);
#12715 = DIRECTION('',(-1.,0.));
#12716 = ( GEOMETRIC_REPRESENTATION_CONTEXT(2) 
PARAMETRIC_REPRESENTATION_CONTEXT() REPRESENTATION_CONTEXT('2D SPACE',''
  ) );
#12717 = FACE_BOUND('',#12718,.T.);
#12718 = EDGE_LOOP('',(#12719));
#12719 = ORIENTED_EDGE('',*,*,#8916,.F.);
#12720 = FACE_BOUND('',#12721,.T.);
#12721 = EDGE_LOOP('',(#12722));
#12722 = ORIENTED_EDGE('',*,*,#9827,.F.);
#12723 = ADVANCED_FACE('',(#12724),#4973,.T.);
#12724 = FACE_BOUND('',#12725,.T.);
#12725 = EDGE_LOOP('',(#12726,#12749,#12750,#12751));
#12726 = ORIENTED_EDGE('',*,*,#12727,.T.);
#12727 = EDGE_CURVE('',#12728,#4958,#12730,.T.);
#12728 = VERTEX_POINT('',#12729);
#12729 = CARTESIAN_POINT('',(37.15,-96.18801841204,28.00035695938));
#12730 = SURFACE_CURVE('',#12731,(#12735,#12742),.PCURVE_S1.);
#12731 = LINE('',#12732,#12733);
#12732 = CARTESIAN_POINT('',(37.15,-96.18801841204,28.00035695938));
#12733 = VECTOR('',#12734,1.);
#12734 = DIRECTION('',(1.,0.,0.));
#12735 = PCURVE('',#4973,#12736);
#12736 = DEFINITIONAL_REPRESENTATION('',(#12737),#12741);
#12737 = LINE('',#12738,#12739);
#12738 = CARTESIAN_POINT('',(28.007021872158,2.208810534619E-29));
#12739 = VECTOR('',#12740,1.);
#12740 = DIRECTION('',(0.,1.));
#12741 = ( GEOMETRIC_REPRESENTATION_CONTEXT(2) 
PARAMETRIC_REPRESENTATION_CONTEXT() REPRESENTATION_CONTEXT('2D SPACE',''
  ) );
#12742 = PCURVE('',#4787,#12743);
#12743 = DEFINITIONAL_REPRESENTATION('',(#12744),#12748);
#12744 = LINE('',#12745,#12746);
#12745 = CARTESIAN_POINT('',(0.,-1.434555344896));
#12746 = VECTOR('',#12747,1.);
#12747 = DIRECTION('',(1.,0.));
#12748 = ( GEOMETRIC_REPRESENTATION_CONTEXT(2) 
PARAMETRIC_REPRESENTATION_CONTEXT() REPRESENTATION_CONTEXT('2D SPACE',''
  ) );
#12749 = ORIENTED_EDGE('',*,*,#4957,.F.);
#12750 = ORIENTED_EDGE('',*,*,#6467,.F.);
#12751 = ORIENTED_EDGE('',*,*,#12752,.T.);
#12752 = EDGE_CURVE('',#6445,#12728,#12753,.T.);
#12753 = SURFACE_CURVE('',#12754,(#12758,#12765),.PCURVE_S1.);
#12754 = LINE('',#12755,#12756);
#12755 = CARTESIAN_POINT('',(37.15,-96.79898837435,1.051E-14));
#12756 = VECTOR('',#12757,1.);
#12757 = DIRECTION('',(0.,2.181488503456E-02,0.99976202708));
#12758 = PCURVE('',#4973,#12759);
#12759 = DEFINITIONAL_REPRESENTATION('',(#12760),#12764);
#12760 = LINE('',#12761,#12762);
#12761 = CARTESIAN_POINT('',(0.,0.));
#12762 = VECTOR('',#12763,1.);
#12763 = DIRECTION('',(1.,1.203012880462E-29));
#12764 = ( GEOMETRIC_REPRESENTATION_CONTEXT(2) 
PARAMETRIC_REPRESENTATION_CONTEXT() REPRESENTATION_CONTEXT('2D SPACE',''
  ) );
#12765 = PCURVE('',#2582,#12766);
#12766 = DEFINITIONAL_REPRESENTATION('',(#12767),#12771);
#12767 = LINE('',#12768,#12769);
#12768 = CARTESIAN_POINT('',(0.,-1.5));
#12769 = VECTOR('',#12770,1.);
#12770 = DIRECTION('',(-0.99976202708,-2.181488503456E-02));
#12771 = ( GEOMETRIC_REPRESENTATION_CONTEXT(2) 
PARAMETRIC_REPRESENTATION_CONTEXT() REPRESENTATION_CONTEXT('2D SPACE',''
  ) );
#12772 = ADVANCED_FACE('',(#12773),#969,.T.);
#12773 = FACE_BOUND('',#12774,.T.);
#12774 = EDGE_LOOP('',(#12775,#12796,#12797,#12820));
#12775 = ORIENTED_EDGE('',*,*,#12776,.T.);
#12776 = EDGE_CURVE('',#12238,#954,#12777,.T.);
#12777 = SURFACE_CURVE('',#12778,(#12782,#12789),.PCURVE_S1.);
#12778 = LINE('',#12779,#12780);
#12779 = CARTESIAN_POINT('',(-43.12548456479,-99.04898837435,29.5));
#12780 = VECTOR('',#12781,1.);
#12781 = DIRECTION('',(0.,0.,-1.));
#12782 = PCURVE('',#969,#12783);
#12783 = DEFINITIONAL_REPRESENTATION('',(#12784),#12788);
#12784 = LINE('',#12785,#12786);
#12785 = CARTESIAN_POINT('',(4.845647927993E-04,29.5));
#12786 = VECTOR('',#12787,1.);
#12787 = DIRECTION('',(-0.,-1.));
#12788 = ( GEOMETRIC_REPRESENTATION_CONTEXT(2) 
PARAMETRIC_REPRESENTATION_CONTEXT() REPRESENTATION_CONTEXT('2D SPACE',''
  ) );
#12789 = PCURVE('',#997,#12790);
#12790 = DEFINITIONAL_REPRESENTATION('',(#12791),#12795);
#12791 = LINE('',#12792,#12793);
#12792 = CARTESIAN_POINT('',(2.62,0.));
#12793 = VECTOR('',#12794,1.);
#12794 = DIRECTION('',(-0.,1.));
#12795 = ( GEOMETRIC_REPRESENTATION_CONTEXT(2) 
PARAMETRIC_REPRESENTATION_CONTEXT() REPRESENTATION_CONTEXT('2D SPACE',''
  ) );
#12796 = ORIENTED_EDGE('',*,*,#953,.T.);
#12797 = ORIENTED_EDGE('',*,*,#12798,.T.);
#12798 = EDGE_CURVE('',#926,#12799,#12801,.T.);
#12799 = VERTEX_POINT('',#12800);
#12800 = CARTESIAN_POINT('',(-44.23130771014,-99.04898837435,29.5));
#12801 = SURFACE_CURVE('',#12802,(#12806,#12813),.PCURVE_S1.);
#12802 = LINE('',#12803,#12804);
#12803 = CARTESIAN_POINT('',(-44.87458359694,-99.04898837435,
    1.90834819724E-02));
#12804 = VECTOR('',#12805,1.);
#12805 = DIRECTION('',(2.181488503456E-02,6.6E-16,0.99976202708));
#12806 = PCURVE('',#969,#12807);
#12807 = DEFINITIONAL_REPRESENTATION('',(#12808),#12812);
#12808 = LINE('',#12809,#12810);
#12809 = CARTESIAN_POINT('',(1.749583596942,1.90834819724E-02));
#12810 = VECTOR('',#12811,1.);
#12811 = DIRECTION('',(-2.181488503456E-02,0.99976202708));
#12812 = ( GEOMETRIC_REPRESENTATION_CONTEXT(2) 
PARAMETRIC_REPRESENTATION_CONTEXT() REPRESENTATION_CONTEXT('2D SPACE',''
  ) );
#12813 = PCURVE('',#941,#12814);
#12814 = DEFINITIONAL_REPRESENTATION('',(#12815),#12819);
#12815 = LINE('',#12816,#12817);
#12816 = CARTESIAN_POINT('',(-201.5989883743,1.908802440531E-02));
#12817 = VECTOR('',#12818,1.);
#12818 = DIRECTION('',(6.580366603469E-16,1.));
#12819 = ( GEOMETRIC_REPRESENTATION_CONTEXT(2) 
PARAMETRIC_REPRESENTATION_CONTEXT() REPRESENTATION_CONTEXT('2D SPACE',''
  ) );
#12820 = ORIENTED_EDGE('',*,*,#12821,.F.);
#12821 = EDGE_CURVE('',#12238,#12799,#12822,.T.);
#12822 = SURFACE_CURVE('',#12823,(#12827,#12834),.PCURVE_S1.);
#12823 = LINE('',#12824,#12825);
#12824 = CARTESIAN_POINT('',(-43.125,-99.04898837435,29.5));
#12825 = VECTOR('',#12826,1.);
#12826 = DIRECTION('',(-1.,-3.045E-14,0.));
#12827 = PCURVE('',#969,#12828);
#12828 = DEFINITIONAL_REPRESENTATION('',(#12829),#12833);
#12829 = LINE('',#12830,#12831);
#12830 = CARTESIAN_POINT('',(0.,29.5));
#12831 = VECTOR('',#12832,1.);
#12832 = DIRECTION('',(1.,0.));
#12833 = ( GEOMETRIC_REPRESENTATION_CONTEXT(2) 
PARAMETRIC_REPRESENTATION_CONTEXT() REPRESENTATION_CONTEXT('2D SPACE',''
  ) );
#12834 = PCURVE('',#5402,#12835);
#12835 = DEFINITIONAL_REPRESENTATION('',(#12836),#12840);
#12836 = LINE('',#12837,#12838);
#12837 = CARTESIAN_POINT('',(-88.125,-99.04898837435));
#12838 = VECTOR('',#12839,1.);
#12839 = DIRECTION('',(-1.,-3.045E-14));
#12840 = ( GEOMETRIC_REPRESENTATION_CONTEXT(2) 
PARAMETRIC_REPRESENTATION_CONTEXT() REPRESENTATION_CONTEXT('2D SPACE',''
  ) );
#12841 = ADVANCED_FACE('',(#12842),#4144,.F.);
#12842 = FACE_BOUND('',#12843,.T.);
#12843 = EDGE_LOOP('',(#12844,#12845,#12868,#12889));
#12844 = ORIENTED_EDGE('',*,*,#4130,.F.);
#12845 = ORIENTED_EDGE('',*,*,#12846,.F.);
#12846 = EDGE_CURVE('',#12847,#4103,#12849,.T.);
#12847 = VERTEX_POINT('',#12848);
#12848 = CARTESIAN_POINT('',(33.25,101.19898837435,1.1E-14));
#12849 = SURFACE_CURVE('',#12850,(#12854,#12861),.PCURVE_S1.);
#12850 = LINE('',#12851,#12852);
#12851 = CARTESIAN_POINT('',(33.25,101.19898837435,1.051E-14));
#12852 = VECTOR('',#12853,1.);
#12853 = DIRECTION('',(0.,0.,1.));
#12854 = PCURVE('',#4144,#12855);
#12855 = DEFINITIONAL_REPRESENTATION('',(#12856),#12860);
#12856 = LINE('',#12857,#12858);
#12857 = CARTESIAN_POINT('',(0.,0.));
#12858 = VECTOR('',#12859,1.);
#12859 = DIRECTION('',(1.,0.));
#12860 = ( GEOMETRIC_REPRESENTATION_CONTEXT(2) 
PARAMETRIC_REPRESENTATION_CONTEXT() REPRESENTATION_CONTEXT('2D SPACE',''
  ) );
#12861 = PCURVE('',#4118,#12862);
#12862 = DEFINITIONAL_REPRESENTATION('',(#12863),#12867);
#12863 = LINE('',#12864,#12865);
#12864 = CARTESIAN_POINT('',(0.,156.5));
#12865 = VECTOR('',#12866,1.);
#12866 = DIRECTION('',(1.,0.));
#12867 = ( GEOMETRIC_REPRESENTATION_CONTEXT(2) 
PARAMETRIC_REPRESENTATION_CONTEXT() REPRESENTATION_CONTEXT('2D SPACE',''
  ) );
#12868 = ORIENTED_EDGE('',*,*,#12869,.F.);
#12869 = EDGE_CURVE('',#11604,#12847,#12870,.T.);
#12870 = SURFACE_CURVE('',#12871,(#12875,#12882),.PCURVE_S1.);
#12871 = LINE('',#12872,#12873);
#12872 = CARTESIAN_POINT('',(33.25,99.69898837435,1.051E-14));
#12873 = VECTOR('',#12874,1.);
#12874 = DIRECTION('',(0.,1.,0.));
#12875 = PCURVE('',#4144,#12876);
#12876 = DEFINITIONAL_REPRESENTATION('',(#12877),#12881);
#12877 = LINE('',#12878,#12879);
#12878 = CARTESIAN_POINT('',(0.,1.5));
#12879 = VECTOR('',#12880,1.);
#12880 = DIRECTION('',(0.,-1.));
#12881 = ( GEOMETRIC_REPRESENTATION_CONTEXT(2) 
PARAMETRIC_REPRESENTATION_CONTEXT() REPRESENTATION_CONTEXT('2D SPACE',''
  ) );
#12882 = PCURVE('',#2501,#12883);
#12883 = DEFINITIONAL_REPRESENTATION('',(#12884),#12888);
#12884 = LINE('',#12885,#12886);
#12885 = CARTESIAN_POINT('',(-78.25,101.07398837435));
#12886 = VECTOR('',#12887,1.);
#12887 = DIRECTION('',(0.,1.));
#12888 = ( GEOMETRIC_REPRESENTATION_CONTEXT(2) 
PARAMETRIC_REPRESENTATION_CONTEXT() REPRESENTATION_CONTEXT('2D SPACE',''
  ) );
#12889 = ORIENTED_EDGE('',*,*,#11626,.T.);
#12890 = ADVANCED_FACE('',(#12891),#7698,.F.);
#12891 = FACE_BOUND('',#12892,.F.);
#12892 = EDGE_LOOP('',(#12893,#12915,#12916,#12917));
#12893 = ORIENTED_EDGE('',*,*,#12894,.T.);
#12894 = EDGE_CURVE('',#7677,#12695,#12895,.T.);
#12895 = SEAM_CURVE('',#12896,(#12901,#12908),.PCURVE_S1.);
#12896 = CIRCLE('',#12897,1.5);
#12897 = AXIS2_PLACEMENT_3D('',#12898,#12899,#12900);
#12898 = CARTESIAN_POINT('',(-9.575,24.9,28.));
#12899 = DIRECTION('',(0.,1.,1.83E-15));
#12900 = DIRECTION('',(1.,2.32227E-29,-1.269E-14));
#12901 = PCURVE('',#7698,#12902);
#12902 = DEFINITIONAL_REPRESENTATION('',(#12903),#12907);
#12903 = LINE('',#12904,#12905);
#12904 = CARTESIAN_POINT('',(3.14159265359,6.28318530718));
#12905 = VECTOR('',#12906,1.);
#12906 = DIRECTION('',(0.,-1.));
#12907 = ( GEOMETRIC_REPRESENTATION_CONTEXT(2) 
PARAMETRIC_REPRESENTATION_CONTEXT() REPRESENTATION_CONTEXT('2D SPACE',''
  ) );
#12908 = PCURVE('',#7698,#12909);
#12909 = DEFINITIONAL_REPRESENTATION('',(#12910),#12914);
#12910 = LINE('',#12911,#12912);
#12911 = CARTESIAN_POINT('',(9.424777960769,6.28318530718));
#12912 = VECTOR('',#12913,1.);
#12913 = DIRECTION('',(0.,-1.));
#12914 = ( GEOMETRIC_REPRESENTATION_CONTEXT(2) 
PARAMETRIC_REPRESENTATION_CONTEXT() REPRESENTATION_CONTEXT('2D SPACE',''
  ) );
#12915 = ORIENTED_EDGE('',*,*,#12694,.F.);
#12916 = ORIENTED_EDGE('',*,*,#12894,.F.);
#12917 = ORIENTED_EDGE('',*,*,#7676,.F.);
#12918 = ADVANCED_FACE('',(#12919),#8132,.F.);
#12919 = FACE_BOUND('',#12920,.T.);
#12920 = EDGE_LOOP('',(#12921,#12944,#12965,#12966));
#12921 = ORIENTED_EDGE('',*,*,#12922,.T.);
#12922 = EDGE_CURVE('',#8089,#12923,#12925,.T.);
#12923 = VERTEX_POINT('',#12924);
#12924 = CARTESIAN_POINT('',(28.,98.29898837435,1.1E-14));
#12925 = SURFACE_CURVE('',#12926,(#12930,#12937),.PCURVE_S1.);
#12926 = LINE('',#12927,#12928);
#12927 = CARTESIAN_POINT('',(28.,97.655296084497,29.5));
#12928 = VECTOR('',#12929,1.);
#12929 = DIRECTION('',(0.,2.181488503456E-02,-0.99976202708));
#12930 = PCURVE('',#8132,#12931);
#12931 = DEFINITIONAL_REPRESENTATION('',(#12932),#12936);
#12932 = LINE('',#12933,#12934);
#12933 = CARTESIAN_POINT('',(-162.875,29.599757202052));
#12934 = VECTOR('',#12935,1.);
#12935 = DIRECTION('',(0.,-1.));
#12936 = ( GEOMETRIC_REPRESENTATION_CONTEXT(2) 
PARAMETRIC_REPRESENTATION_CONTEXT() REPRESENTATION_CONTEXT('2D SPACE',''
  ) );
#12937 = PCURVE('',#8104,#12938);
#12938 = DEFINITIONAL_REPRESENTATION('',(#12939),#12943);
#12939 = LINE('',#12940,#12941);
#12940 = CARTESIAN_POINT('',(14.75,0.643692289853));
#12941 = VECTOR('',#12942,1.);
#12942 = DIRECTION('',(-0.99976202708,-2.181488503456E-02));
#12943 = ( GEOMETRIC_REPRESENTATION_CONTEXT(2) 
PARAMETRIC_REPRESENTATION_CONTEXT() REPRESENTATION_CONTEXT('2D SPACE',''
  ) );
#12944 = ORIENTED_EDGE('',*,*,#12945,.F.);
#12945 = EDGE_CURVE('',#10981,#12923,#12946,.T.);
#12946 = SURFACE_CURVE('',#12947,(#12951,#12958),.PCURVE_S1.);
#12947 = LINE('',#12948,#12949);
#12948 = CARTESIAN_POINT('',(36.149999999998,98.29898837435,1.065E-14));
#12949 = VECTOR('',#12950,1.);
#12950 = DIRECTION('',(-1.,0.,0.));
#12951 = PCURVE('',#8132,#12952);
#12952 = DEFINITIONAL_REPRESENTATION('',(#12953),#12957);
#12953 = LINE('',#12954,#12955);
#12954 = CARTESIAN_POINT('',(-171.0249999999,9.273532989414E-02));
#12955 = VECTOR('',#12956,1.);
#12956 = DIRECTION('',(1.,0.));
#12957 = ( GEOMETRIC_REPRESENTATION_CONTEXT(2) 
PARAMETRIC_REPRESENTATION_CONTEXT() REPRESENTATION_CONTEXT('2D SPACE',''
  ) );
#12958 = PCURVE('',#2501,#12959);
#12959 = DEFINITIONAL_REPRESENTATION('',(#12960),#12964);
#12960 = LINE('',#12961,#12962);
#12961 = CARTESIAN_POINT('',(-81.14999999999,99.67398837435));
#12962 = VECTOR('',#12963,1.);
#12963 = DIRECTION('',(1.,0.));
#12964 = ( GEOMETRIC_REPRESENTATION_CONTEXT(2) 
PARAMETRIC_REPRESENTATION_CONTEXT() REPRESENTATION_CONTEXT('2D SPACE',''
  ) );
#12965 = ORIENTED_EDGE('',*,*,#10980,.F.);
#12966 = ORIENTED_EDGE('',*,*,#8116,.T.);
#12967 = ADVANCED_FACE('',(#12968),#8048,.T.);
#12968 = FACE_BOUND('',#12969,.T.);
#12969 = EDGE_LOOP('',(#12970,#12971,#12972,#12993));
#12970 = ORIENTED_EDGE('',*,*,#8032,.F.);
#12971 = ORIENTED_EDGE('',*,*,#9587,.F.);
#12972 = ORIENTED_EDGE('',*,*,#12973,.F.);
#12973 = EDGE_CURVE('',#12144,#9588,#12974,.T.);
#12974 = SURFACE_CURVE('',#12975,(#12979,#12986),.PCURVE_S1.);
#12975 = LINE('',#12976,#12977);
#12976 = CARTESIAN_POINT('',(26.25,96.79898837435,1.051E-14));
#12977 = VECTOR('',#12978,1.);
#12978 = DIRECTION('',(0.,1.,0.));
#12979 = PCURVE('',#8048,#12980);
#12980 = DEFINITIONAL_REPRESENTATION('',(#12981),#12985);
#12981 = LINE('',#12982,#12983);
#12982 = CARTESIAN_POINT('',(14.75,1.5));
#12983 = VECTOR('',#12984,1.);
#12984 = DIRECTION('',(0.,-1.));
#12985 = ( GEOMETRIC_REPRESENTATION_CONTEXT(2) 
PARAMETRIC_REPRESENTATION_CONTEXT() REPRESENTATION_CONTEXT('2D SPACE',''
  ) );
#12986 = PCURVE('',#2501,#12987);
#12987 = DEFINITIONAL_REPRESENTATION('',(#12988),#12992);
#12988 = LINE('',#12989,#12990);
#12989 = CARTESIAN_POINT('',(-71.25,98.17398837435));
#12990 = VECTOR('',#12991,1.);
#12991 = DIRECTION('',(0.,1.));
#12992 = ( GEOMETRIC_REPRESENTATION_CONTEXT(2) 
PARAMETRIC_REPRESENTATION_CONTEXT() REPRESENTATION_CONTEXT('2D SPACE',''
  ) );
#12993 = ORIENTED_EDGE('',*,*,#12143,.T.);
#12994 = ADVANCED_FACE('',(#12995),#2412,.F.);
#12995 = FACE_BOUND('',#12996,.F.);
#12996 = EDGE_LOOP('',(#12997,#12998,#12999,#13020));
#12997 = ORIENTED_EDGE('',*,*,#11246,.T.);
#12998 = ORIENTED_EDGE('',*,*,#2398,.T.);
#12999 = ORIENTED_EDGE('',*,*,#13000,.T.);
#13000 = EDGE_CURVE('',#2315,#7098,#13001,.T.);
#13001 = SURFACE_CURVE('',#13002,(#13006,#13013),.PCURVE_S1.);
#13002 = LINE('',#13003,#13004);
#13003 = CARTESIAN_POINT('',(-33.25,101.19898837435,1.75));
#13004 = VECTOR('',#13005,1.);
#13005 = DIRECTION('',(1.,0.,0.));
#13006 = PCURVE('',#2412,#13007);
#13007 = DEFINITIONAL_REPRESENTATION('',(#13008),#13012);
#13008 = LINE('',#13009,#13010);
#13009 = CARTESIAN_POINT('',(1.75,0.));
#13010 = VECTOR('',#13011,1.);
#13011 = DIRECTION('',(0.,1.));
#13012 = ( GEOMETRIC_REPRESENTATION_CONTEXT(2) 
PARAMETRIC_REPRESENTATION_CONTEXT() REPRESENTATION_CONTEXT('2D SPACE',''
  ) );
#13013 = PCURVE('',#2335,#13014);
#13014 = DEFINITIONAL_REPRESENTATION('',(#13015),#13019);
#13015 = LINE('',#13016,#13017);
#13016 = CARTESIAN_POINT('',(-78.25,-0.75));
#13017 = VECTOR('',#13018,1.);
#13018 = DIRECTION('',(1.,0.));
#13019 = ( GEOMETRIC_REPRESENTATION_CONTEXT(2) 
PARAMETRIC_REPRESENTATION_CONTEXT() REPRESENTATION_CONTEXT('2D SPACE',''
  ) );
#13020 = ORIENTED_EDGE('',*,*,#10412,.F.);
#13021 = ADVANCED_FACE('',(#13022),#2582,.T.);
#13022 = FACE_BOUND('',#13023,.T.);
#13023 = EDGE_LOOP('',(#13024,#13045,#13046,#13067,#13068,#13069,#13070,
    #13091));
#13024 = ORIENTED_EDGE('',*,*,#13025,.T.);
#13025 = EDGE_CURVE('',#11077,#4714,#13026,.T.);
#13026 = SURFACE_CURVE('',#13027,(#13031,#13038),.PCURVE_S1.);
#13027 = LINE('',#13028,#13029);
#13028 = CARTESIAN_POINT('',(37.149999999998,97.298750344786,1.051E-14)
  );
#13029 = VECTOR('',#13030,1.);
#13030 = DIRECTION('',(4.57807E-12,-1.,0.));
#13031 = PCURVE('',#2582,#13032);
#13032 = DEFINITIONAL_REPRESENTATION('',(#13033),#13037);
#13033 = LINE('',#13034,#13035);
#13034 = CARTESIAN_POINT('',(0.,-195.5977387191));
#13035 = VECTOR('',#13036,1.);
#13036 = DIRECTION('',(0.,1.));
#13037 = ( GEOMETRIC_REPRESENTATION_CONTEXT(2) 
PARAMETRIC_REPRESENTATION_CONTEXT() REPRESENTATION_CONTEXT('2D SPACE',''
  ) );
#13038 = PCURVE('',#2501,#13039);
#13039 = DEFINITIONAL_REPRESENTATION('',(#13040),#13044);
#13040 = LINE('',#13041,#13042);
#13041 = CARTESIAN_POINT('',(-82.14999999999,98.673750344786));
#13042 = VECTOR('',#13043,1.);
#13043 = DIRECTION('',(-4.57807E-12,-1.));
#13044 = ( GEOMETRIC_REPRESENTATION_CONTEXT(2) 
PARAMETRIC_REPRESENTATION_CONTEXT() REPRESENTATION_CONTEXT('2D SPACE',''
  ) );
#13045 = ORIENTED_EDGE('',*,*,#4799,.F.);
#13046 = ORIENTED_EDGE('',*,*,#13047,.F.);
#13047 = EDGE_CURVE('',#12728,#4772,#13048,.T.);
#13048 = SURFACE_CURVE('',#13049,(#13053,#13060),.PCURVE_S1.);
#13049 = LINE('',#13050,#13051);
#13050 = CARTESIAN_POINT('',(37.15,-96.18801841204,28.00035695938));
#13051 = VECTOR('',#13052,1.);
#13052 = DIRECTION('',(0.,1.,0.));
#13053 = PCURVE('',#2582,#13054);
#13054 = DEFINITIONAL_REPRESENTATION('',(#13055),#13059);
#13055 = LINE('',#13056,#13057);
#13056 = CARTESIAN_POINT('',(-28.00035695938,-2.110969962302));
#13057 = VECTOR('',#13058,1.);
#13058 = DIRECTION('',(0.,-1.));
#13059 = ( GEOMETRIC_REPRESENTATION_CONTEXT(2) 
PARAMETRIC_REPRESENTATION_CONTEXT() REPRESENTATION_CONTEXT('2D SPACE',''
  ) );
#13060 = PCURVE('',#4787,#13061);
#13061 = DEFINITIONAL_REPRESENTATION('',(#13062),#13066);
#13062 = LINE('',#13063,#13064);
#13063 = CARTESIAN_POINT('',(0.,-1.434555344896));
#13064 = VECTOR('',#13065,1.);
#13065 = DIRECTION('',(0.,-1.));
#13066 = ( GEOMETRIC_REPRESENTATION_CONTEXT(2) 
PARAMETRIC_REPRESENTATION_CONTEXT() REPRESENTATION_CONTEXT('2D SPACE',''
  ) );
#13067 = ORIENTED_EDGE('',*,*,#12752,.F.);
#13068 = ORIENTED_EDGE('',*,*,#6444,.F.);
#13069 = ORIENTED_EDGE('',*,*,#2566,.F.);
#13070 = ORIENTED_EDGE('',*,*,#13071,.F.);
#13071 = EDGE_CURVE('',#11009,#2567,#13072,.T.);
#13072 = SURFACE_CURVE('',#13073,(#13077,#13084),.PCURVE_S1.);
#13073 = LINE('',#13074,#13075);
#13074 = CARTESIAN_POINT('',(37.149999999998,96.676878132554,28.5));
#13075 = VECTOR('',#13076,1.);
#13076 = DIRECTION('',(0.,-1.,0.));
#13077 = PCURVE('',#2582,#13078);
#13078 = DEFINITIONAL_REPRESENTATION('',(#13079),#13083);
#13079 = LINE('',#13080,#13081);
#13080 = CARTESIAN_POINT('',(-28.5,-194.9758665069));
#13081 = VECTOR('',#13082,1.);
#13082 = DIRECTION('',(0.,1.));
#13083 = ( GEOMETRIC_REPRESENTATION_CONTEXT(2) 
PARAMETRIC_REPRESENTATION_CONTEXT() REPRESENTATION_CONTEXT('2D SPACE',''
  ) );
#13084 = PCURVE('',#2631,#13085);
#13085 = DEFINITIONAL_REPRESENTATION('',(#13086),#13090);
#13086 = LINE('',#13087,#13088);
#13087 = CARTESIAN_POINT('',(5.497787143782,-145.8263723197));
#13088 = VECTOR('',#13089,1.);
#13089 = DIRECTION('',(0.,1.));
#13090 = ( GEOMETRIC_REPRESENTATION_CONTEXT(2) 
PARAMETRIC_REPRESENTATION_CONTEXT() REPRESENTATION_CONTEXT('2D SPACE',''
  ) );
#13091 = ORIENTED_EDGE('',*,*,#11076,.F.);
#13092 = ADVANCED_FACE('',(#13093),#9781,.F.);
#13093 = FACE_BOUND('',#13094,.F.);
#13094 = EDGE_LOOP('',(#13095,#13118,#13119,#13120));
#13095 = ORIENTED_EDGE('',*,*,#13096,.T.);
#13096 = EDGE_CURVE('',#13097,#9760,#13099,.T.);
#13097 = VERTEX_POINT('',#13098);
#13098 = CARTESIAN_POINT('',(-12.725,24.9,25.65));
#13099 = SEAM_CURVE('',#13100,(#13104,#13111),.PCURVE_S1.);
#13100 = LINE('',#13101,#13102);
#13101 = CARTESIAN_POINT('',(-12.725,24.9,28.));
#13102 = VECTOR('',#13103,1.);
#13103 = DIRECTION('',(0.,0.,1.));
#13104 = PCURVE('',#9781,#13105);
#13105 = DEFINITIONAL_REPRESENTATION('',(#13106),#13110);
#13106 = LINE('',#13107,#13108);
#13107 = CARTESIAN_POINT('',(9.424777960769,0.));
#13108 = VECTOR('',#13109,1.);
#13109 = DIRECTION('',(0.,1.));
#13110 = ( GEOMETRIC_REPRESENTATION_CONTEXT(2) 
PARAMETRIC_REPRESENTATION_CONTEXT() REPRESENTATION_CONTEXT('2D SPACE',''
  ) );
#13111 = PCURVE('',#9781,#13112);
#13112 = DEFINITIONAL_REPRESENTATION('',(#13113),#13117);
#13113 = LINE('',#13114,#13115);
#13114 = CARTESIAN_POINT('',(3.14159265359,0.));
#13115 = VECTOR('',#13116,1.);
#13116 = DIRECTION('',(0.,1.));
#13117 = ( GEOMETRIC_REPRESENTATION_CONTEXT(2) 
PARAMETRIC_REPRESENTATION_CONTEXT() REPRESENTATION_CONTEXT('2D SPACE',''
  ) );
#13118 = ORIENTED_EDGE('',*,*,#9759,.F.);
#13119 = ORIENTED_EDGE('',*,*,#13096,.F.);
#13120 = ORIENTED_EDGE('',*,*,#13121,.T.);
#13121 = EDGE_CURVE('',#13097,#13097,#13122,.T.);
#13122 = SURFACE_CURVE('',#13123,(#13128,#13135),.PCURVE_S1.);
#13123 = CIRCLE('',#13124,2.35);
#13124 = AXIS2_PLACEMENT_3D('',#13125,#13126,#13127);
#13125 = CARTESIAN_POINT('',(-15.075,24.9,25.65));
#13126 = DIRECTION('',(0.,0.,1.));
#13127 = DIRECTION('',(-1.,0.,0.));
#13128 = PCURVE('',#9781,#13129);
#13129 = DEFINITIONAL_REPRESENTATION('',(#13130),#13134);
#13130 = LINE('',#13131,#13132);
#13131 = CARTESIAN_POINT('',(0.,-2.35));
#13132 = VECTOR('',#13133,1.);
#13133 = DIRECTION('',(1.,0.));
#13134 = ( GEOMETRIC_REPRESENTATION_CONTEXT(2) 
PARAMETRIC_REPRESENTATION_CONTEXT() REPRESENTATION_CONTEXT('2D SPACE',''
  ) );
#13135 = PCURVE('',#7748,#13136);
#13136 = DEFINITIONAL_REPRESENTATION('',(#13137),#13141);
#13137 = CIRCLE('',#13138,2.35);
#13138 = AXIS2_PLACEMENT_2D('',#13139,#13140);
#13139 = CARTESIAN_POINT('',(0.,-4.));
#13140 = DIRECTION('',(1.,0.));
#13141 = ( GEOMETRIC_REPRESENTATION_CONTEXT(2) 
PARAMETRIC_REPRESENTATION_CONTEXT() REPRESENTATION_CONTEXT('2D SPACE',''
  ) );
#13142 = ADVANCED_FACE('',(#13143),#4617,.T.);
#13143 = FACE_BOUND('',#13144,.T.);
#13144 = EDGE_LOOP('',(#13145,#13146,#13147,#13148));
#13145 = ORIENTED_EDGE('',*,*,#9115,.F.);
#13146 = ORIENTED_EDGE('',*,*,#4603,.T.);
#13147 = ORIENTED_EDGE('',*,*,#5593,.F.);
#13148 = ORIENTED_EDGE('',*,*,#13149,.T.);
#13149 = EDGE_CURVE('',#5594,#4265,#13150,.T.);
#13150 = SURFACE_CURVE('',#13151,(#13155,#13162),.PCURVE_S1.);
#13151 = LINE('',#13152,#13153);
#13152 = CARTESIAN_POINT('',(-6.25E-02,-98.66098913346,32.5));
#13153 = VECTOR('',#13154,1.);
#13154 = DIRECTION('',(-1.,0.,0.));
#13155 = PCURVE('',#4617,#13156);
#13156 = DEFINITIONAL_REPRESENTATION('',(#13157),#13161);
#13157 = LINE('',#13158,#13159);
#13158 = CARTESIAN_POINT('',(0.774489855572,0.));
#13159 = VECTOR('',#13160,1.);
#13160 = DIRECTION('',(0.,1.));
#13161 = ( GEOMETRIC_REPRESENTATION_CONTEXT(2) 
PARAMETRIC_REPRESENTATION_CONTEXT() REPRESENTATION_CONTEXT('2D SPACE',''
  ) );
#13162 = PCURVE('',#4287,#13163);
#13163 = DEFINITIONAL_REPRESENTATION('',(#13164),#13168);
#13164 = LINE('',#13165,#13166);
#13165 = CARTESIAN_POINT('',(-44.9375,-98.66098913346));
#13166 = VECTOR('',#13167,1.);
#13167 = DIRECTION('',(1.,0.));
#13168 = ( GEOMETRIC_REPRESENTATION_CONTEXT(2) 
PARAMETRIC_REPRESENTATION_CONTEXT() REPRESENTATION_CONTEXT('2D SPACE',''
  ) );
#13169 = ADVANCED_FACE('',(#13170),#3128,.T.);
#13170 = FACE_BOUND('',#13171,.T.);
#13171 = EDGE_LOOP('',(#13172,#13173,#13174,#13175));
#13172 = ORIENTED_EDGE('',*,*,#8302,.F.);
#13173 = ORIENTED_EDGE('',*,*,#3114,.F.);
#13174 = ORIENTED_EDGE('',*,*,#6275,.T.);
#13175 = ORIENTED_EDGE('',*,*,#10123,.F.);
#13176 = ADVANCED_FACE('',(#13177),#3360,.T.);
#13177 = FACE_BOUND('',#13178,.T.);
#13178 = EDGE_LOOP('',(#13179,#13200,#13201,#13202,#13225,#13248,#13269,
    #13270));
#13179 = ORIENTED_EDGE('',*,*,#13180,.T.);
#13180 = EDGE_CURVE('',#3324,#6513,#13181,.T.);
#13181 = SURFACE_CURVE('',#13182,(#13186,#13193),.PCURVE_S1.);
#13182 = LINE('',#13183,#13184);
#13183 = CARTESIAN_POINT('',(40.55,-97.45,29.5));
#13184 = VECTOR('',#13185,1.);
#13185 = DIRECTION('',(0.,0.,-1.));
#13186 = PCURVE('',#3360,#13187);
#13187 = DEFINITIONAL_REPRESENTATION('',(#13188),#13192);
#13188 = LINE('',#13189,#13190);
#13189 = CARTESIAN_POINT('',(1.59898837435,0.));
#13190 = VECTOR('',#13191,1.);
#13191 = DIRECTION('',(0.,1.));
#13192 = ( GEOMETRIC_REPRESENTATION_CONTEXT(2) 
PARAMETRIC_REPRESENTATION_CONTEXT() REPRESENTATION_CONTEXT('2D SPACE',''
  ) );
#13193 = PCURVE('',#701,#13194);
#13194 = DEFINITIONAL_REPRESENTATION('',(#13195),#13199);
#13195 = LINE('',#13196,#13197);
#13196 = CARTESIAN_POINT('',(0.,0.));
#13197 = VECTOR('',#13198,1.);
#13198 = DIRECTION('',(0.,1.));
#13199 = ( GEOMETRIC_REPRESENTATION_CONTEXT(2) 
PARAMETRIC_REPRESENTATION_CONTEXT() REPRESENTATION_CONTEXT('2D SPACE',''
  ) );
#13200 = ORIENTED_EDGE('',*,*,#6512,.T.);
#13201 = ORIENTED_EDGE('',*,*,#11724,.T.);
#13202 = ORIENTED_EDGE('',*,*,#13203,.T.);
#13203 = EDGE_CURVE('',#11702,#13204,#13206,.T.);
#13204 = VERTEX_POINT('',#13205);
#13205 = CARTESIAN_POINT('',(40.55,99.8,29.5));
#13206 = SURFACE_CURVE('',#13207,(#13211,#13218),.PCURVE_S1.);
#13207 = LINE('',#13208,#13209);
#13208 = CARTESIAN_POINT('',(40.55,-99.8,29.5));
#13209 = VECTOR('',#13210,1.);
#13210 = DIRECTION('',(0.,1.,0.));
#13211 = PCURVE('',#3360,#13212);
#13212 = DEFINITIONAL_REPRESENTATION('',(#13213),#13217);
#13213 = LINE('',#13214,#13215);
#13214 = CARTESIAN_POINT('',(-0.75101162565,0.));
#13215 = VECTOR('',#13216,1.);
#13216 = DIRECTION('',(1.,0.));
#13217 = ( GEOMETRIC_REPRESENTATION_CONTEXT(2) 
PARAMETRIC_REPRESENTATION_CONTEXT() REPRESENTATION_CONTEXT('2D SPACE',''
  ) );
#13218 = PCURVE('',#5072,#13219);
#13219 = DEFINITIONAL_REPRESENTATION('',(#13220),#13224);
#13220 = LINE('',#13221,#13222);
#13221 = CARTESIAN_POINT('',(-85.55,-99.8));
#13222 = VECTOR('',#13223,1.);
#13223 = DIRECTION('',(0.,1.));
#13224 = ( GEOMETRIC_REPRESENTATION_CONTEXT(2) 
PARAMETRIC_REPRESENTATION_CONTEXT() REPRESENTATION_CONTEXT('2D SPACE',''
  ) );
#13225 = ORIENTED_EDGE('',*,*,#13226,.F.);
#13226 = EDGE_CURVE('',#13227,#13204,#13229,.T.);
#13227 = VERTEX_POINT('',#13228);
#13228 = CARTESIAN_POINT('',(40.55,99.8,0.));
#13229 = SURFACE_CURVE('',#13230,(#13234,#13241),.PCURVE_S1.);
#13230 = LINE('',#13231,#13232);
#13231 = CARTESIAN_POINT('',(40.55,99.8,0.));
#13232 = VECTOR('',#13233,1.);
#13233 = DIRECTION('',(0.,0.,1.));
#13234 = PCURVE('',#3360,#13235);
#13235 = DEFINITIONAL_REPRESENTATION('',(#13236),#13240);
#13236 = LINE('',#13237,#13238);
#13237 = CARTESIAN_POINT('',(198.84898837435,29.5));
#13238 = VECTOR('',#13239,1.);
#13239 = DIRECTION('',(0.,-1.));
#13240 = ( GEOMETRIC_REPRESENTATION_CONTEXT(2) 
PARAMETRIC_REPRESENTATION_CONTEXT() REPRESENTATION_CONTEXT('2D SPACE',''
  ) );
#13241 = PCURVE('',#5046,#13242);
#13242 = DEFINITIONAL_REPRESENTATION('',(#13243),#13247);
#13243 = LINE('',#13244,#13245);
#13244 = CARTESIAN_POINT('',(0.,0.));
#13245 = VECTOR('',#13246,1.);
#13246 = DIRECTION('',(0.,1.));
#13247 = ( GEOMETRIC_REPRESENTATION_CONTEXT(2) 
PARAMETRIC_REPRESENTATION_CONTEXT() REPRESENTATION_CONTEXT('2D SPACE',''
  ) );
#13248 = ORIENTED_EDGE('',*,*,#13249,.F.);
#13249 = EDGE_CURVE('',#10617,#13227,#13250,.T.);
#13250 = SURFACE_CURVE('',#13251,(#13255,#13262),.PCURVE_S1.);
#13251 = LINE('',#13252,#13253);
#13252 = CARTESIAN_POINT('',(40.55,99.8,0.));
#13253 = VECTOR('',#13254,1.);
#13254 = DIRECTION('',(0.,1.,0.));
#13255 = PCURVE('',#3360,#13256);
#13256 = DEFINITIONAL_REPRESENTATION('',(#13257),#13261);
#13257 = LINE('',#13258,#13259);
#13258 = CARTESIAN_POINT('',(198.84898837435,29.5));
#13259 = VECTOR('',#13260,1.);
#13260 = DIRECTION('',(1.,0.));
#13261 = ( GEOMETRIC_REPRESENTATION_CONTEXT(2) 
PARAMETRIC_REPRESENTATION_CONTEXT() REPRESENTATION_CONTEXT('2D SPACE',''
  ) );
#13262 = PCURVE('',#2501,#13263);
#13263 = DEFINITIONAL_REPRESENTATION('',(#13264),#13268);
#13264 = LINE('',#13265,#13266);
#13265 = CARTESIAN_POINT('',(-85.55,101.175));
#13266 = VECTOR('',#13267,1.);
#13267 = DIRECTION('',(0.,1.));
#13268 = ( GEOMETRIC_REPRESENTATION_CONTEXT(2) 
PARAMETRIC_REPRESENTATION_CONTEXT() REPRESENTATION_CONTEXT('2D SPACE',''
  ) );
#13269 = ORIENTED_EDGE('',*,*,#10616,.F.);
#13270 = ORIENTED_EDGE('',*,*,#3346,.F.);
#13271 = ADVANCED_FACE('',(#13272,#13275),#2292,.F.);
#13272 = FACE_BOUND('',#13273,.T.);
#13273 = EDGE_LOOP('',(#13274));
#13274 = ORIENTED_EDGE('',*,*,#2277,.T.);
#13275 = FACE_BOUND('',#13276,.T.);
#13276 = EDGE_LOOP('',(#13277));
#13277 = ORIENTED_EDGE('',*,*,#9905,.T.);
#13278 = ADVANCED_FACE('',(#13279),#6381,.T.);
#13279 = FACE_BOUND('',#13280,.T.);
#13280 = EDGE_LOOP('',(#13281,#13282,#13283,#13284));
#13281 = ORIENTED_EDGE('',*,*,#8212,.F.);
#13282 = ORIENTED_EDGE('',*,*,#10204,.F.);
#13283 = ORIENTED_EDGE('',*,*,#6365,.T.);
#13284 = ORIENTED_EDGE('',*,*,#12485,.F.);
#13285 = ADVANCED_FACE('',(#13286),#9338,.T.);
#13286 = FACE_BOUND('',#13287,.T.);
#13287 = EDGE_LOOP('',(#13288,#13309,#13310,#13311));
#13288 = ORIENTED_EDGE('',*,*,#13289,.F.);
#13289 = EDGE_CURVE('',#10672,#11173,#13290,.T.);
#13290 = SURFACE_CURVE('',#13291,(#13295,#13302),.PCURVE_S1.);
#13291 = LINE('',#13292,#13293);
#13292 = CARTESIAN_POINT('',(-42.87642704514,102.5509510993,
    -4.35882639479E-02));
#13293 = VECTOR('',#13294,1.);
#13294 = DIRECTION('',(-2.180969615229E-02,2.180969615229E-02,
    -0.999524223972));
#13295 = PCURVE('',#9338,#13296);
#13296 = DEFINITIONAL_REPRESENTATION('',(#13297),#13301);
#13297 = LINE('',#13298,#13299);
#13298 = CARTESIAN_POINT('',(-1.998572954857,-4.35986392434E-02));
#13299 = VECTOR('',#13300,1.);
#13300 = DIRECTION('',(2.180969615229E-02,-0.999762140288));
#13301 = ( GEOMETRIC_REPRESENTATION_CONTEXT(2) 
PARAMETRIC_REPRESENTATION_CONTEXT() REPRESENTATION_CONTEXT('2D SPACE',''
  ) );
#13302 = PCURVE('',#10781,#13303);
#13303 = DEFINITIONAL_REPRESENTATION('',(#13304),#13308);
#13304 = LINE('',#13305,#13306);
#13305 = CARTESIAN_POINT('',(7.068345525964,3.55E-15));
#13306 = VECTOR('',#13307,1.);
#13307 = DIRECTION('',(0.,1.));
#13308 = ( GEOMETRIC_REPRESENTATION_CONTEXT(2) 
PARAMETRIC_REPRESENTATION_CONTEXT() REPRESENTATION_CONTEXT('2D SPACE',''
  ) );
#13309 = ORIENTED_EDGE('',*,*,#11903,.F.);
#13310 = ORIENTED_EDGE('',*,*,#9324,.F.);
#13311 = ORIENTED_EDGE('',*,*,#11224,.T.);
#13312 = ADVANCED_FACE('',(#13313),#6212,.T.);
#13313 = FACE_BOUND('',#13314,.T.);
#13314 = EDGE_LOOP('',(#13315,#13316,#13337,#13338));
#13315 = ORIENTED_EDGE('',*,*,#12412,.T.);
#13316 = ORIENTED_EDGE('',*,*,#13317,.T.);
#13317 = EDGE_CURVE('',#12390,#9686,#13318,.T.);
#13318 = SURFACE_CURVE('',#13319,(#13323,#13330),.PCURVE_S1.);
#13319 = LINE('',#13320,#13321);
#13320 = CARTESIAN_POINT('',(33.,-99.69898837435,-1.25));
#13321 = VECTOR('',#13322,1.);
#13322 = DIRECTION('',(-1.,0.,0.));
#13323 = PCURVE('',#6212,#13324);
#13324 = DEFINITIONAL_REPRESENTATION('',(#13325),#13329);
#13325 = LINE('',#13326,#13327);
#13326 = CARTESIAN_POINT('',(-1.25,0.));
#13327 = VECTOR('',#13328,1.);
#13328 = DIRECTION('',(0.,-1.));
#13329 = ( GEOMETRIC_REPRESENTATION_CONTEXT(2) 
PARAMETRIC_REPRESENTATION_CONTEXT() REPRESENTATION_CONTEXT('2D SPACE',''
  ) );
#13330 = PCURVE('',#6676,#13331);
#13331 = DEFINITIONAL_REPRESENTATION('',(#13332),#13336);
#13332 = LINE('',#13333,#13334);
#13333 = CARTESIAN_POINT('',(78.,-0.6));
#13334 = VECTOR('',#13335,1.);
#13335 = DIRECTION('',(-1.,0.));
#13336 = ( GEOMETRIC_REPRESENTATION_CONTEXT(2) 
PARAMETRIC_REPRESENTATION_CONTEXT() REPRESENTATION_CONTEXT('2D SPACE',''
  ) );
#13337 = ORIENTED_EDGE('',*,*,#9685,.T.);
#13338 = ORIENTED_EDGE('',*,*,#6196,.F.);
#13339 = ADVANCED_FACE('',(#13340),#3617,.F.);
#13340 = FACE_BOUND('',#13341,.F.);
#13341 = EDGE_LOOP('',(#13342,#13365,#13366,#13367));
#13342 = ORIENTED_EDGE('',*,*,#13343,.T.);
#13343 = EDGE_CURVE('',#13344,#3596,#13346,.T.);
#13344 = VERTEX_POINT('',#13345);
#13345 = CARTESIAN_POINT('',(17.425,24.9,25.65));
#13346 = SEAM_CURVE('',#13347,(#13351,#13358),.PCURVE_S1.);
#13347 = LINE('',#13348,#13349);
#13348 = CARTESIAN_POINT('',(17.425,24.9,28.));
#13349 = VECTOR('',#13350,1.);
#13350 = DIRECTION('',(0.,0.,1.));
#13351 = PCURVE('',#3617,#13352);
#13352 = DEFINITIONAL_REPRESENTATION('',(#13353),#13357);
#13353 = LINE('',#13354,#13355);
#13354 = CARTESIAN_POINT('',(9.424777960769,0.));
#13355 = VECTOR('',#13356,1.);
#13356 = DIRECTION('',(0.,1.));
#13357 = ( GEOMETRIC_REPRESENTATION_CONTEXT(2) 
PARAMETRIC_REPRESENTATION_CONTEXT() REPRESENTATION_CONTEXT('2D SPACE',''
  ) );
#13358 = PCURVE('',#3617,#13359);
#13359 = DEFINITIONAL_REPRESENTATION('',(#13360),#13364);
#13360 = LINE('',#13361,#13362);
#13361 = CARTESIAN_POINT('',(3.14159265359,0.));
#13362 = VECTOR('',#13363,1.);
#13363 = DIRECTION('',(0.,1.));
#13364 = ( GEOMETRIC_REPRESENTATION_CONTEXT(2) 
PARAMETRIC_REPRESENTATION_CONTEXT() REPRESENTATION_CONTEXT('2D SPACE',''
  ) );
#13365 = ORIENTED_EDGE('',*,*,#3595,.F.);
#13366 = ORIENTED_EDGE('',*,*,#13343,.F.);
#13367 = ORIENTED_EDGE('',*,*,#13368,.T.);
#13368 = EDGE_CURVE('',#13344,#13344,#13369,.T.);
#13369 = SURFACE_CURVE('',#13370,(#13375,#13382),.PCURVE_S1.);
#13370 = CIRCLE('',#13371,2.35);
#13371 = AXIS2_PLACEMENT_3D('',#13372,#13373,#13374);
#13372 = CARTESIAN_POINT('',(15.075,24.9,25.65));
#13373 = DIRECTION('',(0.,0.,1.));
#13374 = DIRECTION('',(-1.,0.,0.));
#13375 = PCURVE('',#3617,#13376);
#13376 = DEFINITIONAL_REPRESENTATION('',(#13377),#13381);
#13377 = LINE('',#13378,#13379);
#13378 = CARTESIAN_POINT('',(0.,-2.35));
#13379 = VECTOR('',#13380,1.);
#13380 = DIRECTION('',(1.,0.));
#13381 = ( GEOMETRIC_REPRESENTATION_CONTEXT(2) 
PARAMETRIC_REPRESENTATION_CONTEXT() REPRESENTATION_CONTEXT('2D SPACE',''
  ) );
#13382 = PCURVE('',#13383,#13388);
#13383 = PLANE('',#13384);
#13384 = AXIS2_PLACEMENT_3D('',#13385,#13386,#13387);
#13385 = CARTESIAN_POINT('',(15.075,24.9,25.65));
#13386 = DIRECTION('',(0.,0.,1.));
#13387 = DIRECTION('',(-1.,0.,0.));
#13388 = DEFINITIONAL_REPRESENTATION('',(#13389),#13393);
#13389 = CIRCLE('',#13390,2.35);
#13390 = AXIS2_PLACEMENT_2D('',#13391,#13392);
#13391 = CARTESIAN_POINT('',(0.,0.));
#13392 = DIRECTION('',(1.,0.));
#13393 = ( GEOMETRIC_REPRESENTATION_CONTEXT(2) 
PARAMETRIC_REPRESENTATION_CONTEXT() REPRESENTATION_CONTEXT('2D SPACE',''
  ) );
#13394 = ADVANCED_FACE('',(#13395),#941,.F.);
#13395 = FACE_BOUND('',#13396,.T.);
#13396 = EDGE_LOOP('',(#13397,#13398,#13399,#13400,#13401,#13422,#13423,
    #13424,#13445,#13446));
#13397 = ORIENTED_EDGE('',*,*,#7581,.F.);
#13398 = ORIENTED_EDGE('',*,*,#11998,.F.);
#13399 = ORIENTED_EDGE('',*,*,#12287,.F.);
#13400 = ORIENTED_EDGE('',*,*,#10743,.F.);
#13401 = ORIENTED_EDGE('',*,*,#13402,.F.);
#13402 = EDGE_CURVE('',#11175,#10744,#13403,.T.);
#13403 = SURFACE_CURVE('',#13404,(#13408,#13415),.PCURVE_S1.);
#13404 = LINE('',#13405,#13406);
#13405 = CARTESIAN_POINT('',(-44.8759510993,100.55142704514,
    -4.35882639479E-02));
#13406 = VECTOR('',#13407,1.);
#13407 = DIRECTION('',(2.180969615229E-02,-2.180969615229E-02,
    0.999524223972));
#13408 = PCURVE('',#941,#13409);
#13409 = DEFINITIONAL_REPRESENTATION('',(#13410),#13414);
#13410 = LINE('',#13411,#13412);
#13411 = CARTESIAN_POINT('',(-1.998572954857,-4.359863924339E-02));
#13412 = VECTOR('',#13413,1.);
#13413 = DIRECTION('',(-2.180969615229E-02,0.999762140288));
#13414 = ( GEOMETRIC_REPRESENTATION_CONTEXT(2) 
PARAMETRIC_REPRESENTATION_CONTEXT() REPRESENTATION_CONTEXT('2D SPACE',''
  ) );
#13415 = PCURVE('',#10781,#13416);
#13416 = DEFINITIONAL_REPRESENTATION('',(#13417),#13421);
#13417 = LINE('',#13418,#13419);
#13418 = CARTESIAN_POINT('',(5.498025088396,9.8E-16));
#13419 = VECTOR('',#13420,1.);
#13420 = DIRECTION('',(6.E-17,-1.));
#13421 = ( GEOMETRIC_REPRESENTATION_CONTEXT(2) 
PARAMETRIC_REPRESENTATION_CONTEXT() REPRESENTATION_CONTEXT('2D SPACE',''
  ) );
#13422 = ORIENTED_EDGE('',*,*,#11505,.T.);
#13423 = ORIENTED_EDGE('',*,*,#5307,.F.);
#13424 = ORIENTED_EDGE('',*,*,#13425,.F.);
#13425 = EDGE_CURVE('',#12799,#5308,#13426,.T.);
#13426 = SURFACE_CURVE('',#13427,(#13431,#13438),.PCURVE_S1.);
#13427 = LINE('',#13428,#13429);
#13428 = CARTESIAN_POINT('',(-44.23130771014,51.275,29.5));
#13429 = VECTOR('',#13430,1.);
#13430 = DIRECTION('',(-9.E-17,1.,0.));
#13431 = PCURVE('',#941,#13432);
#13432 = DEFINITIONAL_REPRESENTATION('',(#13433),#13437);
#13433 = LINE('',#13434,#13435);
#13434 = CARTESIAN_POINT('',(-51.275,29.507021872158));
#13435 = VECTOR('',#13436,1.);
#13436 = DIRECTION('',(1.,-4.843036725388E-35));
#13437 = ( GEOMETRIC_REPRESENTATION_CONTEXT(2) 
PARAMETRIC_REPRESENTATION_CONTEXT() REPRESENTATION_CONTEXT('2D SPACE',''
  ) );
#13438 = PCURVE('',#5402,#13439);
#13439 = DEFINITIONAL_REPRESENTATION('',(#13440),#13444);
#13440 = LINE('',#13441,#13442);
#13441 = CARTESIAN_POINT('',(-89.23130771014,51.275));
#13442 = VECTOR('',#13443,1.);
#13443 = DIRECTION('',(-9.E-17,1.));
#13444 = ( GEOMETRIC_REPRESENTATION_CONTEXT(2) 
PARAMETRIC_REPRESENTATION_CONTEXT() REPRESENTATION_CONTEXT('2D SPACE',''
  ) );
#13445 = ORIENTED_EDGE('',*,*,#12798,.F.);
#13446 = ORIENTED_EDGE('',*,*,#925,.F.);
#13447 = ADVANCED_FACE('',(#13448),#4118,.F.);
#13448 = FACE_BOUND('',#13449,.F.);
#13449 = EDGE_LOOP('',(#13450,#13451,#13452,#13453));
#13450 = ORIENTED_EDGE('',*,*,#10434,.T.);
#13451 = ORIENTED_EDGE('',*,*,#4102,.T.);
#13452 = ORIENTED_EDGE('',*,*,#12846,.F.);
#13453 = ORIENTED_EDGE('',*,*,#13454,.T.);
#13454 = EDGE_CURVE('',#12847,#2486,#13455,.T.);
#13455 = SURFACE_CURVE('',#13456,(#13460,#13467),.PCURVE_S1.);
#13456 = LINE('',#13457,#13458);
#13457 = CARTESIAN_POINT('',(33.25,101.19898837435,1.051E-14));
#13458 = VECTOR('',#13459,1.);
#13459 = DIRECTION('',(-1.,0.,0.));
#13460 = PCURVE('',#4118,#13461);
#13461 = DEFINITIONAL_REPRESENTATION('',(#13462),#13466);
#13462 = LINE('',#13463,#13464);
#13463 = CARTESIAN_POINT('',(0.,156.5));
#13464 = VECTOR('',#13465,1.);
#13465 = DIRECTION('',(0.,-1.));
#13466 = ( GEOMETRIC_REPRESENTATION_CONTEXT(2) 
PARAMETRIC_REPRESENTATION_CONTEXT() REPRESENTATION_CONTEXT('2D SPACE',''
  ) );
#13467 = PCURVE('',#2501,#13468);
#13468 = DEFINITIONAL_REPRESENTATION('',(#13469),#13473);
#13469 = LINE('',#13470,#13471);
#13470 = CARTESIAN_POINT('',(-78.25,102.57398837435));
#13471 = VECTOR('',#13472,1.);
#13472 = DIRECTION('',(1.,0.));
#13473 = ( GEOMETRIC_REPRESENTATION_CONTEXT(2) 
PARAMETRIC_REPRESENTATION_CONTEXT() REPRESENTATION_CONTEXT('2D SPACE',''
  ) );
#13474 = ADVANCED_FACE('',(#13475),#4787,.T.);
#13475 = FACE_BOUND('',#13476,.T.);
#13476 = EDGE_LOOP('',(#13477,#13478,#13479,#13480));
#13477 = ORIENTED_EDGE('',*,*,#4771,.T.);
#13478 = ORIENTED_EDGE('',*,*,#4985,.F.);
#13479 = ORIENTED_EDGE('',*,*,#12727,.F.);
#13480 = ORIENTED_EDGE('',*,*,#13047,.T.);
#13481 = ADVANCED_FACE('',(#13482),#1389,.T.);
#13482 = FACE_BOUND('',#13483,.T.);
#13483 = EDGE_LOOP('',(#13484,#13485,#13486,#13507));
#13484 = ORIENTED_EDGE('',*,*,#12364,.T.);
#13485 = ORIENTED_EDGE('',*,*,#12568,.F.);
#13486 = ORIENTED_EDGE('',*,*,#13487,.F.);
#13487 = EDGE_CURVE('',#1374,#12546,#13488,.T.);
#13488 = SURFACE_CURVE('',#13489,(#13493,#13500),.PCURVE_S1.);
#13489 = LINE('',#13490,#13491);
#13490 = CARTESIAN_POINT('',(-22.45,-96.79898837435,1.051E-14));
#13491 = VECTOR('',#13492,1.);
#13492 = DIRECTION('',(0.,2.181488503456E-02,0.99976202708));
#13493 = PCURVE('',#1389,#13494);
#13494 = DEFINITIONAL_REPRESENTATION('',(#13495),#13499);
#13495 = LINE('',#13496,#13497);
#13496 = CARTESIAN_POINT('',(-14.75351093607,1.75));
#13497 = VECTOR('',#13498,1.);
#13498 = DIRECTION('',(1.,4.092215945834E-30));
#13499 = ( GEOMETRIC_REPRESENTATION_CONTEXT(2) 
PARAMETRIC_REPRESENTATION_CONTEXT() REPRESENTATION_CONTEXT('2D SPACE',''
  ) );
#13500 = PCURVE('',#1417,#13501);
#13501 = DEFINITIONAL_REPRESENTATION('',(#13502),#13506);
#13502 = LINE('',#13503,#13504);
#13503 = CARTESIAN_POINT('',(-14.75,-1.5));
#13504 = VECTOR('',#13505,1.);
#13505 = DIRECTION('',(0.99976202708,-2.181488503456E-02));
#13506 = ( GEOMETRIC_REPRESENTATION_CONTEXT(2) 
PARAMETRIC_REPRESENTATION_CONTEXT() REPRESENTATION_CONTEXT('2D SPACE',''
  ) );
#13507 = ORIENTED_EDGE('',*,*,#1373,.F.);
#13508 = ADVANCED_FACE('',(#13509),#5072,.T.);
#13509 = FACE_BOUND('',#13510,.T.);
#13510 = EDGE_LOOP('',(#13511,#13512,#13513,#13514));
#13511 = ORIENTED_EDGE('',*,*,#13203,.F.);
#13512 = ORIENTED_EDGE('',*,*,#11701,.F.);
#13513 = ORIENTED_EDGE('',*,*,#5058,.F.);
#13514 = ORIENTED_EDGE('',*,*,#13515,.F.);
#13515 = EDGE_CURVE('',#13204,#5031,#13516,.T.);
#13516 = SURFACE_CURVE('',#13517,(#13521,#13528),.PCURVE_S1.);
#13517 = LINE('',#13518,#13519);
#13518 = CARTESIAN_POINT('',(40.55,99.8,29.5));
#13519 = VECTOR('',#13520,1.);
#13520 = DIRECTION('',(-1.,0.,0.));
#13521 = PCURVE('',#5072,#13522);
#13522 = DEFINITIONAL_REPRESENTATION('',(#13523),#13527);
#13523 = LINE('',#13524,#13525);
#13524 = CARTESIAN_POINT('',(-85.55,99.8));
#13525 = VECTOR('',#13526,1.);
#13526 = DIRECTION('',(1.,0.));
#13527 = ( GEOMETRIC_REPRESENTATION_CONTEXT(2) 
PARAMETRIC_REPRESENTATION_CONTEXT() REPRESENTATION_CONTEXT('2D SPACE',''
  ) );
#13528 = PCURVE('',#5046,#13529);
#13529 = DEFINITIONAL_REPRESENTATION('',(#13530),#13534);
#13530 = LINE('',#13531,#13532);
#13531 = CARTESIAN_POINT('',(0.,29.5));
#13532 = VECTOR('',#13533,1.);
#13533 = DIRECTION('',(1.,0.));
#13534 = ( GEOMETRIC_REPRESENTATION_CONTEXT(2) 
PARAMETRIC_REPRESENTATION_CONTEXT() REPRESENTATION_CONTEXT('2D SPACE',''
  ) );
#13535 = ADVANCED_FACE('',(#13536),#1277,.T.);
#13536 = FACE_BOUND('',#13537,.T.);
#13537 = EDGE_LOOP('',(#13538,#13539,#13540,#13541));
#13538 = ORIENTED_EDGE('',*,*,#9660,.T.);
#13539 = ORIENTED_EDGE('',*,*,#12612,.F.);
#13540 = ORIENTED_EDGE('',*,*,#6713,.F.);
#13541 = ORIENTED_EDGE('',*,*,#1261,.F.);
#13542 = ADVANCED_FACE('',(#13543),#10781,.T.);
#13543 = FACE_BOUND('',#13544,.T.);
#13544 = EDGE_LOOP('',(#13545,#13546,#13547,#13548));
#13545 = ORIENTED_EDGE('',*,*,#11172,.T.);
#13546 = ORIENTED_EDGE('',*,*,#13402,.T.);
#13547 = ORIENTED_EDGE('',*,*,#10767,.T.);
#13548 = ORIENTED_EDGE('',*,*,#13289,.T.);
#13549 = ADVANCED_FACE('',(#13550),#3656,.F.);
#13550 = FACE_BOUND('',#13551,.F.);
#13551 = EDGE_LOOP('',(#13552,#13573,#13574,#13575));
#13552 = ORIENTED_EDGE('',*,*,#13553,.T.);
#13553 = EDGE_CURVE('',#3636,#8524,#13554,.T.);
#13554 = SEAM_CURVE('',#13555,(#13559,#13566),.PCURVE_S1.);
#13555 = LINE('',#13556,#13557);
#13556 = CARTESIAN_POINT('',(2.35,92.0302961,2.475));
#13557 = VECTOR('',#13558,1.);
#13558 = DIRECTION('',(0.,0.,1.));
#13559 = PCURVE('',#3656,#13560);
#13560 = DEFINITIONAL_REPRESENTATION('',(#13561),#13565);
#13561 = LINE('',#13562,#13563);
#13562 = CARTESIAN_POINT('',(3.14159265359,0.));
#13563 = VECTOR('',#13564,1.);
#13564 = DIRECTION('',(0.,1.));
#13565 = ( GEOMETRIC_REPRESENTATION_CONTEXT(2) 
PARAMETRIC_REPRESENTATION_CONTEXT() REPRESENTATION_CONTEXT('2D SPACE',''
  ) );
#13566 = PCURVE('',#3656,#13567);
#13567 = DEFINITIONAL_REPRESENTATION('',(#13568),#13572);
#13568 = LINE('',#13569,#13570);
#13569 = CARTESIAN_POINT('',(-3.14159265359,0.));
#13570 = VECTOR('',#13571,1.);
#13571 = DIRECTION('',(0.,1.));
#13572 = ( GEOMETRIC_REPRESENTATION_CONTEXT(2) 
PARAMETRIC_REPRESENTATION_CONTEXT() REPRESENTATION_CONTEXT('2D SPACE',''
  ) );
#13573 = ORIENTED_EDGE('',*,*,#8523,.F.);
#13574 = ORIENTED_EDGE('',*,*,#13553,.F.);
#13575 = ORIENTED_EDGE('',*,*,#3635,.F.);
#13576 = ADVANCED_FACE('',(#13577),#1417,.T.);
#13577 = FACE_BOUND('',#13578,.T.);
#13578 = EDGE_LOOP('',(#13579,#13580,#13581,#13582));
#13579 = ORIENTED_EDGE('',*,*,#13487,.T.);
#13580 = ORIENTED_EDGE('',*,*,#12545,.F.);
#13581 = ORIENTED_EDGE('',*,*,#8636,.F.);
#13582 = ORIENTED_EDGE('',*,*,#1401,.F.);
#13583 = ADVANCED_FACE('',(#13584),#1501,.T.);
#13584 = FACE_BOUND('',#13585,.T.);
#13585 = EDGE_LOOP('',(#13586,#13587,#13588,#13589));
#13586 = ORIENTED_EDGE('',*,*,#12522,.F.);
#13587 = ORIENTED_EDGE('',*,*,#8732,.F.);
#13588 = ORIENTED_EDGE('',*,*,#1485,.F.);
#13589 = ORIENTED_EDGE('',*,*,#9298,.T.);
#13590 = ADVANCED_FACE('',(#13591),#4676,.T.);
#13591 = FACE_BOUND('',#13592,.T.);
#13592 = EDGE_LOOP('',(#13593,#13594,#13595,#13616));
#13593 = ORIENTED_EDGE('',*,*,#10028,.F.);
#13594 = ORIENTED_EDGE('',*,*,#11147,.F.);
#13595 = ORIENTED_EDGE('',*,*,#13596,.F.);
#13596 = EDGE_CURVE('',#4661,#11125,#13597,.T.);
#13597 = SURFACE_CURVE('',#13598,(#13602,#13609),.PCURVE_S1.);
#13598 = LINE('',#13599,#13600);
#13599 = CARTESIAN_POINT('',(-33.,-99.69898837435,-1.25));
#13600 = VECTOR('',#13601,1.);
#13601 = DIRECTION('',(0.,-1.,0.));
#13602 = PCURVE('',#4676,#13603);
#13603 = DEFINITIONAL_REPRESENTATION('',(#13604),#13608);
#13604 = LINE('',#13605,#13606);
#13605 = CARTESIAN_POINT('',(-78.,-0.6));
#13606 = VECTOR('',#13607,1.);
#13607 = DIRECTION('',(0.,1.));
#13608 = ( GEOMETRIC_REPRESENTATION_CONTEXT(2) 
PARAMETRIC_REPRESENTATION_CONTEXT() REPRESENTATION_CONTEXT('2D SPACE',''
  ) );
#13609 = PCURVE('',#1641,#13610);
#13610 = DEFINITIONAL_REPRESENTATION('',(#13611),#13615);
#13611 = LINE('',#13612,#13613);
#13612 = CARTESIAN_POINT('',(1.25,0.));
#13613 = VECTOR('',#13614,1.);
#13614 = DIRECTION('',(0.,1.));
#13615 = ( GEOMETRIC_REPRESENTATION_CONTEXT(2) 
PARAMETRIC_REPRESENTATION_CONTEXT() REPRESENTATION_CONTEXT('2D SPACE',''
  ) );
#13616 = ORIENTED_EDGE('',*,*,#4660,.F.);
#13617 = ADVANCED_FACE('',(#13618),#5133,.F.);
#13618 = FACE_BOUND('',#13619,.T.);
#13619 = EDGE_LOOP('',(#13620,#13621,#13622,#13645));
#13620 = ORIENTED_EDGE('',*,*,#5117,.T.);
#13621 = ORIENTED_EDGE('',*,*,#7965,.T.);
#13622 = ORIENTED_EDGE('',*,*,#13623,.T.);
#13623 = EDGE_CURVE('',#7943,#13624,#13626,.T.);
#13624 = VERTEX_POINT('',#13625);
#13625 = CARTESIAN_POINT('',(20.4,98.29898837435,1.1E-14));
#13626 = SURFACE_CURVE('',#13627,(#13631,#13638),.PCURVE_S1.);
#13627 = LINE('',#13628,#13629);
#13628 = CARTESIAN_POINT('',(20.4,97.655296084497,29.5));
#13629 = VECTOR('',#13630,1.);
#13630 = DIRECTION('',(0.,2.181488503456E-02,-0.99976202708));
#13631 = PCURVE('',#5133,#13632);
#13632 = DEFINITIONAL_REPRESENTATION('',(#13633),#13637);
#13633 = LINE('',#13634,#13635);
#13634 = CARTESIAN_POINT('',(-155.275,29.599757202052));
#13635 = VECTOR('',#13636,1.);
#13636 = DIRECTION('',(0.,-1.));
#13637 = ( GEOMETRIC_REPRESENTATION_CONTEXT(2) 
PARAMETRIC_REPRESENTATION_CONTEXT() REPRESENTATION_CONTEXT('2D SPACE',''
  ) );
#13638 = PCURVE('',#3865,#13639);
#13639 = DEFINITIONAL_REPRESENTATION('',(#13640),#13644);
#13640 = LINE('',#13641,#13642);
#13641 = CARTESIAN_POINT('',(14.75,0.643692289853));
#13642 = VECTOR('',#13643,1.);
#13643 = DIRECTION('',(-0.99976202708,-2.181488503456E-02));
#13644 = ( GEOMETRIC_REPRESENTATION_CONTEXT(2) 
PARAMETRIC_REPRESENTATION_CONTEXT() REPRESENTATION_CONTEXT('2D SPACE',''
  ) );
#13645 = ORIENTED_EDGE('',*,*,#13646,.F.);
#13646 = EDGE_CURVE('',#5118,#13624,#13647,.T.);
#13647 = SURFACE_CURVE('',#13648,(#13652,#13659),.PCURVE_S1.);
#13648 = LINE('',#13649,#13650);
#13649 = CARTESIAN_POINT('',(22.45,98.29898837435,1.051E-14));
#13650 = VECTOR('',#13651,1.);
#13651 = DIRECTION('',(-1.,0.,0.));
#13652 = PCURVE('',#5133,#13653);
#13653 = DEFINITIONAL_REPRESENTATION('',(#13654),#13658);
#13654 = LINE('',#13655,#13656);
#13655 = CARTESIAN_POINT('',(-157.325,9.273532989414E-02));
#13656 = VECTOR('',#13657,1.);
#13657 = DIRECTION('',(1.,0.));
#13658 = ( GEOMETRIC_REPRESENTATION_CONTEXT(2) 
PARAMETRIC_REPRESENTATION_CONTEXT() REPRESENTATION_CONTEXT('2D SPACE',''
  ) );
#13659 = PCURVE('',#2501,#13660);
#13660 = DEFINITIONAL_REPRESENTATION('',(#13661),#13665);
#13661 = LINE('',#13662,#13663);
#13662 = CARTESIAN_POINT('',(-67.45,99.67398837435));
#13663 = VECTOR('',#13664,1.);
#13664 = DIRECTION('',(1.,0.));
#13665 = ( GEOMETRIC_REPRESENTATION_CONTEXT(2) 
PARAMETRIC_REPRESENTATION_CONTEXT() REPRESENTATION_CONTEXT('2D SPACE',''
  ) );
#13666 = ADVANCED_FACE('',(#13667),#9193,.T.);
#13667 = FACE_BOUND('',#13668,.T.);
#13668 = EDGE_LOOP('',(#13669,#13670,#13691,#13692));
#13669 = ORIENTED_EDGE('',*,*,#11436,.T.);
#13670 = ORIENTED_EDGE('',*,*,#13671,.F.);
#13671 = EDGE_CURVE('',#9171,#11414,#13672,.T.);
#13672 = SURFACE_CURVE('',#13673,(#13677,#13684),.PCURVE_S1.);
#13673 = LINE('',#13674,#13675);
#13674 = CARTESIAN_POINT('',(-37.15,96.188018412049,28.00035695938));
#13675 = VECTOR('',#13676,1.);
#13676 = DIRECTION('',(0.,2.181488503456E-02,-0.99976202708));
#13677 = PCURVE('',#9193,#13678);
#13678 = DEFINITIONAL_REPRESENTATION('',(#13679),#13683);
#13679 = LINE('',#13680,#13681);
#13680 = CARTESIAN_POINT('',(-14.00351093607,1.5));
#13681 = VECTOR('',#13682,1.);
#13682 = DIRECTION('',(1.,2.465190328816E-30));
#13683 = ( GEOMETRIC_REPRESENTATION_CONTEXT(2) 
PARAMETRIC_REPRESENTATION_CONTEXT() REPRESENTATION_CONTEXT('2D SPACE',''
  ) );
#13684 = PCURVE('',#1165,#13685);
#13685 = DEFINITIONAL_REPRESENTATION('',(#13686),#13690);
#13686 = LINE('',#13687,#13688);
#13687 = CARTESIAN_POINT('',(13.75035695938,-193.4867687568));
#13688 = VECTOR('',#13689,1.);
#13689 = DIRECTION('',(-0.99976202708,-2.181488503456E-02));
#13690 = ( GEOMETRIC_REPRESENTATION_CONTEXT(2) 
PARAMETRIC_REPRESENTATION_CONTEXT() REPRESENTATION_CONTEXT('2D SPACE',''
  ) );
#13691 = ORIENTED_EDGE('',*,*,#9170,.T.);
#13692 = ORIENTED_EDGE('',*,*,#9456,.T.);
#13693 = ADVANCED_FACE('',(#13694),#7367,.F.);
#13694 = FACE_BOUND('',#13695,.T.);
#13695 = EDGE_LOOP('',(#13696,#13697,#13718,#13719,#13740,#13741));
#13696 = ORIENTED_EDGE('',*,*,#11927,.T.);
#13697 = ORIENTED_EDGE('',*,*,#13698,.F.);
#13698 = EDGE_CURVE('',#7606,#11928,#13699,.T.);
#13699 = SURFACE_CURVE('',#13700,(#13704,#13711),.PCURVE_S1.);
#13700 = LINE('',#13701,#13702);
#13701 = CARTESIAN_POINT('',(-40.55,-99.8,27.902633583067));
#13702 = VECTOR('',#13703,1.);
#13703 = DIRECTION('',(0.,1.,0.));
#13704 = PCURVE('',#7367,#13705);
#13705 = DEFINITIONAL_REPRESENTATION('',(#13706),#13710);
#13706 = LINE('',#13707,#13708);
#13707 = CARTESIAN_POINT('',(0.516172188769,0.));
#13708 = VECTOR('',#13709,1.);
#13709 = DIRECTION('',(0.,1.));
#13710 = ( GEOMETRIC_REPRESENTATION_CONTEXT(2) 
PARAMETRIC_REPRESENTATION_CONTEXT() REPRESENTATION_CONTEXT('2D SPACE',''
  ) );
#13711 = PCURVE('',#1053,#13712);
#13712 = DEFINITIONAL_REPRESENTATION('',(#13713),#13717);
#13713 = LINE('',#13714,#13715);
#13714 = CARTESIAN_POINT('',(-0.75101162565,1.597366416933));
#13715 = VECTOR('',#13716,1.);
#13716 = DIRECTION('',(1.,0.));
#13717 = ( GEOMETRIC_REPRESENTATION_CONTEXT(2) 
PARAMETRIC_REPRESENTATION_CONTEXT() REPRESENTATION_CONTEXT('2D SPACE',''
  ) );
#13718 = ORIENTED_EDGE('',*,*,#7605,.T.);
#13719 = ORIENTED_EDGE('',*,*,#13720,.T.);
#13720 = EDGE_CURVE('',#7608,#12215,#13721,.T.);
#13721 = SURFACE_CURVE('',#13722,(#13726,#13733),.PCURVE_S1.);
#13722 = LINE('',#13723,#13724);
#13723 = CARTESIAN_POINT('',(-41.62314199183,-97.89155827383,
    27.902633583067));
#13724 = VECTOR('',#13725,1.);
#13725 = DIRECTION('',(-0.792169681219,-0.61030090624,0.));
#13726 = PCURVE('',#7367,#13727);
#13727 = DEFINITIONAL_REPRESENTATION('',(#13728),#13732);
#13728 = LINE('',#13729,#13730);
#13729 = CARTESIAN_POINT('',(-0.556969803066,1.908441726167));
#13730 = VECTOR('',#13731,1.);
#13731 = DIRECTION('',(-0.792169681219,-0.61030090624));
#13732 = ( GEOMETRIC_REPRESENTATION_CONTEXT(2) 
PARAMETRIC_REPRESENTATION_CONTEXT() REPRESENTATION_CONTEXT('2D SPACE',''
  ) );
#13733 = PCURVE('',#997,#13734);
#13734 = DEFINITIONAL_REPRESENTATION('',(#13735),#13739);
#13735 = LINE('',#13736,#13737);
#13736 = CARTESIAN_POINT('',(0.723509123643,1.597366416933));
#13737 = VECTOR('',#13738,1.);
#13738 = DIRECTION('',(1.,0.));
#13739 = ( GEOMETRIC_REPRESENTATION_CONTEXT(2) 
PARAMETRIC_REPRESENTATION_CONTEXT() REPRESENTATION_CONTEXT('2D SPACE',''
  ) );
#13740 = ORIENTED_EDGE('',*,*,#12214,.T.);
#13741 = ORIENTED_EDGE('',*,*,#7349,.T.);
#13742 = ADVANCED_FACE('',(#13743),#2363,.F.);
#13743 = FACE_BOUND('',#13744,.F.);
#13744 = EDGE_LOOP('',(#13745,#13746,#13747,#13770,#13791));
#13745 = ORIENTED_EDGE('',*,*,#2347,.F.);
#13746 = ORIENTED_EDGE('',*,*,#11268,.T.);
#13747 = ORIENTED_EDGE('',*,*,#13748,.F.);
#13748 = EDGE_CURVE('',#13749,#11269,#13751,.T.);
#13749 = VERTEX_POINT('',#13750);
#13750 = CARTESIAN_POINT('',(-9.,99.69898837435,1.25));
#13751 = SURFACE_CURVE('',#13752,(#13756,#13763),.PCURVE_S1.);
#13752 = LINE('',#13753,#13754);
#13753 = CARTESIAN_POINT('',(-9.,99.69898837435,-28.38045381863));
#13754 = VECTOR('',#13755,1.);
#13755 = DIRECTION('',(6.E-17,0.,-1.));
#13756 = PCURVE('',#2363,#13757);
#13757 = DEFINITIONAL_REPRESENTATION('',(#13758),#13762);
#13758 = LINE('',#13759,#13760);
#13759 = CARTESIAN_POINT('',(28.380453818635,-132.25));
#13760 = VECTOR('',#13761,1.);
#13761 = DIRECTION('',(1.,6.E-17));
#13762 = ( GEOMETRIC_REPRESENTATION_CONTEXT(2) 
PARAMETRIC_REPRESENTATION_CONTEXT() REPRESENTATION_CONTEXT('2D SPACE',''
  ) );
#13763 = PCURVE('',#7085,#13764);
#13764 = DEFINITIONAL_REPRESENTATION('',(#13765),#13769);
#13765 = LINE('',#13766,#13767);
#13766 = CARTESIAN_POINT('',(28.380453818635,-87.25));
#13767 = VECTOR('',#13768,1.);
#13768 = DIRECTION('',(1.,6.E-17));
#13769 = ( GEOMETRIC_REPRESENTATION_CONTEXT(2) 
PARAMETRIC_REPRESENTATION_CONTEXT() REPRESENTATION_CONTEXT('2D SPACE',''
  ) );
#13770 = ORIENTED_EDGE('',*,*,#13771,.F.);
#13771 = EDGE_CURVE('',#7070,#13749,#13772,.T.);
#13772 = SURFACE_CURVE('',#13773,(#13777,#13784),.PCURVE_S1.);
#13773 = LINE('',#13774,#13775);
#13774 = CARTESIAN_POINT('',(-9.,99.69898837435,-28.38045381863));
#13775 = VECTOR('',#13776,1.);
#13776 = DIRECTION('',(6.E-17,0.,-1.));
#13777 = PCURVE('',#2363,#13778);
#13778 = DEFINITIONAL_REPRESENTATION('',(#13779),#13783);
#13779 = LINE('',#13780,#13781);
#13780 = CARTESIAN_POINT('',(28.380453818635,-132.25));
#13781 = VECTOR('',#13782,1.);
#13782 = DIRECTION('',(1.,6.E-17));
#13783 = ( GEOMETRIC_REPRESENTATION_CONTEXT(2) 
PARAMETRIC_REPRESENTATION_CONTEXT() REPRESENTATION_CONTEXT('2D SPACE',''
  ) );
#13784 = PCURVE('',#7085,#13785);
#13785 = DEFINITIONAL_REPRESENTATION('',(#13786),#13790);
#13786 = LINE('',#13787,#13788);
#13787 = CARTESIAN_POINT('',(28.380453818635,-87.25));
#13788 = VECTOR('',#13789,1.);
#13789 = DIRECTION('',(1.,6.E-17));
#13790 = ( GEOMETRIC_REPRESENTATION_CONTEXT(2) 
PARAMETRIC_REPRESENTATION_CONTEXT() REPRESENTATION_CONTEXT('2D SPACE',''
  ) );
#13791 = ORIENTED_EDGE('',*,*,#13792,.T.);
#13792 = EDGE_CURVE('',#7070,#2313,#13793,.T.);
#13793 = SURFACE_CURVE('',#13794,(#13798,#13805),.PCURVE_S1.);
#13794 = LINE('',#13795,#13796);
#13795 = CARTESIAN_POINT('',(123.25,99.69898837435,1.75));
#13796 = VECTOR('',#13797,1.);
#13797 = DIRECTION('',(-1.,0.,0.));
#13798 = PCURVE('',#2363,#13799);
#13799 = DEFINITIONAL_REPRESENTATION('',(#13800),#13804);
#13800 = LINE('',#13801,#13802);
#13801 = CARTESIAN_POINT('',(-1.75,0.));
#13802 = VECTOR('',#13803,1.);
#13803 = DIRECTION('',(0.,-1.));
#13804 = ( GEOMETRIC_REPRESENTATION_CONTEXT(2) 
PARAMETRIC_REPRESENTATION_CONTEXT() REPRESENTATION_CONTEXT('2D SPACE',''
  ) );
#13805 = PCURVE('',#2335,#13806);
#13806 = DEFINITIONAL_REPRESENTATION('',(#13807),#13811);
#13807 = LINE('',#13808,#13809);
#13808 = CARTESIAN_POINT('',(78.25,0.75));
#13809 = VECTOR('',#13810,1.);
#13810 = DIRECTION('',(-1.,0.));
#13811 = ( GEOMETRIC_REPRESENTATION_CONTEXT(2) 
PARAMETRIC_REPRESENTATION_CONTEXT() REPRESENTATION_CONTEXT('2D SPACE',''
  ) );
#13812 = ADVANCED_FACE('',(#13813),#13826,.F.);
#13813 = FACE_BOUND('',#13814,.T.);
#13814 = EDGE_LOOP('',(#13815));
#13815 = ORIENTED_EDGE('',*,*,#13816,.F.);
#13816 = EDGE_CURVE('',#13817,#13817,#13819,.T.);
#13817 = VERTEX_POINT('',#13818);
#13818 = CARTESIAN_POINT('',(17.425,-25.1,30.35));
#13819 = SURFACE_CURVE('',#13820,(#13825,#13837),.PCURVE_S1.);
#13820 = CIRCLE('',#13821,2.35);
#13821 = AXIS2_PLACEMENT_3D('',#13822,#13823,#13824);
#13822 = CARTESIAN_POINT('',(15.075,-25.1,30.35));
#13823 = DIRECTION('',(0.,0.,1.));
#13824 = DIRECTION('',(-1.,0.,0.));
#13825 = PCURVE('',#13826,#13831);
#13826 = PLANE('',#13827);
#13827 = AXIS2_PLACEMENT_3D('',#13828,#13829,#13830);
#13828 = CARTESIAN_POINT('',(15.075,-25.1,30.35));
#13829 = DIRECTION('',(0.,0.,1.));
#13830 = DIRECTION('',(-1.,0.,0.));
#13831 = DEFINITIONAL_REPRESENTATION('',(#13832),#13836);
#13832 = CIRCLE('',#13833,2.35);
#13833 = AXIS2_PLACEMENT_2D('',#13834,#13835);
#13834 = CARTESIAN_POINT('',(0.,0.));
#13835 = DIRECTION('',(1.,0.));
#13836 = ( GEOMETRIC_REPRESENTATION_CONTEXT(2) 
PARAMETRIC_REPRESENTATION_CONTEXT() REPRESENTATION_CONTEXT('2D SPACE',''
  ) );
#13837 = PCURVE('',#10816,#13838);
#13838 = DEFINITIONAL_REPRESENTATION('',(#13839),#13843);
#13839 = LINE('',#13840,#13841);
#13840 = CARTESIAN_POINT('',(0.,2.35));
#13841 = VECTOR('',#13842,1.);
#13842 = DIRECTION('',(1.,0.));
#13843 = ( GEOMETRIC_REPRESENTATION_CONTEXT(2) 
PARAMETRIC_REPRESENTATION_CONTEXT() REPRESENTATION_CONTEXT('2D SPACE',''
  ) );
#13844 = ADVANCED_FACE('',(#13845),#5402,.F.);
#13845 = FACE_BOUND('',#13846,.T.);
#13846 = EDGE_LOOP('',(#13847,#13848,#13849,#13850));
#13847 = ORIENTED_EDGE('',*,*,#12260,.F.);
#13848 = ORIENTED_EDGE('',*,*,#12821,.T.);
#13849 = ORIENTED_EDGE('',*,*,#13425,.T.);
#13850 = ORIENTED_EDGE('',*,*,#5388,.T.);
#13851 = ADVANCED_FACE('',(#13852,#13883),#4024,.F.);
#13852 = FACE_BOUND('',#13853,.T.);
#13853 = EDGE_LOOP('',(#13854));
#13854 = ORIENTED_EDGE('',*,*,#13855,.F.);
#13855 = EDGE_CURVE('',#13856,#13856,#13858,.T.);
#13856 = VERTEX_POINT('',#13857);
#13857 = CARTESIAN_POINT('',(19.075,74.9,25.65));
#13858 = SURFACE_CURVE('',#13859,(#13864,#13871),.PCURVE_S1.);
#13859 = CIRCLE('',#13860,4.);
#13860 = AXIS2_PLACEMENT_3D('',#13861,#13862,#13863);
#13861 = CARTESIAN_POINT('',(15.075,74.9,25.65));
#13862 = DIRECTION('',(0.,0.,1.));
#13863 = DIRECTION('',(-1.,0.,0.));
#13864 = PCURVE('',#4024,#13865);
#13865 = DEFINITIONAL_REPRESENTATION('',(#13866),#13870);
#13866 = CIRCLE('',#13867,4.);
#13867 = AXIS2_PLACEMENT_2D('',#13868,#13869);
#13868 = CARTESIAN_POINT('',(0.,0.));
#13869 = DIRECTION('',(1.,0.));
#13870 = ( GEOMETRIC_REPRESENTATION_CONTEXT(2) 
PARAMETRIC_REPRESENTATION_CONTEXT() REPRESENTATION_CONTEXT('2D SPACE',''
  ) );
#13871 = PCURVE('',#13872,#13877);
#13872 = CYLINDRICAL_SURFACE('',#13873,4.);
#13873 = AXIS2_PLACEMENT_3D('',#13874,#13875,#13876);
#13874 = CARTESIAN_POINT('',(15.075,74.9,29.5));
#13875 = DIRECTION('',(0.,0.,-1.));
#13876 = DIRECTION('',(-1.,0.,0.));
#13877 = DEFINITIONAL_REPRESENTATION('',(#13878),#13882);
#13878 = LINE('',#13879,#13880);
#13879 = CARTESIAN_POINT('',(6.28318530718,3.85));
#13880 = VECTOR('',#13881,1.);
#13881 = DIRECTION('',(-1.,0.));
#13882 = ( GEOMETRIC_REPRESENTATION_CONTEXT(2) 
PARAMETRIC_REPRESENTATION_CONTEXT() REPRESENTATION_CONTEXT('2D SPACE',''
  ) );
#13883 = FACE_BOUND('',#13884,.T.);
#13884 = EDGE_LOOP('',(#13885));
#13885 = ORIENTED_EDGE('',*,*,#4009,.T.);
#13886 = ADVANCED_FACE('',(#13887,#13890),#7748,.F.);
#13887 = FACE_BOUND('',#13888,.T.);
#13888 = EDGE_LOOP('',(#13889));
#13889 = ORIENTED_EDGE('',*,*,#7733,.T.);
#13890 = FACE_BOUND('',#13891,.T.);
#13891 = EDGE_LOOP('',(#13892));
#13892 = ORIENTED_EDGE('',*,*,#13121,.T.);
#13893 = ADVANCED_FACE('',(#13894),#1746,.T.);
#13894 = FACE_BOUND('',#13895,.T.);
#13895 = EDGE_LOOP('',(#13896,#13897,#13898,#13899));
#13896 = ORIENTED_EDGE('',*,*,#7509,.F.);
#13897 = ORIENTED_EDGE('',*,*,#1732,.F.);
#13898 = ORIENTED_EDGE('',*,*,#8426,.F.);
#13899 = ORIENTED_EDGE('',*,*,#13900,.F.);
#13900 = EDGE_CURVE('',#7510,#8427,#13901,.T.);
#13901 = SURFACE_CURVE('',#13902,(#13906,#13913),.PCURVE_S1.);
#13902 = LINE('',#13903,#13904);
#13903 = CARTESIAN_POINT('',(89.9375,-101.9102157214,29.320898376362));
#13904 = VECTOR('',#13905,1.);
#13905 = DIRECTION('',(1.,0.,0.));
#13906 = PCURVE('',#1746,#13907);
#13907 = DEFINITIONAL_REPRESENTATION('',(#13908),#13912);
#13908 = LINE('',#13909,#13910);
#13909 = CARTESIAN_POINT('',(-44.9375,29.327877617039));
#13910 = VECTOR('',#13911,1.);
#13911 = DIRECTION('',(1.,0.));
#13912 = ( GEOMETRIC_REPRESENTATION_CONTEXT(2) 
PARAMETRIC_REPRESENTATION_CONTEXT() REPRESENTATION_CONTEXT('2D SPACE',''
  ) );
#13913 = PCURVE('',#9029,#13914);
#13914 = DEFINITIONAL_REPRESENTATION('',(#13915),#13919);
#13915 = LINE('',#13916,#13917);
#13916 = CARTESIAN_POINT('',(-0.774489855572,0.));
#13917 = VECTOR('',#13918,1.);
#13918 = DIRECTION('',(0.,-1.));
#13919 = ( GEOMETRIC_REPRESENTATION_CONTEXT(2) 
PARAMETRIC_REPRESENTATION_CONTEXT() REPRESENTATION_CONTEXT('2D SPACE',''
  ) );
#13920 = ADVANCED_FACE('',(#13921),#701,.T.);
#13921 = FACE_BOUND('',#13922,.T.);
#13922 = EDGE_LOOP('',(#13923,#13924,#13925,#13926));
#13923 = ORIENTED_EDGE('',*,*,#3323,.T.);
#13924 = ORIENTED_EDGE('',*,*,#687,.T.);
#13925 = ORIENTED_EDGE('',*,*,#6535,.F.);
#13926 = ORIENTED_EDGE('',*,*,#13180,.F.);
#13927 = ADVANCED_FACE('',(#13928),#5046,.F.);
#13928 = FACE_BOUND('',#13929,.T.);
#13929 = EDGE_LOOP('',(#13930,#13931,#13932,#13933));
#13930 = ORIENTED_EDGE('',*,*,#13226,.T.);
#13931 = ORIENTED_EDGE('',*,*,#13515,.T.);
#13932 = ORIENTED_EDGE('',*,*,#5030,.F.);
#13933 = ORIENTED_EDGE('',*,*,#13934,.F.);
#13934 = EDGE_CURVE('',#13227,#5008,#13935,.T.);
#13935 = SURFACE_CURVE('',#13936,(#13940,#13947),.PCURVE_S1.);
#13936 = LINE('',#13937,#13938);
#13937 = CARTESIAN_POINT('',(40.55,99.8,0.));
#13938 = VECTOR('',#13939,1.);
#13939 = DIRECTION('',(-1.,0.,0.));
#13940 = PCURVE('',#5046,#13941);
#13941 = DEFINITIONAL_REPRESENTATION('',(#13942),#13946);
#13942 = LINE('',#13943,#13944);
#13943 = CARTESIAN_POINT('',(0.,0.));
#13944 = VECTOR('',#13945,1.);
#13945 = DIRECTION('',(1.,0.));
#13946 = ( GEOMETRIC_REPRESENTATION_CONTEXT(2) 
PARAMETRIC_REPRESENTATION_CONTEXT() REPRESENTATION_CONTEXT('2D SPACE',''
  ) );
#13947 = PCURVE('',#2501,#13948);
#13948 = DEFINITIONAL_REPRESENTATION('',(#13949),#13953);
#13949 = LINE('',#13950,#13951);
#13950 = CARTESIAN_POINT('',(-85.55,101.175));
#13951 = VECTOR('',#13952,1.);
#13952 = DIRECTION('',(1.,0.));
#13953 = ( GEOMETRIC_REPRESENTATION_CONTEXT(2) 
PARAMETRIC_REPRESENTATION_CONTEXT() REPRESENTATION_CONTEXT('2D SPACE',''
  ) );
#13954 = ADVANCED_FACE('',(#13955),#1333,.F.);
#13955 = FACE_BOUND('',#13956,.T.);
#13956 = EDGE_LOOP('',(#13957,#13958,#13959,#13960));
#13957 = ORIENTED_EDGE('',*,*,#6759,.T.);
#13958 = ORIENTED_EDGE('',*,*,#12590,.T.);
#13959 = ORIENTED_EDGE('',*,*,#12318,.T.);
#13960 = ORIENTED_EDGE('',*,*,#1317,.F.);
#13961 = ADVANCED_FACE('',(#13962),#1641,.T.);
#13962 = FACE_BOUND('',#13963,.T.);
#13963 = EDGE_LOOP('',(#13964,#13965,#13966,#13967));
#13964 = ORIENTED_EDGE('',*,*,#13596,.T.);
#13965 = ORIENTED_EDGE('',*,*,#11124,.F.);
#13966 = ORIENTED_EDGE('',*,*,#1625,.F.);
#13967 = ORIENTED_EDGE('',*,*,#4688,.T.);
#13968 = ADVANCED_FACE('',(#13969,#13972),#2095,.F.);
#13969 = FACE_BOUND('',#13970,.T.);
#13970 = EDGE_LOOP('',(#13971));
#13971 = ORIENTED_EDGE('',*,*,#10482,.T.);
#13972 = FACE_BOUND('',#13973,.T.);
#13973 = EDGE_LOOP('',(#13974));
#13974 = ORIENTED_EDGE('',*,*,#2080,.T.);
#13975 = ADVANCED_FACE('',(#13976),#811,.T.);
#13976 = FACE_BOUND('',#13977,.T.);
#13977 = EDGE_LOOP('',(#13978,#13979,#13980,#13981));
#13978 = ORIENTED_EDGE('',*,*,#12663,.F.);
#13979 = ORIENTED_EDGE('',*,*,#797,.F.);
#13980 = ORIENTED_EDGE('',*,*,#11344,.T.);
#13981 = ORIENTED_EDGE('',*,*,#3143,.F.);
#13982 = ADVANCED_FACE('',(#13983),#13872,.T.);
#13983 = FACE_BOUND('',#13984,.T.);
#13984 = EDGE_LOOP('',(#13985,#13986,#14009,#14031));
#13985 = ORIENTED_EDGE('',*,*,#13855,.T.);
#13986 = ORIENTED_EDGE('',*,*,#13987,.T.);
#13987 = EDGE_CURVE('',#13856,#13988,#13990,.T.);
#13988 = VERTEX_POINT('',#13989);
#13989 = CARTESIAN_POINT('',(19.075,74.9,28.));
#13990 = SEAM_CURVE('',#13991,(#13995,#14002),.PCURVE_S1.);
#13991 = LINE('',#13992,#13993);
#13992 = CARTESIAN_POINT('',(19.075,74.9,29.5));
#13993 = VECTOR('',#13994,1.);
#13994 = DIRECTION('',(0.,0.,1.));
#13995 = PCURVE('',#13872,#13996);
#13996 = DEFINITIONAL_REPRESENTATION('',(#13997),#14001);
#13997 = LINE('',#13998,#13999);
#13998 = CARTESIAN_POINT('',(-3.14159265359,0.));
#13999 = VECTOR('',#14000,1.);
#14000 = DIRECTION('',(0.,-1.));
#14001 = ( GEOMETRIC_REPRESENTATION_CONTEXT(2) 
PARAMETRIC_REPRESENTATION_CONTEXT() REPRESENTATION_CONTEXT('2D SPACE',''
  ) );
#14002 = PCURVE('',#13872,#14003);
#14003 = DEFINITIONAL_REPRESENTATION('',(#14004),#14008);
#14004 = LINE('',#14005,#14006);
#14005 = CARTESIAN_POINT('',(3.14159265359,0.));
#14006 = VECTOR('',#14007,1.);
#14007 = DIRECTION('',(0.,-1.));
#14008 = ( GEOMETRIC_REPRESENTATION_CONTEXT(2) 
PARAMETRIC_REPRESENTATION_CONTEXT() REPRESENTATION_CONTEXT('2D SPACE',''
  ) );
#14009 = ORIENTED_EDGE('',*,*,#14010,.F.);
#14010 = EDGE_CURVE('',#13988,#13988,#14011,.T.);
#14011 = SURFACE_CURVE('',#14012,(#14017,#14024),.PCURVE_S1.);
#14012 = CIRCLE('',#14013,4.);
#14013 = AXIS2_PLACEMENT_3D('',#14014,#14015,#14016);
#14014 = CARTESIAN_POINT('',(15.075,74.9,28.));
#14015 = DIRECTION('',(0.,0.,1.));
#14016 = DIRECTION('',(-1.,0.,0.));
#14017 = PCURVE('',#13872,#14018);
#14018 = DEFINITIONAL_REPRESENTATION('',(#14019),#14023);
#14019 = LINE('',#14020,#14021);
#14020 = CARTESIAN_POINT('',(6.28318530718,1.5));
#14021 = VECTOR('',#14022,1.);
#14022 = DIRECTION('',(-1.,0.));
#14023 = ( GEOMETRIC_REPRESENTATION_CONTEXT(2) 
PARAMETRIC_REPRESENTATION_CONTEXT() REPRESENTATION_CONTEXT('2D SPACE',''
  ) );
#14024 = PCURVE('',#8342,#14025);
#14025 = DEFINITIONAL_REPRESENTATION('',(#14026),#14030);
#14026 = LINE('',#14027,#14028);
#14027 = CARTESIAN_POINT('',(0.,3.14159265359));
#14028 = VECTOR('',#14029,1.);
#14029 = DIRECTION('',(1.,0.));
#14030 = ( GEOMETRIC_REPRESENTATION_CONTEXT(2) 
PARAMETRIC_REPRESENTATION_CONTEXT() REPRESENTATION_CONTEXT('2D SPACE',''
  ) );
#14031 = ORIENTED_EDGE('',*,*,#13987,.F.);
#14032 = ADVANCED_FACE('',(#14033,#14059),#13383,.F.);
#14033 = FACE_BOUND('',#14034,.T.);
#14034 = EDGE_LOOP('',(#14035));
#14035 = ORIENTED_EDGE('',*,*,#14036,.F.);
#14036 = EDGE_CURVE('',#14037,#14037,#14039,.T.);
#14037 = VERTEX_POINT('',#14038);
#14038 = CARTESIAN_POINT('',(19.075,24.9,25.65));
#14039 = SURFACE_CURVE('',#14040,(#14045,#14052),.PCURVE_S1.);
#14040 = CIRCLE('',#14041,4.);
#14041 = AXIS2_PLACEMENT_3D('',#14042,#14043,#14044);
#14042 = CARTESIAN_POINT('',(15.075,24.9,25.65));
#14043 = DIRECTION('',(0.,0.,1.));
#14044 = DIRECTION('',(-1.,0.,0.));
#14045 = PCURVE('',#13383,#14046);
#14046 = DEFINITIONAL_REPRESENTATION('',(#14047),#14051);
#14047 = CIRCLE('',#14048,4.);
#14048 = AXIS2_PLACEMENT_2D('',#14049,#14050);
#14049 = CARTESIAN_POINT('',(0.,0.));
#14050 = DIRECTION('',(1.,0.));
#14051 = ( GEOMETRIC_REPRESENTATION_CONTEXT(2) 
PARAMETRIC_REPRESENTATION_CONTEXT() REPRESENTATION_CONTEXT('2D SPACE',''
  ) );
#14052 = PCURVE('',#95,#14053);
#14053 = DEFINITIONAL_REPRESENTATION('',(#14054),#14058);
#14054 = LINE('',#14055,#14056);
#14055 = CARTESIAN_POINT('',(6.28318530718,3.85));
#14056 = VECTOR('',#14057,1.);
#14057 = DIRECTION('',(-1.,0.));
#14058 = ( GEOMETRIC_REPRESENTATION_CONTEXT(2) 
PARAMETRIC_REPRESENTATION_CONTEXT() REPRESENTATION_CONTEXT('2D SPACE',''
  ) );
#14059 = FACE_BOUND('',#14060,.T.);
#14060 = EDGE_LOOP('',(#14061));
#14061 = ORIENTED_EDGE('',*,*,#13368,.T.);
#14062 = ADVANCED_FACE('',(#14063),#6824,.F.);
#14063 = FACE_BOUND('',#14064,.F.);
#14064 = EDGE_LOOP('',(#14065,#14091,#14092,#14093));
#14065 = ORIENTED_EDGE('',*,*,#14066,.F.);
#14066 = EDGE_CURVE('',#12047,#11827,#14067,.T.);
#14067 = SURFACE_CURVE('',#14068,(#14073,#14080),.PCURVE_S1.);
#14068 = ELLIPSE('',#14069,1.250297536956,1.25);
#14069 = AXIS2_PLACEMENT_3D('',#14070,#14071,#14072);
#14070 = CARTESIAN_POINT('',(44.235810724583,98.660989133467,
    29.293629770069));
#14071 = DIRECTION('',(-0.99976202708,9.E-17,-2.181488503456E-02));
#14072 = DIRECTION('',(-2.181488503456E-02,-5.117E-14,0.99976202708));
#14073 = PCURVE('',#6824,#14074);
#14074 = DEFINITIONAL_REPRESENTATION('',(#14075),#14079);
#14075 = LINE('',#14076,#14077);
#14076 = CARTESIAN_POINT('',(-1.6E-15,-1.688E-14));
#14077 = VECTOR('',#14078,1.);
#14078 = DIRECTION('',(-3.31E-15,1.));
#14079 = ( GEOMETRIC_REPRESENTATION_CONTEXT(2) 
PARAMETRIC_REPRESENTATION_CONTEXT() REPRESENTATION_CONTEXT('2D SPACE',''
  ) );
#14080 = PCURVE('',#2800,#14081);
#14081 = DEFINITIONAL_REPRESENTATION('',(#14082),#14090);
#14082 = ( BOUNDED_CURVE() B_SPLINE_CURVE(2,(#14083,#14084,#14085,#14086
    ,#14087,#14088,#14089),.UNSPECIFIED.,.T.,.F.) 
B_SPLINE_CURVE_WITH_KNOTS((1,2,2,2,2,1),(-2.094395102393,0.,
    2.094395102393,4.188790204786,6.28318530718,8.377580409573),
.UNSPECIFIED.) CURVE() GEOMETRIC_REPRESENTATION_ITEM() 
RATIONAL_B_SPLINE_CURVE((1.,0.5,1.,0.5,1.,0.5,1.)) REPRESENTATION_ITEM(
  '') );
#14083 = CARTESIAN_POINT('',(-3.889010866533,30.550900056967));
#14084 = CARTESIAN_POINT('',(-1.723947357072,30.550900056967));
#14085 = CARTESIAN_POINT('',(-2.806479111803,28.675453751533));
#14086 = CARTESIAN_POINT('',(-3.889010866533,26.8000074461));
#14087 = CARTESIAN_POINT('',(-4.971542621264,28.675453751533));
#14088 = CARTESIAN_POINT('',(-6.054074375994,30.550900056967));
#14089 = CARTESIAN_POINT('',(-3.889010866533,30.550900056967));
#14090 = ( GEOMETRIC_REPRESENTATION_CONTEXT(2) 
PARAMETRIC_REPRESENTATION_CONTEXT() REPRESENTATION_CONTEXT('2D SPACE',''
  ) );
#14091 = ORIENTED_EDGE('',*,*,#12046,.T.);
#14092 = ORIENTED_EDGE('',*,*,#6808,.F.);
#14093 = ORIENTED_EDGE('',*,*,#11826,.T.);
#14094 = ADVANCED_FACE('',(#14095),#303,.F.);
#14095 = FACE_BOUND('',#14096,.F.);
#14096 = EDGE_LOOP('',(#14097,#14098,#14099,#14100,#14121,#14122,#14123,
    #14124));
#14097 = ORIENTED_EDGE('',*,*,#1902,.F.);
#14098 = ORIENTED_EDGE('',*,*,#406,.F.);
#14099 = ORIENTED_EDGE('',*,*,#10228,.F.);
#14100 = ORIENTED_EDGE('',*,*,#14101,.T.);
#14101 = EDGE_CURVE('',#10229,#11292,#14102,.T.);
#14102 = SURFACE_CURVE('',#14103,(#14107,#14114),.PCURVE_S1.);
#14103 = LINE('',#14104,#14105);
#14104 = CARTESIAN_POINT('',(63.65,98.29898837435,1.051E-14));
#14105 = VECTOR('',#14106,1.);
#14106 = DIRECTION('',(-1.,0.,0.));
#14107 = PCURVE('',#303,#14108);
#14108 = DEFINITIONAL_REPRESENTATION('',(#14109),#14113);
#14109 = LINE('',#14110,#14111);
#14110 = CARTESIAN_POINT('',(-153.525,9.273532989414E-02));
#14111 = VECTOR('',#14112,1.);
#14112 = DIRECTION('',(1.,0.));
#14113 = ( GEOMETRIC_REPRESENTATION_CONTEXT(2) 
PARAMETRIC_REPRESENTATION_CONTEXT() REPRESENTATION_CONTEXT('2D SPACE',''
  ) );
#14114 = PCURVE('',#11307,#14115);
#14115 = DEFINITIONAL_REPRESENTATION('',(#14116),#14120);
#14116 = LINE('',#14117,#14118);
#14117 = CARTESIAN_POINT('',(-63.65,99.67398837435));
#14118 = VECTOR('',#14119,1.);
#14119 = DIRECTION('',(1.,0.));
#14120 = ( GEOMETRIC_REPRESENTATION_CONTEXT(2) 
PARAMETRIC_REPRESENTATION_CONTEXT() REPRESENTATION_CONTEXT('2D SPACE',''
  ) );
#14121 = ORIENTED_EDGE('',*,*,#12438,.T.);
#14122 = ORIENTED_EDGE('',*,*,#287,.F.);
#14123 = ORIENTED_EDGE('',*,*,#7017,.F.);
#14124 = ORIENTED_EDGE('',*,*,#9142,.F.);
#14125 = ADVANCED_FACE('',(#14126),#1053,.F.);
#14126 = FACE_BOUND('',#14127,.T.);
#14127 = EDGE_LOOP('',(#14128,#14129,#14130,#14131,#14132,#14133,#14134,
    #14135));
#14128 = ORIENTED_EDGE('',*,*,#7630,.F.);
#14129 = ORIENTED_EDGE('',*,*,#13698,.T.);
#14130 = ORIENTED_EDGE('',*,*,#11952,.T.);
#14131 = ORIENTED_EDGE('',*,*,#11459,.T.);
#14132 = ORIENTED_EDGE('',*,*,#5645,.T.);
#14133 = ORIENTED_EDGE('',*,*,#2928,.F.);
#14134 = ORIENTED_EDGE('',*,*,#6047,.F.);
#14135 = ORIENTED_EDGE('',*,*,#1037,.F.);
#14136 = ADVANCED_FACE('',(#14137),#10816,.F.);
#14137 = FACE_BOUND('',#14138,.F.);
#14138 = EDGE_LOOP('',(#14139,#14160,#14161,#14162));
#14139 = ORIENTED_EDGE('',*,*,#14140,.T.);
#14140 = EDGE_CURVE('',#10800,#13817,#14141,.T.);
#14141 = SEAM_CURVE('',#14142,(#14146,#14153),.PCURVE_S1.);
#14142 = LINE('',#14143,#14144);
#14143 = CARTESIAN_POINT('',(17.425,-25.1,28.));
#14144 = VECTOR('',#14145,1.);
#14145 = DIRECTION('',(0.,0.,1.));
#14146 = PCURVE('',#10816,#14147);
#14147 = DEFINITIONAL_REPRESENTATION('',(#14148),#14152);
#14148 = LINE('',#14149,#14150);
#14149 = CARTESIAN_POINT('',(9.424777960769,0.));
#14150 = VECTOR('',#14151,1.);
#14151 = DIRECTION('',(0.,1.));
#14152 = ( GEOMETRIC_REPRESENTATION_CONTEXT(2) 
PARAMETRIC_REPRESENTATION_CONTEXT() REPRESENTATION_CONTEXT('2D SPACE',''
  ) );
#14153 = PCURVE('',#10816,#14154);
#14154 = DEFINITIONAL_REPRESENTATION('',(#14155),#14159);
#14155 = LINE('',#14156,#14157);
#14156 = CARTESIAN_POINT('',(3.14159265359,0.));
#14157 = VECTOR('',#14158,1.);
#14158 = DIRECTION('',(0.,1.));
#14159 = ( GEOMETRIC_REPRESENTATION_CONTEXT(2) 
PARAMETRIC_REPRESENTATION_CONTEXT() REPRESENTATION_CONTEXT('2D SPACE',''
  ) );
#14160 = ORIENTED_EDGE('',*,*,#13816,.F.);
#14161 = ORIENTED_EDGE('',*,*,#14140,.F.);
#14162 = ORIENTED_EDGE('',*,*,#10799,.T.);
#14163 = ADVANCED_FACE('',(#14164),#4287,.F.);
#14164 = FACE_BOUND('',#14165,.F.);
#14165 = EDGE_LOOP('',(#14166,#14167,#14168,#14169));
#14166 = ORIENTED_EDGE('',*,*,#13149,.T.);
#14167 = ORIENTED_EDGE('',*,*,#4264,.T.);
#14168 = ORIENTED_EDGE('',*,*,#6785,.T.);
#14169 = ORIENTED_EDGE('',*,*,#12069,.T.);
#14170 = ADVANCED_FACE('',(#14171),#6676,.T.);
#14171 = FACE_BOUND('',#14172,.T.);
#14172 = EDGE_LOOP('',(#14173,#14174,#14175,#14176));
#14173 = ORIENTED_EDGE('',*,*,#12389,.F.);
#14174 = ORIENTED_EDGE('',*,*,#6660,.F.);
#14175 = ORIENTED_EDGE('',*,*,#9984,.T.);
#14176 = ORIENTED_EDGE('',*,*,#13317,.F.);
#14177 = ADVANCED_FACE('',(#14178),#1165,.T.);
#14178 = FACE_BOUND('',#14179,.T.);
#14179 = EDGE_LOOP('',(#14180,#14181,#14182,#14183,#14184,#14185,#14186,
    #14187));
#14180 = ORIENTED_EDGE('',*,*,#10514,.T.);
#14181 = ORIENTED_EDGE('',*,*,#9205,.T.);
#14182 = ORIENTED_EDGE('',*,*,#13671,.T.);
#14183 = ORIENTED_EDGE('',*,*,#11413,.T.);
#14184 = ORIENTED_EDGE('',*,*,#10590,.F.);
#14185 = ORIENTED_EDGE('',*,*,#5812,.F.);
#14186 = ORIENTED_EDGE('',*,*,#9933,.F.);
#14187 = ORIENTED_EDGE('',*,*,#1149,.T.);
#14188 = ADVANCED_FACE('',(#14189),#2631,.F.);
#14189 = FACE_BOUND('',#14190,.F.);
#14190 = EDGE_LOOP('',(#14191,#14192,#14193,#14194));
#14191 = ORIENTED_EDGE('',*,*,#8144,.F.);
#14192 = ORIENTED_EDGE('',*,*,#2594,.F.);
#14193 = ORIENTED_EDGE('',*,*,#13071,.F.);
#14194 = ORIENTED_EDGE('',*,*,#11008,.F.);
#14195 = ADVANCED_FACE('',(#14196),#1697,.T.);
#14196 = FACE_BOUND('',#14197,.T.);
#14197 = EDGE_LOOP('',(#14198,#14199,#14200,#14201,#14202,#14203));
#14198 = ORIENTED_EDGE('',*,*,#8449,.T.);
#14199 = ORIENTED_EDGE('',*,*,#1709,.T.);
#14200 = ORIENTED_EDGE('',*,*,#1681,.T.);
#14201 = ORIENTED_EDGE('',*,*,#10831,.T.);
#14202 = ORIENTED_EDGE('',*,*,#6117,.F.);
#14203 = ORIENTED_EDGE('',*,*,#6094,.F.);
#14204 = ADVANCED_FACE('',(#14205),#3079,.T.);
#14205 = FACE_BOUND('',#14206,.T.);
#14206 = EDGE_LOOP('',(#14207,#14208,#14209,#14210));
#14207 = ORIENTED_EDGE('',*,*,#8280,.F.);
#14208 = ORIENTED_EDGE('',*,*,#4217,.F.);
#14209 = ORIENTED_EDGE('',*,*,#6297,.T.);
#14210 = ORIENTED_EDGE('',*,*,#3063,.T.);
#14211 = ADVANCED_FACE('',(#14212),#7085,.F.);
#14212 = FACE_BOUND('',#14213,.F.);
#14213 = EDGE_LOOP('',(#14214,#14215,#14236,#14237,#14238,#14239));
#14214 = ORIENTED_EDGE('',*,*,#13748,.T.);
#14215 = ORIENTED_EDGE('',*,*,#14216,.T.);
#14216 = EDGE_CURVE('',#11269,#11581,#14217,.T.);
#14217 = SURFACE_CURVE('',#14218,(#14222,#14229),.PCURVE_S1.);
#14218 = LINE('',#14219,#14220);
#14219 = CARTESIAN_POINT('',(-78.25,99.69898837435,1.051E-14));
#14220 = VECTOR('',#14221,1.);
#14221 = DIRECTION('',(1.,0.,0.));
#14222 = PCURVE('',#7085,#14223);
#14223 = DEFINITIONAL_REPRESENTATION('',(#14224),#14228);
#14224 = LINE('',#14225,#14226);
#14225 = CARTESIAN_POINT('',(0.,-156.5));
#14226 = VECTOR('',#14227,1.);
#14227 = DIRECTION('',(0.,1.));
#14228 = ( GEOMETRIC_REPRESENTATION_CONTEXT(2) 
PARAMETRIC_REPRESENTATION_CONTEXT() REPRESENTATION_CONTEXT('2D SPACE',''
  ) );
#14229 = PCURVE('',#11307,#14230);
#14230 = DEFINITIONAL_REPRESENTATION('',(#14231),#14235);
#14231 = LINE('',#14232,#14233);
#14232 = CARTESIAN_POINT('',(78.25,101.07398837435));
#14233 = VECTOR('',#14234,1.);
#14234 = DIRECTION('',(-1.,0.));
#14235 = ( GEOMETRIC_REPRESENTATION_CONTEXT(2) 
PARAMETRIC_REPRESENTATION_CONTEXT() REPRESENTATION_CONTEXT('2D SPACE',''
  ) );
#14236 = ORIENTED_EDGE('',*,*,#11578,.F.);
#14237 = ORIENTED_EDGE('',*,*,#11648,.F.);
#14238 = ORIENTED_EDGE('',*,*,#7069,.T.);
#14239 = ORIENTED_EDGE('',*,*,#13771,.T.);
#14240 = ADVANCED_FACE('',(#14241),#2800,.T.);
#14241 = FACE_BOUND('',#14242,.T.);
#14242 = EDGE_LOOP('',(#14243,#14244,#14245,#14246,#14247,#14248,#14269,
    #14270,#14271,#14272));
#14243 = ORIENTED_EDGE('',*,*,#11673,.F.);
#14244 = ORIENTED_EDGE('',*,*,#6558,.T.);
#14245 = ORIENTED_EDGE('',*,*,#2784,.T.);
#14246 = ORIENTED_EDGE('',*,*,#10301,.T.);
#14247 = ORIENTED_EDGE('',*,*,#11529,.T.);
#14248 = ORIENTED_EDGE('',*,*,#14249,.T.);
#14249 = EDGE_CURVE('',#11530,#11749,#14250,.T.);
#14250 = SURFACE_CURVE('',#14251,(#14255,#14262),.PCURVE_S1.);
#14251 = LINE('',#14252,#14253);
#14252 = CARTESIAN_POINT('',(44.875,99.04898837435,0.));
#14253 = VECTOR('',#14254,1.);
#14254 = DIRECTION('',(0.,1.,0.));
#14255 = PCURVE('',#2800,#14256);
#14256 = DEFINITIONAL_REPRESENTATION('',(#14257),#14261);
#14257 = LINE('',#14258,#14259);
#14258 = CARTESIAN_POINT('',(-3.50101162565,-1.374571415278E-17));
#14259 = VECTOR('',#14260,1.);
#14260 = DIRECTION('',(1.,1.96333965311E-18));
#14261 = ( GEOMETRIC_REPRESENTATION_CONTEXT(2) 
PARAMETRIC_REPRESENTATION_CONTEXT() REPRESENTATION_CONTEXT('2D SPACE',''
  ) );
#14262 = PCURVE('',#2501,#14263);
#14263 = DEFINITIONAL_REPRESENTATION('',(#14264),#14268);
#14264 = LINE('',#14265,#14266);
#14265 = CARTESIAN_POINT('',(-89.875,100.42398837435));
#14266 = VECTOR('',#14267,1.);
#14267 = DIRECTION('',(0.,1.));
#14268 = ( GEOMETRIC_REPRESENTATION_CONTEXT(2) 
PARAMETRIC_REPRESENTATION_CONTEXT() REPRESENTATION_CONTEXT('2D SPACE',''
  ) );
#14269 = ORIENTED_EDGE('',*,*,#11849,.F.);
#14270 = ORIENTED_EDGE('',*,*,#14066,.F.);
#14271 = ORIENTED_EDGE('',*,*,#12091,.F.);
#14272 = ORIENTED_EDGE('',*,*,#5516,.F.);
#14273 = ADVANCED_FACE('',(#14274),#11307,.T.);
#14274 = FACE_BOUND('',#14275,.T.);
#14275 = EDGE_LOOP('',(#14276,#14277,#14278,#14299));
#14276 = ORIENTED_EDGE('',*,*,#11291,.T.);
#14277 = ORIENTED_EDGE('',*,*,#14216,.T.);
#14278 = ORIENTED_EDGE('',*,*,#14279,.F.);
#14279 = EDGE_CURVE('',#10229,#11581,#14280,.T.);
#14280 = SURFACE_CURVE('',#14281,(#14285,#14292),.PCURVE_S1.);
#14281 = LINE('',#14282,#14283);
#14282 = CARTESIAN_POINT('',(9.,-60.6875,0.));
#14283 = VECTOR('',#14284,1.);
#14284 = DIRECTION('',(0.,1.,0.));
#14285 = PCURVE('',#11307,#14286);
#14286 = DEFINITIONAL_REPRESENTATION('',(#14287),#14291);
#14287 = LINE('',#14288,#14289);
#14288 = CARTESIAN_POINT('',(-9.,-59.3125));
#14289 = VECTOR('',#14290,1.);
#14290 = DIRECTION('',(0.,1.));
#14291 = ( GEOMETRIC_REPRESENTATION_CONTEXT(2) 
PARAMETRIC_REPRESENTATION_CONTEXT() REPRESENTATION_CONTEXT('2D SPACE',''
  ) );
#14292 = PCURVE('',#2501,#14293);
#14293 = DEFINITIONAL_REPRESENTATION('',(#14294),#14298);
#14294 = LINE('',#14295,#14296);
#14295 = CARTESIAN_POINT('',(-54.,-59.3125));
#14296 = VECTOR('',#14297,1.);
#14297 = DIRECTION('',(0.,1.));
#14298 = ( GEOMETRIC_REPRESENTATION_CONTEXT(2) 
PARAMETRIC_REPRESENTATION_CONTEXT() REPRESENTATION_CONTEXT('2D SPACE',''
  ) );
#14299 = ORIENTED_EDGE('',*,*,#14101,.T.);
#14300 = ADVANCED_FACE('',(#14301,#14304),#8801,.F.);
#14301 = FACE_BOUND('',#14302,.T.);
#14302 = EDGE_LOOP('',(#14303));
#14303 = ORIENTED_EDGE('',*,*,#8786,.F.);
#14304 = FACE_BOUND('',#14305,.T.);
#14305 = EDGE_LOOP('',(#14306));
#14306 = ORIENTED_EDGE('',*,*,#10947,.F.);
#14307 = ADVANCED_FACE('',(#14308,#14311),#1783,.F.);
#14308 = FACE_BOUND('',#14309,.T.);
#14309 = EDGE_LOOP('',(#14310));
#14310 = ORIENTED_EDGE('',*,*,#1761,.F.);
#14311 = FACE_BOUND('',#14312,.T.);
#14312 = EDGE_LOOP('',(#14313));
#14313 = ORIENTED_EDGE('',*,*,#4442,.T.);
#14314 = ADVANCED_FACE('',(#14315),#997,.F.);
#14315 = FACE_BOUND('',#14316,.T.);
#14316 = EDGE_LOOP('',(#14317,#14318,#14319,#14320,#14321));
#14317 = ORIENTED_EDGE('',*,*,#13720,.F.);
#14318 = ORIENTED_EDGE('',*,*,#7652,.T.);
#14319 = ORIENTED_EDGE('',*,*,#981,.T.);
#14320 = ORIENTED_EDGE('',*,*,#12776,.F.);
#14321 = ORIENTED_EDGE('',*,*,#12237,.F.);
#14322 = ADVANCED_FACE('',(#14323),#9029,.T.);
#14323 = FACE_BOUND('',#14324,.T.);
#14324 = EDGE_LOOP('',(#14325,#14326,#14327,#14328));
#14325 = ORIENTED_EDGE('',*,*,#11976,.F.);
#14326 = ORIENTED_EDGE('',*,*,#13900,.T.);
#14327 = ORIENTED_EDGE('',*,*,#9093,.T.);
#14328 = ORIENTED_EDGE('',*,*,#9013,.T.);
#14329 = ADVANCED_FACE('',(#14330),#3865,.T.);
#14330 = FACE_BOUND('',#14331,.T.);
#14331 = EDGE_LOOP('',(#14332,#14333,#14334,#14355));
#14332 = ORIENTED_EDGE('',*,*,#7942,.F.);
#14333 = ORIENTED_EDGE('',*,*,#3851,.F.);
#14334 = ORIENTED_EDGE('',*,*,#14335,.F.);
#14335 = EDGE_CURVE('',#13624,#3829,#14336,.T.);
#14336 = SURFACE_CURVE('',#14337,(#14341,#14348),.PCURVE_S1.);
#14337 = LINE('',#14338,#14339);
#14338 = CARTESIAN_POINT('',(20.4,98.29898837435,1.051E-14));
#14339 = VECTOR('',#14340,1.);
#14340 = DIRECTION('',(0.,-1.,0.));
#14341 = PCURVE('',#3865,#14342);
#14342 = DEFINITIONAL_REPRESENTATION('',(#14343),#14347);
#14343 = LINE('',#14344,#14345);
#14344 = CARTESIAN_POINT('',(-14.75,0.));
#14345 = VECTOR('',#14346,1.);
#14346 = DIRECTION('',(0.,1.));
#14347 = ( GEOMETRIC_REPRESENTATION_CONTEXT(2) 
PARAMETRIC_REPRESENTATION_CONTEXT() REPRESENTATION_CONTEXT('2D SPACE',''
  ) );
#14348 = PCURVE('',#2501,#14349);
#14349 = DEFINITIONAL_REPRESENTATION('',(#14350),#14354);
#14350 = LINE('',#14351,#14352);
#14351 = CARTESIAN_POINT('',(-65.4,99.67398837435));
#14352 = VECTOR('',#14353,1.);
#14353 = DIRECTION('',(0.,-1.));
#14354 = ( GEOMETRIC_REPRESENTATION_CONTEXT(2) 
PARAMETRIC_REPRESENTATION_CONTEXT() REPRESENTATION_CONTEXT('2D SPACE',''
  ) );
#14355 = ORIENTED_EDGE('',*,*,#13623,.F.);
#14356 = ADVANCED_FACE('',(#14357),#95,.T.);
#14357 = FACE_BOUND('',#14358,.T.);
#14358 = EDGE_LOOP('',(#14359,#14360,#14381,#14382));
#14359 = ORIENTED_EDGE('',*,*,#14036,.T.);
#14360 = ORIENTED_EDGE('',*,*,#14361,.T.);
#14361 = EDGE_CURVE('',#14037,#22,#14362,.T.);
#14362 = SEAM_CURVE('',#14363,(#14367,#14374),.PCURVE_S1.);
#14363 = LINE('',#14364,#14365);
#14364 = CARTESIAN_POINT('',(19.075,24.9,29.5));
#14365 = VECTOR('',#14366,1.);
#14366 = DIRECTION('',(0.,0.,1.));
#14367 = PCURVE('',#95,#14368);
#14368 = DEFINITIONAL_REPRESENTATION('',(#14369),#14373);
#14369 = LINE('',#14370,#14371);
#14370 = CARTESIAN_POINT('',(-3.14159265359,0.));
#14371 = VECTOR('',#14372,1.);
#14372 = DIRECTION('',(0.,-1.));
#14373 = ( GEOMETRIC_REPRESENTATION_CONTEXT(2) 
PARAMETRIC_REPRESENTATION_CONTEXT() REPRESENTATION_CONTEXT('2D SPACE',''
  ) );
#14374 = PCURVE('',#95,#14375);
#14375 = DEFINITIONAL_REPRESENTATION('',(#14376),#14380);
#14376 = LINE('',#14377,#14378);
#14377 = CARTESIAN_POINT('',(3.14159265359,0.));
#14378 = VECTOR('',#14379,1.);
#14379 = DIRECTION('',(0.,-1.));
#14380 = ( GEOMETRIC_REPRESENTATION_CONTEXT(2) 
PARAMETRIC_REPRESENTATION_CONTEXT() REPRESENTATION_CONTEXT('2D SPACE',''
  ) );
#14381 = ORIENTED_EDGE('',*,*,#80,.F.);
#14382 = ORIENTED_EDGE('',*,*,#14361,.F.);
#14383 = ADVANCED_FACE('',(#14384),#2501,.T.);
#14384 = FACE_BOUND('',#14385,.T.);
#14385 = EDGE_LOOP('',(#14386,#14387,#14388,#14389,#14390,#14391,#14392,
    #14393,#14394,#14395,#14396,#14397,#14398,#14399,#14400,#14421,
    #14422,#14423,#14424,#14425,#14426,#14427,#14428,#14429,#14430,
    #14431,#14432,#14433,#14434,#14435));
#14386 = ORIENTED_EDGE('',*,*,#2485,.T.);
#14387 = ORIENTED_EDGE('',*,*,#11876,.F.);
#14388 = ORIENTED_EDGE('',*,*,#11748,.F.);
#14389 = ORIENTED_EDGE('',*,*,#14249,.F.);
#14390 = ORIENTED_EDGE('',*,*,#11554,.T.);
#14391 = ORIENTED_EDGE('',*,*,#3695,.T.);
#14392 = ORIENTED_EDGE('',*,*,#10639,.T.);
#14393 = ORIENTED_EDGE('',*,*,#13249,.T.);
#14394 = ORIENTED_EDGE('',*,*,#13934,.T.);
#14395 = ORIENTED_EDGE('',*,*,#5007,.F.);
#14396 = ORIENTED_EDGE('',*,*,#4713,.F.);
#14397 = ORIENTED_EDGE('',*,*,#13025,.F.);
#14398 = ORIENTED_EDGE('',*,*,#11099,.F.);
#14399 = ORIENTED_EDGE('',*,*,#12945,.T.);
#14400 = ORIENTED_EDGE('',*,*,#14401,.T.);
#14401 = EDGE_CURVE('',#12923,#12167,#14402,.T.);
#14402 = SURFACE_CURVE('',#14403,(#14407,#14414),.PCURVE_S1.);
#14403 = LINE('',#14404,#14405);
#14404 = CARTESIAN_POINT('',(28.,98.29898837435,1.051E-14));
#14405 = VECTOR('',#14406,1.);
#14406 = DIRECTION('',(0.,-1.,0.));
#14407 = PCURVE('',#2501,#14408);
#14408 = DEFINITIONAL_REPRESENTATION('',(#14409),#14413);
#14409 = LINE('',#14410,#14411);
#14410 = CARTESIAN_POINT('',(-73.,99.67398837435));
#14411 = VECTOR('',#14412,1.);
#14412 = DIRECTION('',(0.,-1.));
#14413 = ( GEOMETRIC_REPRESENTATION_CONTEXT(2) 
PARAMETRIC_REPRESENTATION_CONTEXT() REPRESENTATION_CONTEXT('2D SPACE',''
  ) );
#14414 = PCURVE('',#8104,#14415);
#14415 = DEFINITIONAL_REPRESENTATION('',(#14416),#14420);
#14416 = LINE('',#14417,#14418);
#14417 = CARTESIAN_POINT('',(-14.75,0.));
#14418 = VECTOR('',#14419,1.);
#14419 = DIRECTION('',(0.,1.));
#14420 = ( GEOMETRIC_REPRESENTATION_CONTEXT(2) 
PARAMETRIC_REPRESENTATION_CONTEXT() REPRESENTATION_CONTEXT('2D SPACE',''
  ) );
#14421 = ORIENTED_EDGE('',*,*,#12166,.T.);
#14422 = ORIENTED_EDGE('',*,*,#12973,.T.);
#14423 = ORIENTED_EDGE('',*,*,#9612,.T.);
#14424 = ORIENTED_EDGE('',*,*,#6939,.T.);
#14425 = ORIENTED_EDGE('',*,*,#9405,.T.);
#14426 = ORIENTED_EDGE('',*,*,#5145,.T.);
#14427 = ORIENTED_EDGE('',*,*,#13646,.T.);
#14428 = ORIENTED_EDGE('',*,*,#14335,.T.);
#14429 = ORIENTED_EDGE('',*,*,#3828,.T.);
#14430 = ORIENTED_EDGE('',*,*,#7195,.T.);
#14431 = ORIENTED_EDGE('',*,*,#10253,.T.);
#14432 = ORIENTED_EDGE('',*,*,#14279,.T.);
#14433 = ORIENTED_EDGE('',*,*,#11603,.T.);
#14434 = ORIENTED_EDGE('',*,*,#12869,.T.);
#14435 = ORIENTED_EDGE('',*,*,#13454,.T.);
#14436 = ADVANCED_FACE('',(#14437),#8342,.F.);
#14437 = FACE_BOUND('',#14438,.F.);
#14438 = EDGE_LOOP('',(#14439,#14461,#14462,#14463));
#14439 = ORIENTED_EDGE('',*,*,#14440,.T.);
#14440 = EDGE_CURVE('',#13988,#8326,#14441,.T.);
#14441 = SEAM_CURVE('',#14442,(#14447,#14454),.PCURVE_S1.);
#14442 = CIRCLE('',#14443,1.5);
#14443 = AXIS2_PLACEMENT_3D('',#14444,#14445,#14446);
#14444 = CARTESIAN_POINT('',(20.575,74.9,28.));
#14445 = DIRECTION('',(0.,1.,3.5E-16));
#14446 = DIRECTION('',(1.,5.9955E-30,-1.713E-14));
#14447 = PCURVE('',#8342,#14448);
#14448 = DEFINITIONAL_REPRESENTATION('',(#14449),#14453);
#14449 = LINE('',#14450,#14451);
#14450 = CARTESIAN_POINT('',(3.14159265359,6.28318530718));
#14451 = VECTOR('',#14452,1.);
#14452 = DIRECTION('',(0.,-1.));
#14453 = ( GEOMETRIC_REPRESENTATION_CONTEXT(2) 
PARAMETRIC_REPRESENTATION_CONTEXT() REPRESENTATION_CONTEXT('2D SPACE',''
  ) );
#14454 = PCURVE('',#8342,#14455);
#14455 = DEFINITIONAL_REPRESENTATION('',(#14456),#14460);
#14456 = LINE('',#14457,#14458);
#14457 = CARTESIAN_POINT('',(9.424777960769,6.28318530718));
#14458 = VECTOR('',#14459,1.);
#14459 = DIRECTION('',(0.,-1.));
#14460 = ( GEOMETRIC_REPRESENTATION_CONTEXT(2) 
PARAMETRIC_REPRESENTATION_CONTEXT() REPRESENTATION_CONTEXT('2D SPACE',''
  ) );
#14461 = ORIENTED_EDGE('',*,*,#8325,.F.);
#14462 = ORIENTED_EDGE('',*,*,#14440,.F.);
#14463 = ORIENTED_EDGE('',*,*,#14010,.F.);
#14464 = ADVANCED_FACE('',(#14465),#2335,.T.);
#14465 = FACE_BOUND('',#14466,.T.);
#14466 = EDGE_LOOP('',(#14467,#14468,#14469,#14470));
#14467 = ORIENTED_EDGE('',*,*,#7097,.F.);
#14468 = ORIENTED_EDGE('',*,*,#13792,.T.);
#14469 = ORIENTED_EDGE('',*,*,#2312,.T.);
#14470 = ORIENTED_EDGE('',*,*,#13000,.T.);
#14471 = ADVANCED_FACE('',(#14472),#8104,.T.);
#14472 = FACE_BOUND('',#14473,.T.);
#14473 = EDGE_LOOP('',(#14474,#14475,#14476,#14477));
#14474 = ORIENTED_EDGE('',*,*,#8088,.F.);
#14475 = ORIENTED_EDGE('',*,*,#12189,.F.);
#14476 = ORIENTED_EDGE('',*,*,#14401,.F.);
#14477 = ORIENTED_EDGE('',*,*,#12922,.F.);
#14478 = ADVANCED_FACE('',(#14479),#2067,.F.);
#14479 = FACE_BOUND('',#14480,.T.);
#14480 = EDGE_LOOP('',(#14481));
#14481 = ORIENTED_EDGE('',*,*,#2052,.F.);
#14482 = ADVANCED_FACE('',(#14483),#3398,.T.);
#14483 = FACE_BOUND('',#14484,.T.);
#14484 = EDGE_LOOP('',(#14485,#14486,#14487,#14488));
#14485 = ORIENTED_EDGE('',*,*,#12637,.F.);
#14486 = ORIENTED_EDGE('',*,*,#3375,.F.);
#14487 = ORIENTED_EDGE('',*,*,#11390,.T.);
#14488 = ORIENTED_EDGE('',*,*,#3903,.T.);
#14489 = ( GEOMETRIC_REPRESENTATION_CONTEXT(3) 
GLOBAL_UNCERTAINTY_ASSIGNED_CONTEXT((#14493)) 
GLOBAL_UNIT_ASSIGNED_CONTEXT((#14490,#14491,#14492)) 
REPRESENTATION_CONTEXT('Context #1',
  '3D Context with UNIT and UNCERTAINTY') );
#14490 = ( LENGTH_UNIT() NAMED_UNIT(*) SI_UNIT(.MILLI.,.METRE.) );
#14491 = ( NAMED_UNIT(*) PLANE_ANGLE_UNIT() SI_UNIT($,.RADIAN.) );
#14492 = ( NAMED_UNIT(*) SI_UNIT($,.STERADIAN.) SOLID_ANGLE_UNIT() );
#14493 = UNCERTAINTY_MEASURE_WITH_UNIT(LENGTH_MEASURE(2.E-04),#14490,
  'distance_accuracy_value','confusion accuracy');
#14494 = PRODUCT_RELATED_PRODUCT_CATEGORY('part',$,(#7));
#14495 = MECHANICAL_DESIGN_GEOMETRIC_PRESENTATION_REPRESENTATION('',(
    #14496),#14489);
#14496 = STYLED_ITEM('color',(#14497),#15);
#14497 = PRESENTATION_STYLE_ASSIGNMENT((#14498,#14504));
#14498 = SURFACE_STYLE_USAGE(.BOTH.,#14499);
#14499 = SURFACE_SIDE_STYLE('',(#14500));
#14500 = SURFACE_STYLE_FILL_AREA(#14501);
#14501 = FILL_AREA_STYLE('',(#14502));
#14502 = FILL_AREA_STYLE_COLOUR('',#14503);
#14503 = COLOUR_RGB('',0.800000010877,0.800000010877,0.800000010877);
#14504 = CURVE_STYLE('',#14505,POSITIVE_LENGTH_MEASURE(0.1),#14506);
#14505 = DRAUGHTING_PRE_DEFINED_CURVE_FONT('continuous');
#14506 = COLOUR_RGB('',9.803921802644E-02,9.803921802644E-02,
  9.803921802644E-02);
ENDSEC;
END-ISO-10303-21;
